来源,内容
 Introduction to Computer Science Ch1 Key Terms ,"adversarial attack - sample input (e.g., an image) that is designed to cause a system to behave problematically"
 Introduction to Computer Science Ch1 Key Terms ,"algorithm - sequence of precise instructions"
 Introduction to Computer Science Ch1 Key Terms ,"artificial intelligence (AI) - development of computer functions to perform tasks, such as visual perception and decision-making processes, that usually are performed by human intelligence"
 Introduction to Computer Science Ch1 Key Terms ,"big data - very large datasets that aren't easily processed using spreadsheets"
 Introduction to Computer Science Ch1 Key Terms ,"computational science - application of computing concepts and technologies to advance scientific research and practical applications of science knowledge"
 Introduction to Computer Science Ch1 Key Terms ,"computer program - algorithms that can be run on a computer"
 Introduction to Computer Science Ch1 Key Terms ,"computer science (CS) - study of the phenomena surrounding computers"
 Introduction to Computer Science Ch1 Key Terms ,"computing - all phenomena related to computers"
 Introduction to Computer Science Ch1 Key Terms ,"data science - interdisciplinary field that applies computing toward managing data and extracting information from data"
 Introduction to Computer Science Ch1 Key Terms ,"hardware - physical, real-world materials that enable computation"
 Introduction to Computer Science Ch1 Key Terms ,"human-computer interaction (HCI) - subfield of computer science that emphasizes the social aspects of computation"
 Introduction to Computer Science Ch1 Key Terms ,"image recognition - problem of identifying objects in an image"
 Introduction to Computer Science Ch1 Key Terms ,"information science - interdisciplinary field studying information technologies and systems as they relate to people, organizations, and societies"
 Introduction to Computer Science Ch1 Key Terms ,"memory - means of addressing information in a computer by storing it in consistent locations"
 Introduction to Computer Science Ch1 Key Terms ,"network - various technological devices that are connected and share information"
 Introduction to Computer Science Ch1 Key Terms ,"neural network - AI algorithm architecture that emphasizes connections between artificial"neurons"whose behavior and values change in response to stimulus or input"
 Introduction to Computer Science Ch1 Key Terms ,"processor - computer's"brain,"that follows instructions from algorithms and processes data"
 Introduction to Computer Science Ch1 Key Terms ,"programming language - language consisting of symbols and instructions that can be interpreted by a computer"
 Introduction to Computer Science Ch1 Key Terms ,"social determination of technology - belief that technologies are inherently neutral, and that it is the people who use a technology who ultimately make it"good"or"bad""
 Introduction to Computer Science Ch1 Key Terms ,"software - algorithmic principles that determine how results are computed"
 Introduction to Computer Science Ch1 Key Terms ,"software engineering - subfield of computer science that emphasizes how problems can be solved with computers as well as the practices and processes that can help people design more effective software solutions"
 Introduction to Computer Science Ch1 Key Terms ,"spreadsheet - data-centric programming environment where data is organized into cells in a table"
 Introduction to Computer Science Ch1 Key Terms ,"storage - hardware and physical components of a computer that permanently house a computer's data"
 Introduction to Computer Science Ch1 Key Terms ,"technological fix - idea that technologies can solve social problems, but now often used to critique blind faith in technological solutions to human problems"
 Introduction to Computer Science Ch1 Key Terms ,"theoretical computer science - mathematical processes behind software"
 Introduction to Computer Science Ch1 Key Terms ,"Turing-complete - fundamental model for computing results and every computer has the ability to run any algorithm"
 Introduction to Computer Science Ch1 Key Terms ,"vacuum tube - physical device that works like a light bulb used as memory in early digital computers"
 Introduction to Computer Science Ch1 Conceptual Questions ,"Give two definitions of computer science. How do they compare?"
 Introduction to Computer Science Ch1 Conceptual Questions ,"Explain the concept of theoretical computer science."
 Introduction to Computer Science Ch1 Conceptual Questions ,"What is body-syntonic reasoning and how has it affected education?"
 Introduction to Computer Science Ch1 Conceptual Questions ,"In terms of data science, what is a spreadsheet and why can it be said that by using spreadsheets, people are programming without realizing it?"
 Introduction to Computer Science Ch1 Conceptual Questions ,"How do discovery and invention differ and how are these involved in computer science?"
 Introduction to Computer Science Ch1 Conceptual Questions ,"Describe in your own words the difference between data (as in data science) and information (as in information science). How does computer science shape both fields?"
 Introduction to Computer Science Ch1 Conceptual Questions ,"Give a real-life example that refutes social determination of technology. Your example does not need to involve computing, but it should involve some technology designed by humans."
 Introduction to Computer Science Ch1 Conceptual Questions ,"Artificial intelligence approaches are typically used to solve problems that requires specific kinds of"intelligence."Describe a real-life computational problem or application that does not need artificial intelligence."
 Introduction to Computer Science Ch1 Conceptual Questions ,"Image recognition systems that can detect objects in images enable self-driving cars and many large-scale manufacturing or agricultural operations. Give another example where image recognition could be used as part of a larger system to automate decisions at scale."
 Introduction to Computer Science Ch1 Problem Set A ,"Research examples of how modeling and simulations have led to new inventions and discoveries."
 Introduction to Computer Science Ch1 Problem Set A ,"Research and provide a summary of the difference between artificial intelligence and machine learning."
 Introduction to Computer Science Ch1 Problem Set B ,"Research how artificial intelligence and machine learning can improve the accuracy of computational models and lead to cutting-edge technology inventions in the future. Provide a specific example of how AI and ML have been used in this way so far."
 Introduction to Computer Science Ch1 Problem Set B ,"Research and provide a summary of how machine learning is a subset of artificial intelligence and plays a key role in artificial intelligence systems."
 Introduction to Computer Science Ch1 Practice Exercises ,"Research where the term debugging originated from and why it refers to finding problems in our programs today."
 Introduction to Computer Science Ch1 Practice Exercises ,"Research some examples of computational models and how they are a part of everyday life."
 Introduction to Computer Science Ch1 Practice Exercises ,"Research how computational models relate to mathematics."
 Introduction to Computer Science Ch1 Practice Exercises ,"Research some examples of how artificial intelligence is used across multiple industries. Summarize at least two different industries and how AI is currently being used."
 Introduction to Computer Science Ch1 Practice Exercises ,"Research ethical issues related to artificial intelligence and provide an example of how artificial intelligence can be misused for unethical and even criminal ways."
 Introduction to Computer Science Ch2 Key Terms ,"abstraction - simplified representation of complex systems or phenomena"
 Introduction to Computer Science Ch2 Key Terms ,"application architecture - subset of the enterprise solution architecture; includes a process to architect and design the application architecture as well as the actual application architecture model, which represents the content of the application architecture"
 Introduction to Computer Science Ch2 Key Terms ,"architectural pattern - reusable solution to a recurring problem in software architecture design"
 Introduction to Computer Science Ch2 Key Terms ,"architecture model - represents the content of the application architecture"
 Introduction to Computer Science Ch2 Key Terms ,"architecture scope - extent and boundaries within which architectural considerations, decisions, and solutions apply"
 Introduction to Computer Science Ch2 Key Terms ,"automation - using a program or computer application to perform repetitive tasks or calculations"
 Introduction to Computer Science Ch2 Key Terms ,"big data analytics - process of examining, processing, and extracting valuable insights from large datasets"
 Introduction to Computer Science Ch2 Key Terms ,"blockchain - secure and transparent way of recording transactions; uses a chain of blocks, each storing a list of transactions"
 Introduction to Computer Science Ch2 Key Terms ,"blueprint - detailed plan or design that outlines the structure, components, and specifications of a building, product, system, or process"
 Introduction to Computer Science Ch2 Key Terms ,"business logic layer - holds the business logic for the business solution or application"
 Introduction to Computer Science Ch2 Key Terms ,"business model - framework that outlines how a business creates, delivers, and captures value"
 Introduction to Computer Science Ch2 Key Terms ,"business process hierarchy - organizes a company's activities from broad, general processes down to specific tasks, making it easier to manage and improve how the business operates"
 Introduction to Computer Science Ch2 Key Terms ,"computational thinking - problem-solving and cognitive process rooted in principles derived from computer science that involves breaking down complex problems into smaller, more manageable parts and devising systematic approaches to solve them"
 Introduction to Computer Science Ch2 Key Terms ,"data architecture model - conceptual framework that outlines how an organization structures, organizes, and manages its data assets"
 Introduction to Computer Science Ch2 Key Terms ,"data management layer - responsible for interacting with persistent storage systems like databases and various data processing mechanisms"
 Introduction to Computer Science Ch2 Key Terms ,"data modeling - collaborative process wherein IT and business stakeholders establish a shared understanding of essential business terms, known as entities, which typically end up being represented as tables that contain data in a relational database management system"
 Introduction to Computer Science Ch2 Key Terms ,"debugging - finding and fixing of issues in code"
 Introduction to Computer Science Ch2 Key Terms ,"decomposition - solving of a complex problem by breaking it up into smaller, more manageable tasks"
 Introduction to Computer Science Ch2 Key Terms ,"design component - reusable element within a larger system that serves a specific purpose"
 Introduction to Computer Science Ch2 Key Terms ,"EA domain - represents business, data, application, and technology architectures"
 Introduction to Computer Science Ch2 Key Terms ,"elementary business process (EBP) - fundamental and indivisible activity within a business that is not further subdivided into smaller processes"
 Introduction to Computer Science Ch2 Key Terms ,"entity model - represents the various objects or concepts and their relationships within a system"
 Introduction to Computer Science Ch2 Key Terms ,"Ethereum platform - open-source blockchain platform that enables the creation and execution of smart contracts and decentralized applications"
 Introduction to Computer Science Ch2 Key Terms ,"flowchart - method for showing the flow and direction of decisions in a visual way using a diagram"
 Introduction to Computer Science Ch2 Key Terms ,"function - set of commands that can be repeatedly executed"
 Introduction to Computer Science Ch2 Key Terms ,"heuristic - form of a pattern that is well-known and considered a rule of thumb"
 Introduction to Computer Science Ch2 Key Terms ,"hybrid cloud application - combines the benefits of both private and public clouds, allowing organizations to optimize their infrastructure based on specific requirements"
 Introduction to Computer Science Ch2 Key Terms ,"Internet of Things (IoT) - network of physical devices embedded with sensors, software, and connectivity, enabling them to collect and exchange data"
 Introduction to Computer Science Ch2 Key Terms ,"machine learning - developing algorithms that enable computers to learn from data and make decisions without programming"
 Introduction to Computer Science Ch2 Key Terms ,"microservices - way of building software by breaking it into small, independent pieces; each piece, or service, does a specific job and works on its own"
 Introduction to Computer Science Ch2 Key Terms ,"Microsoft Azure - comprehensive cloud computing platform provided by Microsoft"
 Introduction to Computer Science Ch2 Key Terms ,"migrating legacy business solutions - upgrading or replacing old systems with newer, more efficient ones"
 Introduction to Computer Science Ch2 Key Terms ,"Model-View-Controller (MVC) - software architectural pattern commonly used in the design of interactive applications, providing a systematic way to organize and structure code"
 Introduction to Computer Science Ch2 Key Terms ,"monolithic structure - system or application architecture where all the components are tightly integrated into a single unit"
 Introduction to Computer Science Ch2 Key Terms ,"presentation layer - user's touchpoint, handling the user interface (UI) and delivering the user experience (UX), which encapsulates the"
 Introduction to Computer Science Ch2 Conceptual Questions ,"Suppose you plan to meet with your friends at a location you are unfamiliar with. In what ways could you employ computational thinking to efficiently navigate and locate the meeting spot?"
 Introduction to Computer Science Ch2 Conceptual Questions ,"Explain how the pyramid of knowledge concept helps describe the learning progress you make when reading a textbook."
 Introduction to Computer Science Ch2 Conceptual Questions ,"What are specific examples of business architecture similarities between two banks?"
 Introduction to Computer Science Ch2 Conceptual Questions ,"What are specific examples of technology architecture similarities between two banks?"
 Introduction to Computer Science Ch2 Problem Set A ,"Create an algorithm to explain to a robot how to cross a street. Use computational thinking to break down the problem into smaller parts."
 Introduction to Computer Science Ch2 Problem Set A ,"Create an algorithm to explain how to bake a four-tiered wedding cake."
 Introduction to Computer Science Ch2 Problem Set A ,"Reflect on what happens when you try to figure out driving directions from point A to point B."
 Introduction to Computer Science Ch2 Problem Set A ,"Create an enterprise architecture business model for an insurance company that specializes in insuring home and car owners."
 Introduction to Computer Science Ch2 Problem Set A ,"Create two alternative enterprise technology architecture models for the insurance company business model created in the previous question."
 Introduction to Computer Science Ch2 Problem Set A ,"Draw an application architecture diagram for the Web 2.0 responsive website of a fictitious insurance company that focuses on home and car insurance and assume that the company also provides native apps to its customers in addition to the website."
 Introduction to Computer Science Ch2 Problem Set B ,"Create an algorithm to explain to a robot how to play a game of rock paper scissors. Use computational thinking to break down the problem into smaller parts."
 Introduction to Computer Science Ch2 Problem Set B ,"Create an algorithm to show a robot how to play a game of tic-tac-toe. Use computational thinking to break down the problem into smaller parts."
 Introduction to Computer Science Ch2 Problem Set B ,"Perform some research on the Internet to piece together enterprise architectures for as many industries as you can think of."
 Introduction to Computer Science Ch2 Problem Set B ,"Draw a cloud-native application architecture diagram for the trading business and technical model documented in the previous section of this chapter."
 Introduction to Computer Science Ch2 Problem Set B ,"A company wants to develop a business solution that takes pictures of the license plates of cars that drive too fast through intersections in a given city, sends tickets to the drivers, and manages ticket payments. Draw an innovative cloud mashup application architecture diagram for such a solution."
 Introduction to Computer Science Ch2 Problem Set B ,"Document the architecture of a pattern catalog that could be used to provide access to solution architecture diagrams that would help accelerate the creation of mainstream business solutions."
 Introduction to Computer Science Ch2 Practice Exercises ,"Think of a complex problem—one that can be broken into many layers of smaller problems. Explain how computational thinking could help you develop a solution to your complex problem."
 Introduction to Computer Science Ch2 Practice Exercises ,"Look at the following pseudocode that describes an algorithm to make a peanut butter and jelly sandwich: ..."
 Introduction to Computer Science Ch2 Practice Exercises ,"Research what the Fibonacci number sequence is. Write the pseudocode to compute the nth number in the Fibonacci number sequence. Utilize recursion to model a pattern of computation."
 Introduction to Computer Science Ch2 Practice Exercises ,"Create a model that describes the business of running your daily life."
 Introduction to Computer Science Ch2 Practice Exercises ,"Draw an application architecture diagram for a business solution that uses smart contracts for payment and transactions logging purposes. Feel free to leverage some of the figures from this chapter, rather than create something new."
 Introduction to Computer Science Ch3 Key Terms ,"abstract data type (ADT) - consists of all data structures that share common functionality"
 Introduction to Computer Science Ch3 Key Terms ,"abstraction - process of simplifying a concept in order to represent it in a computer"
 Introduction to Computer Science Ch3 Key Terms ,"adjacent - in a graph abstract data type, the relationship between two vertices connected by an edge"
 Introduction to Computer Science Ch3 Key Terms ,"algorithm analysis - study of the results produced by the outputs as well as how the algorithm produces those outputs"
 Introduction to Computer Science Ch3 Key Terms ,"algorithm design pattern - solution to well-known computing problems"
 Introduction to Computer Science Ch3 Key Terms ,"algorithmic paradigm - common concept and ideas behind algorithm design patterns"
 Introduction to Computer Science Ch3 Key Terms ,"algorithmic problem solving - refers to a particular set of approaches and methods for designing algorithms that draws on computing's historical connections to the study of mathematical problem solving"
 Introduction to Computer Science Ch3 Key Terms ,"array list - data structure that stores elements next to each other in memory"
 Introduction to Computer Science Ch3 Key Terms ,"asymptotic analysis - evaluates the time that an algorithm takes to produce a result as the size of the input increases"
 Introduction to Computer Science Ch3 Key Terms ,"asymptotic notation - mathematical notation that formally defines the order of growth"
 Introduction to Computer Science Ch3 Key Terms ,"AVL tree - balanced binary search tree data structure often used to implement sets or maps that organizes elements according to the AVL tree property"
 Introduction to Computer Science Ch3 Key Terms ,"AVL tree property - requires the left and right subtrees to be balanced at every node in the tree"
 Introduction to Computer Science Ch3 Key Terms ,"balanced binary search tree - introduces additional properties that ensure that the tree will never enter a worst-case situation by reorganizing elements to maintain balance"
 Introduction to Computer Science Ch3 Key Terms ,"Big O notation - most common type of asymptotic notation in computer science used to measure worst case complexity"
 Introduction to Computer Science Ch3 Key Terms ,"binary heap - binary tree data structure used to implement priority queues that organizes elements according to the heap property"
 Introduction to Computer Science Ch3 Key Terms ,"binary logarithm - tells how many times a large number needs to be divided by 2 until it reaches 1"
 Introduction to Computer Science Ch3 Key Terms ,"binary search algorithm - recursively narrows down the possible locations for the target in the sorted list"
 Introduction to Computer Science Ch3 Key Terms ,"binary search tree - tree data structure often used to implement sets and maps that organizes elements according to the binary tree property and the search tree property"
 Introduction to Computer Science Ch3 Key Terms ,"binary tree property - requires that each node can have either zero, one, or two children"
 Introduction to Computer Science Ch3 Key Terms ,"breadth-first search - iteratively explores each neighbor, expanding the search level-by-level breadth-first"
 Introduction to Computer Science Ch3 Key Terms ,"brute-force algorithm - solves combinatorial problems by systematically enumerating all potential solutions in order to identify the best candidate solution"
 Introduction to Computer Science Ch3 Key Terms ,"canonical algorithm - well-known algorithm"
 Introduction to Computer Science Ch3 Key Terms ,"case analysis - way to account for variation in runtime based on factors other than the size of the problem"
 Introduction to Computer Science Ch3 Key Terms ,"child node - descendant of another node"
 Introduction to Computer Science Ch3 Key Terms ,"collision - situation where multiple objects hash to the same integer index value"
 Introduction to Computer Science Ch3 Key Terms ,"combinatorial explosion - exponential number of solutions to a combinatorial problem that makes brute-force algorithms unusable in practice"
 Introduction to Computer Science Ch3 Key Terms ,"combinatorial problem - involves identifying the best candidate solution out of a space of many potential solutions"
 Introduction to Computer Science Ch3 Key Terms ,"comparison sorting - sorting of a list of elements where elements are not assigned numeric values but rather defined in relation to other elements"
 Introduction to Computer Science Ch3 Key Terms ,"complexity - condition based on the degree of computational resources that an algorithm consumes during its execution in relation to the size of the input"
 Introduction to Computer Science Ch3 Key Terms ,"compression - problem of representing information using less data storage"
 Introduction to Computer Science Ch3 Key Terms ,"constant - type of order of growth that does not take more resources as the size of the problem increases"
 Introduction to Computer Science Ch3 Key Terms ,"correctness - whether the outputs produced by an algorithm match the expected or desired results across the range of possible inputs"
 Introduction to Computer Science Ch3 Key Terms ,"cost model - characterization of runtime in terms of more abstract operations such as the number of repetitions"
 Introduction to Computer Science Ch3 Key Terms ,"count sorting - sorting a list of elements by organizing elements into categories and rearranging the categories into a logical order"
 Introduction to Computer Science Ch3 Key Terms ,"cryptography - problem of masking or obfuscating text to make it unintelligible"
 Introduction to Computer Science Ch3 Key Terms ,"data structure - complex data type with specific representation and specific functionality"
 Introduction to Computer Science Ch3 Key Terms ,"data structure problem - computational problem involving the storage and retrieval of elements for implementing abstract data types such as lists, sets, maps, and priority queues"
 Introduction to Computer Science Ch3 Key Terms ,"data type - determines how computers"
 Introduction to Computer Science Ch3 Conceptual Questions ,"Explain the difference between algorithms and programs."
 Introduction to Computer Science Ch3 Conceptual Questions ,"Explain the difference between data structures and abstract data types."
 Introduction to Computer Science Ch3 Conceptual Questions ,"Explain the relationship between data representation, data structures, and algorithms."
 Introduction to Computer Science Ch3 Conceptual Questions ,"What is the relationship between search algorithms and the searching problem?"
 Introduction to Computer Science Ch3 Conceptual Questions ,"What is the relationship between search algorithms and the autocomplete feature?"
 Introduction to Computer Science Ch3 Conceptual Questions ,"Why is algorithmic correctness difficult to determine?"
 Introduction to Computer Science Ch3 Conceptual Questions ,"What are some limitations of experimental analysis?"
 Introduction to Computer Science Ch3 Conceptual Questions ,"What are some benefits of experimental analysis over asymptotic analysis?"
 Introduction to Computer Science Ch3 Conceptual Questions ,"Why is a 1-element list the best-case situation for sequential search?"
 Introduction to Computer Science Ch3 Conceptual Questions ,"If phone numbers are ten digits long and can contain digits from zero through nine, what is the total number of potential phone numbers?"
 Introduction to Computer Science Ch3 Conceptual Questions ,"Why might we prefer a sub-optimal greedy algorithm over a correct brute-force algorithm?"
 Introduction to Computer Science Ch3 Conceptual Questions ,"What's problematic about the statement,"municipal broadband planning reduces to Kruskal's algorithm"?"
 Introduction to Computer Science Ch3 Conceptual Questions ,"Describe the relationship between the pivot element and the left and right sublists after the first partition in quicksort."
 Introduction to Computer Science Ch3 Conceptual Questions ,"The runtime of Kruskal's algorithm is in O("
 Introduction to Computer Science Ch3 Conceptual Questions ,"Both Prim's algorithm and Dijkstra's algorithm are greedy algorithms that organize vertices in a priority queue data structure. What is the difference between the ordering of vertices in the priority queue for Prim's algorithm and Dijkstra's algorithm?"
 Introduction to Computer Science Ch3 Conceptual Questions ,"What is the relationship between models of computation and algorithms?"
 Introduction to Computer Science Ch3 Conceptual Questions ,"What is the common difficulty preventing us from designing an efficient algorithm for solving NP-complete problems?"
 Introduction to Computer Science Ch3 Conceptual Questions ,"What are the consequences of P = NP?"
 Introduction to Computer Science Ch3 Problem Set A ,"Linked lists and binary search trees are two examples of linked data structures, in which each node in the data structure is connected to other nodes. Given a linked list of the numbers one through seven, organized in ascending sorted order, draw two different examples of binary search trees representing the same numbers."
 Introduction to Computer Science Ch3 Problem Set A ,"Given the following binary search tree, draw the corresponding ascending-sorted linked list containing the same numbers."
 Introduction to Computer Science Ch3 Problem Set A ,"We defined autocomplete as a problem that takes as an input a string of letters that might represent the start of a word, and outputs a list of words that match the input. Describe two other problem models for autocomplete and define the ramifications of the models."
 Introduction to Computer Science Ch3 Problem Set A ,"Compare and contrast the autocomplete problem models. What are the trade-offs of each problem model?"
 Introduction to Computer Science Ch3 Problem Set A ,"Consider the problem of arranging desktop icons in a grid layout so that they fill column-by-column, starting from the left side of the screen. Suppose we are given a list of desktop icons in alphabetical order and that placing an icon in a grid position is a constant-time operation. What is the Big O order of growth of an algorithm that takes each icon in the given order and places each icon in the next open grid position with respect to N, the number of desktop icons?"
 Introduction to Computer Science Ch3 Problem Set A ,"Suppose we're given a list of desktop icons in alphabetical order, but that placing an icon in a grid position is a linear-time operation with respect to the number of icons. (Perhaps a sequential search is needed to check that the icon has not already been placed on the desktop.) What is the Big O order of growth of this icon arrangement algorithm with respect to N, the number of desktop icons?"
 Introduction to Computer Science Ch3 Problem Set A ,"Why does the greedy interval scheduling, which selects the cheapest, least time-consuming task, fail to maximize the number of completed tasks?"
 Introduction to Computer Science Ch3 Problem Set A ,"What is a simple rule for greedy interval scheduling that will maximize the number of completed tasks?"
 Introduction to Computer Science Ch3 Problem Set A ,"The runtime of most binary heap priority queue operations is in O(log N) with respect to N, the size of the priority queue. The logarithmic factor is due to the height of the binary heap data structure. But finding an element in a binary heap typically requires sequential search. How can we apply the hashing algorithm design pattern to find an element in a heap in constant time?"
 Introduction to Computer Science Ch3 Problem Set B ,"Each unique key in a map is paired with one (possibly not-unique) value. Sometimes, we want to associate more than one value with a given key. Describe how we can use a list or set abstract data type to associate more than one value with a unique key."
 Introduction to Computer Science Ch3 Problem Set B ,"Each vertex in a graph can be labeled with a unique identifier, such as a unique number. Describe the relationship between adjacent vertices. How could we use abstract data types such as lists, sets, and maps to represent these relationships?"
 Introduction to Computer Science Ch3 Problem Set B ,"Describe how we might implement the graph abstract data type using other abstract data types such as lists, sets, and/or maps. Explain for graphs whose edges have associated weights as well as graphs whose edges do not have associated weights."
 Introduction to Computer Science Ch3 Problem Set B ,"Describe two or three different problem models for a medical system designed to help doctors recommend preventive care for patients."
 Introduction to Computer Science Ch3 Problem Set B ,"Compare and contrast the medical system problem models. What are the trade-offs of each problem model?"
 Introduction to Computer Science Ch3 Problem Set B ,"How does the choice of problem model affect potential algorithms? Describe an algorithm for each problem model."
 Introduction to Computer Science Ch3 Problem Set B ,"Consider an autocomplete implementation that relies on a sequential search to find all matching terms. What is the worst-case Big O order of growth for computing a single autocomplete query with respect to N, the number of potential terms?"
 Introduction to Computer Science Ch3 Problem Set B ,"Consider an autocomplete implementation that sorts the list of potential terms and then performs binary search to find the matching terms. If the order of growth of the sorting algorithm is in O(N log N), what is the worst-case Big O order of growth for computing a single autocomplete query with respect to N, the number of potential terms?"
 Introduction to Computer Science Ch3 Problem Set B ,"Why might algorithm designers prefer to use binary search instead of sequential search for autocomplete?"
 Introduction to Computer Science Ch3 Problem Set B ,"In a 1-D space where each point is defined with x coordinates, a common problem is to find the closest pair of points in the space: the pair of points that has the least distance among all potential pairs of points. What is a brute-force algorithm for solving this 1-D closest pair problem? What is the Big O notation order of growth of this algorithm?"
 Introduction to Computer Science Ch3 Problem Set B ,"In a 2-D space, each point is defined with (x, y) coordinates. What is a brute-force algorithm for solving the 2-D closest pair problem?"
 Introduction to Computer Science Ch3 Problem Set B ,"What are the recursive subproblems in a divide and conquer algorithm for solving for the closest pair problem?"
 Introduction to Computer Science Ch3 Problem Set B ,"Digital images are represented in computers as a 2-D grid of colored pixels. In image editing, the flood fill problem takes a given starting pixel and replaces all the pixels in a contiguous region that share the same color with a different color. How can we represent the colored pixels in a digital image as a graph with vertices and edges for the flood fill problem?"
 Introduction to Computer Science Ch3 Problem Set B ,"How should we modify a graph traversal algorithm to solve the flood fill problem using your graph representation?"
 Introduction to Computer Science Ch3 Problem Set B ,"What is a reduction algorithm for reducing from the flood fill problem to the graph traversal problem? In this case, the graph traversal algorithm cannot be modified. Instead, define a preprocessing step to create a graph representation that encodes the flood fill same-color rule."
 Introduction to Computer Science Ch3 Practice Exercises ,"Binary search trees organize elements in ascending sorted order within the tree. However, binary search trees can become unbalanced. In the worst-case, a binary search tree can look exactly like a linked list. Give an order for inserting the following numbers into a binary search tree such that the resulting tree appears like a linked list: 7, 3, 8, 1, 2, 5, 6, 4."
 Introduction to Computer Science Ch3 Practice Exercises ,"Consider these two different approaches for implementing the priority queue abstract data type using a linked list data structure: (1) organize the elements by decreasing priority value, and (2) organize the elements arbitrarily. Describe algorithms for inserting an element as well as retrieving and removing the highest-priority element from these two data structures."
 Introduction to Computer Science Ch3 Practice Exercises ,"In our definition of a priority queue, we emphasized retrieval and removal of the highest-priority elements—a maximum priority queue. What if we wanted to instead prioritize retrieval and removal of the lowest-priority elements—a minimum priority queue? Describe a simple change that we could make to make any maximum priority queue function as a minimum priority queue."
 Introduction to Computer Science Ch3 Practice Exercises ,"Formally describe the problem model for a drug administration medical system in terms of input data and output data represented as lists, sets, maps, priority queues, and graphs."
 Introduction to Computer Science Ch3 Practice Exercises ,"Formally describe the problem model for a music recommendation system in terms of input data and output data represented as lists, sets, maps, priority queues, and graphs."
 Introduction to Computer Science Ch3 Practice Exercises ,"There can sometimes be thousands, if not millions, of results that match a Web search query. To make this information more helpful to humans, we might want to order the results according to a relevance score such that more-relevant results appear before less-relevant results. Describe how we can solve this problem of retrieving the N-largest elements using the following algorithm design patterns: (1) a sorting algorithm, and (2) a priority queue abstract data type."
 Introduction to Computer Science Ch3 Practice Exercises ,"What is the best-case and worst-case Big O order of growth of sequential search with respect to N, the size of the list?"
 Introduction to Computer Science Ch3 Practice Exercises ,"What is the best-case and worst-case Big O order of growth of binary search with respect to N, the size of the sorted list?"
 Introduction to Computer Science Ch3 Practice Exercises ,"What is the worst-case Big O order of growth of sequential search followed by binary search with respect to N, the size of the sorted list?"
 Introduction to Computer Science Ch3 Practice Exercises ,"What two sublists are combined in the final step of merge sort on the list [9, 8, 2, 5, 4, 1, 3, 6]?"
 Introduction to Computer Science Ch3 Practice Exercises ,"If a connected graph has unique edge weights, will Kruskal's algorithm find the same minimum spanning tree as Prim's algorithm? How about a connected graph with duplicate edge weights?"
 Introduction to Computer Science Ch3 Practice Exercises ,"What is a reduction algorithm for the problem of finding the median element in a list?"
 Introduction to Computer Science Ch3 Practice Exercises ,"The heapsort algorithm applies a binary heap priority queue ordered by the comparison operation to sort elements. What can we say about the first element removed from the binary heap if it implements a minimum priority queue? What about the last element removed? Is the binary heap data structure sorted?"
 Introduction to Computer Science Ch3 Practice Exercises ,"Hashing algorithms can provide a constant-time solution to the search problem under certain conditions. What are the conditions necessary to ensure the runtime of a hashing search algorithm is constant?"
 Introduction to Computer Science Ch3 Practice Exercises ,"Why is it the case that depth-first search cannot be directly applied to compute an unweighted shortest paths tree?"
 Introduction to Computer Science Ch4 Key Terms ,"abstract model - technique that derives simpler high-level conceptual models for a computer while exploring the science of what new algorithms can or cannot do"
 Introduction to Computer Science Ch4 Key Terms ,"allocated memory - memory region set aside to hold a value"
 Introduction to Computer Science Ch4 Key Terms ,"archive file - .a file that contains a static library"
 Introduction to Computer Science Ch4 Key Terms ,"Arduino - hardware platform intended for creating simple, low-cost hardware for educational or hobbyist purposes"
 Introduction to Computer Science Ch4 Key Terms ,"assembler - program that translates assembly language source code into machine code"
 Introduction to Computer Science Ch4 Key Terms ,"assembly language - low-level language in which every statement corresponds directly to a machine instruction"
 Introduction to Computer Science Ch4 Key Terms ,"BASIC - early high-level programming language"
 Introduction to Computer Science Ch4 Key Terms ,"binary code - program in the native format that is understood by a CPU, which is a long series of 0s and 1s"
 Introduction to Computer Science Ch4 Key Terms ,"C - middle-level language that has been in wide use since the 1970s"
 Introduction to Computer Science Ch4 Key Terms ,"C++ - middle-level object-oriented language based upon C"
 Introduction to Computer Science Ch4 Key Terms ,"central processing unit (CPU) - computer chip capable of executing machine code programs"
 Introduction to Computer Science Ch4 Key Terms ,"child thread - thread that is started by the parent thread, and only runs for a limited period in a parallel section"
 Introduction to Computer Science Ch4 Key Terms ,"Church-Turing Thesis - scientific theory stating that an algorithm can be converted from any reasonable computational model to another"
 Introduction to Computer Science Ch4 Key Terms ,"Clang - open-source C compiler developed by the LLVM project"
 Introduction to Computer Science Ch4 Key Terms ,"code relocation - merges separate code and data sections into single sections (one for code and one for data)"
 Introduction to Computer Science Ch4 Key Terms ,"compiler - (also: interpreter) program that translates source code from a middle-level or high-level language into something a computer can read"
 Introduction to Computer Science Ch4 Key Terms ,"computational model - system for defining what an algorithm does and how to run it"
 Introduction to Computer Science Ch4 Key Terms ,"concurrent programming - situation where multiple programs or tasks are running at the same time, regardless of whether they are using multiple processors or sharing one processor"
 Introduction to Computer Science Ch4 Key Terms ,"core - individual processor built into a CPU chip"
 Introduction to Computer Science Ch4 Key Terms ,"declarative programming - paradigm in which code dictates a desired outcome without specifying how that outcome is achieved"
 Introduction to Computer Science Ch4 Key Terms ,"device driver - piece of code that is responsible for connecting to a hardware component such as a video card or keyboard"
 Introduction to Computer Science Ch4 Key Terms ,"distributed computing - specific form of parallel programming where processors are working together in parallel, but the processors are in multiple connected computers, not a single computer"
 Introduction to Computer Science Ch4 Key Terms ,"executable and linkable format (ELF) - standard binary format for object code"
 Introduction to Computer Science Ch4 Key Terms ,"external reference - symbol that is used in a module, but not defined in that module, so is expected to be defined in some other module"
 Introduction to Computer Science Ch4 Key Terms ,"firmware - very low-level code that communicates directly with hardware, providing a convenient interface for other software"
 Introduction to Computer Science Ch4 Key Terms ,"freed memory - memory that is given back to be reused when a value is no longer needed"
 Introduction to Computer Science Ch4 Key Terms ,"functional programming - paradigm in which algorithms are written as mathematical functions"
 Introduction to Computer Science Ch4 Key Terms ,"GCC - open-source C compiler developed by the GNU Project"
 Introduction to Computer Science Ch4 Key Terms ,"Git - widely-used version control system"
 Introduction to Computer Science Ch4 Key Terms ,"GitHub - website that allows free storage of public git repositories"
 Introduction to Computer Science Ch4 Key Terms ,"GOTO - non-structured operation that instructs a computer to jump to an entirely different part of the program"
 Introduction to Computer Science Ch4 Key Terms ,"graphics processing unit (GPU) - massively-parallel processor that supplements a CPU; GPUs were originally designed for rendering real-time graphics in video games"
 Introduction to Computer Science Ch4 Key Terms ,"hardware model - design for a how a specific physical computer executes algorithms"
 Introduction to Computer Science Ch4 Key Terms ,"high-level programming language - programming language that operates at a high level of abstraction, meaning that low-level details such as the management of memory are automated"
 Introduction to Computer Science Ch4 Key Terms ,"imperative programming - paradigm in which the programmer writes a series of steps that must be followed in order"
 Introduction to Computer Science Ch4 Key Terms ,"instruction set architecture (ISA) - type of hardware model that defines a list of operations that a CPU can execute"
 Introduction to Computer Science Ch4 Key Terms ,"integrated development environment (IDE) - program with a graphical user interface that includes a text editor, compiler, and other tools, all in one application"
 Introduction to Computer Science Ch4 Key Terms ,"interpreter - (also: compiler) program that translates source code from a middle-level or high-level language into something a computer can read"
 Introduction to Computer Science Ch4 Conceptual Questions ,"Why are low-level languages like assembly language not portable?"
 Introduction to Computer Science Ch4 Conceptual Questions ,"Why do multiple computational models exist? Why don't we just use one model for everything?"
 Introduction to Computer Science Ch4 Conceptual Questions ,"What are some disadvantages with structured programming languages like C?"
 Introduction to Computer Science Ch4 Conceptual Questions ,"Why does the execution speed of software matter? Describe a scenario where slow execution speed would impact a computer user negatively."
 Introduction to Computer Science Ch4 Conceptual Questions ,"What is an advantage of low-level programming over high-level programming?"
 Introduction to Computer Science Ch4 Conceptual Questions ,"What is the best way to use GOTO in the structured paradigm?"
 Introduction to Computer Science Ch4 Conceptual Questions ,"For each of the following programming languages: investigate the language. Is the language low-level, middle-level, or high-level? Which of the paradigms covered in this section apply to the language (imperative, declarative, functional, structured, procedural, object-oriented)? Cite your sources. - Fortran - Haskell - Smalltalk"
 Introduction to Computer Science Ch4 Conceptual Questions ,"What is the output of the following C program, and what is the program's purpose here? ..."
 Introduction to Computer Science Ch4 Conceptual Questions ,"What is the output of the following C program, and what is the program's purpose here? ..."
 Introduction to Computer Science Ch4 Conceptual Questions ,"Compare and contrast static linking of a program with dynamic load-time linking. What are the advantages and challenges of each?"
 Introduction to Computer Science Ch4 Conceptual Questions ,"Compare and contrast dynamic load-time linking of a program with dynamic run-time linking. What are the advantages and challenges of each?"
 Introduction to Computer Science Ch4 Conceptual Questions ,"Non-parallel programs work, and parallel programming can be difficult. Why is it important for programmers to make the effort to make their programs parallel? Why not stick with non-parallel programming?"
 Introduction to Computer Science Ch4 Conceptual Questions ,"Why is it difficult for developers to use the multi-threaded programming paradigm in order to fully utilize the capabilities of today's available multicore processors?"
 Introduction to Computer Science Ch4 Conceptual Questions ,"Do you need to know how to assemble hardware and draw schematics to implement firmware for embedded systems?"
 Introduction to Computer Science Ch4 Problem Set A ,"For each of the following programming languages: investigate the language. Is the language low-level, middle-level, or high-level? Which of the paradigms covered in this section apply to the language (imperative, declarative, functional, structured, procedural, object-oriented)? Cite your sources. - Kotlin - Lisp - PASCAL"
 Introduction to Computer Science Ch4 Problem Set A ,"Explain how levels of abstraction affect speed of development and speed of execution."
 Introduction to Computer Science Ch4 Problem Set A ,"Explain how a compiler assists in providing abstractions for high-level languages."
 Introduction to Computer Science Ch4 Problem Set A ,"Write a module titled"triangle operations"that has two functions: one to compute the area of a triangle given a base and height and one to compute the perimeter of the triangle given three sides. Then, write a main function that iterates three times, increasing each variable by one, and then calls each function."
 Introduction to Computer Science Ch4 Problem Set A ,"OpenMP provides the omp_get_thread_num() function in the header file omp.h. To get the number of total running threads in the parallel block, you can use function omp_get_num_threads. How can you modify this program to ensure that only one thread executes the"Greetings from process"printf statement? ..."
 Introduction to Computer Science Ch4 Problem Set A ,"Read the documentation on device drivers and implement the various examples provided."
 Introduction to Computer Science Ch4 Problem Set B ,"Rosetta Code is an archive of computing tasks and source code written in many different languages that accomplish the same task. Explore the page about converting numbers into Roman numerals and study the source code written in 8080 assembly (low-level), C (middle-level), and JavaScript (high-level). Compare and contrast the following aspects of the code: - Length - Readability: how easy is it to understand how the code works? - Level of abstraction - Structured or unstructured"
 Introduction to Computer Science Ch4 Problem Set B ,"Research x86, ARM, and PowerPC architectures—specifically, how each of them has different assembly language features and syntax. Then research and explain how high-level languages can be compiled on different computer architectures."
 Introduction to Computer Science Ch4 Problem Set B ,"Provide a real-life example of abstraction and explain how it is similar to abstraction in computing."
 Introduction to Computer Science Ch4 Problem Set B ,"Research Java Abstract classes. After researching, provide a detailed usage of abstract classes and explain why abstraction is useful in software development."
 Introduction to Computer Science Ch4 Problem Set B ,"Let a and b denote object modules or static libraries in the current directory, and let a->b denote that a depends on b, in the sense that b defines a symbol that is referenced by a. For each of the following scenarios, show the minimal command line (i.e., one with the least number of object file and library arguments) that will allow the static linker to resolve all symbol references: - p.o -> libx.a -> p.o - p.o -> libx.a -> liby.a and liby.a -> libx.a - p.o -> libx.a -> liby.a -> libz.a and liby.a -> libx.a -> libz.a"
 Introduction to Computer Science Ch4 Problem Set B ,"Write a program that utilizes parallel computing, then has a safety-critical section of code that only allows one thread, and then the remainder of the program can use the same number of threads the first section used."
 Introduction to Computer Science Ch4 Problem Set B ,"Use QEMU and gdb to run the kernel source line-by-line."
 Introduction to Computer Science Ch4 Practice Exercises ,"List three pros or cons about each level of language in terms of execution time, complexity, readability, abstraction, and speed of development."
 Introduction to Computer Science Ch4 Practice Exercises ,"Write 8086 assembly code to add the values 1 and 3 together. The registers abx and cdx are available to use for this operation and the result should be stored in abx."
 Introduction to Computer Science Ch4 Practice Exercises ,"Write a main function in C that calls another function to add the numbers 1 and 3 together and return the sum as an output parameter. Finally, print out the answer to the console."
 Introduction to Computer Science Ch4 Practice Exercises ,"Write a main method in Java that calls another method to add the numbers 1 and 3 together and then print out the answer to the console."
 Introduction to Computer Science Ch4 Practice Exercises ,"Write the GCC commands to compile file1.c, file2.c and file3.c and then link the object files to create a static library titled myLib."
 Introduction to Computer Science Ch4 Practice Exercises ,"Write a main function in C that calls a public function titled PrintList() in a module titled listOperations."
 Introduction to Computer Science Ch4 Practice Exercises ,"Write a C module that includes 2 global integer variables declared in the file titled variables.h and then print the global variables in a main function that exists in main.c."
 Introduction to Computer Science Ch4 Practice Exercises ,"Write a Git command to pull changes from a repository on your local host machine with the URL"https://localhost/MyRepository"into your working repository checkout."
 Introduction to Computer Science Ch4 Practice Exercises ,"Write a GCC command to compile a C file titled main.c that includes a static library titled myStaticLib."
 Introduction to Computer Science Ch4 Practice Exercises ,"Trace the following C code and list the contents of the array after the iteration. int main() { int List[5]; int a = 10; for (int i = 0; i < 5; i++) { List[i] = a + i; } return 0; }"
 Introduction to Computer Science Ch4 Practice Exercises ,"The following is a C"hello world"program that uses OpenMP. How many lines of messages will this program generate at runtime? ..."
 Introduction to Computer Science Ch4 Practice Exercises ,"Write a C module that creates four threads to call a function that prints the thread number out."
 Introduction to Computer Science Ch5 Key Terms ,"abstraction - removal of unimportant elements of a program or computer code that distract from its process"
 Introduction to Computer Science Ch5 Key Terms ,"addressing mode - location in the memory that contains the required data"
 Introduction to Computer Science Ch5 Key Terms ,"American Standard Code for Information Interchange (ASCII) - unit code or unique binary number"
 Introduction to Computer Science Ch5 Key Terms ,"arithmetic logic unit (ALU) - piece of hardware inside the CPU that performs computations and logical operations such as comparisons"
 Introduction to Computer Science Ch5 Key Terms ,"assembler - takes the assembly program that takes I/O that contains the equivalent of an assembly program"
 Introduction to Computer Science Ch5 Key Terms ,"assembly language - low-level language that is designed to be computer friendly"
 Introduction to Computer Science Ch5 Key Terms ,"bit - binary digit made up of 1 or 0"
 Introduction to Computer Science Ch5 Key Terms ,"block - group of pages in flash memory"
 Introduction to Computer Science Ch5 Key Terms ,"bus - data pathway"
 Introduction to Computer Science Ch5 Key Terms ,"byte - 8 bits"
 Introduction to Computer Science Ch5 Key Terms ,"cache hit - data found in the cache needed by the processor"
 Introduction to Computer Science Ch5 Key Terms ,"cache memory - memory that allows for high-speed retrieval of data"
 Introduction to Computer Science Ch5 Key Terms ,"cache miss - when the cache is empty so it does not have the needed data"
 Introduction to Computer Science Ch5 Key Terms ,"capacitor - very small electrical component that stores an electric charge"
 Introduction to Computer Science Ch5 Key Terms ,"complex instruction set computer (CISC) - complex architecture structure that assists in executing such operations as mathematical computations and memory storage"
 Introduction to Computer Science Ch5 Key Terms ,"disk - storage mechanism for data"
 Introduction to Computer Science Ch5 Key Terms ,"dual in-line memory module (DIMM) - small memory board that contains several memory banks"
 Introduction to Computer Science Ch5 Key Terms ,"dynamic library - collection of libraries that may be linked during execution or while the program is running"
 Introduction to Computer Science Ch5 Key Terms ,"dynamic random access memory (DRAM) - consists of a large number of capacitors"
 Introduction to Computer Science Ch5 Key Terms ,"executable - program stored inside a computer"
 Introduction to Computer Science Ch5 Key Terms ,"flag - tells a program if a condition has been met"
 Introduction to Computer Science Ch5 Key Terms ,"flash memory - type of nonvolatile storage that can be electronically erased and reprogrammed is called"
 Introduction to Computer Science Ch5 Key Terms ,"floating point number (also, real number) - one with a decimal point in the middle"
 Introduction to Computer Science Ch5 Key Terms ,"hard disk drive (HDD) - stores data on rotating platter, has a very large capacity, and uses a small motor to rotate platters to get the data"
 Introduction to Computer Science Ch5 Key Terms ,"heap - stores dynamically allocated data"
 Introduction to Computer Science Ch5 Key Terms ,"heterogeneous - design feature where CPUs are different in speed, power, or efficiency"
 Introduction to Computer Science Ch5 Key Terms ,"high-level language (HLL) - most evolved method by which a human can direct a computer on how to perform tasks and applications"
 Introduction to Computer Science Ch5 Key Terms ,"hit rate - number, usually a percentage, of times the cache was used to retrieve data"
 Introduction to Computer Science Ch5 Key Terms ,"homogeneous - when CPUs are copies of each other in design"
 Introduction to Computer Science Ch5 Key Terms ,"IEEE 754 - standard format used by computers that support floating points with very few exceptions"
 Introduction to Computer Science Ch5 Key Terms ,"input/output (I/O) - interface that helps the CPU talk to other I/O devices such as a keyboard or mouse"
 Introduction to Computer Science Ch5 Key Terms ,"instruction set architecture (ISA) - set of instructions recognized by each processor family"
 Introduction to Computer Science Ch5 Key Terms ,"label - variable name that we give to an assembly instruction"
 Introduction to Computer Science Ch5 Key Terms ,"library - collection of files, functions, or scripts that are cited within a program's code"
 Introduction to Computer Science Ch5 Key Terms ,"loader - puts the executable into memory and arranges its content in a specific way to make it ready for execution by the processor"
 Introduction to Computer Science Ch5 Key Terms ,"locality - when a processor repeatedly visits the same memory locales"
 Introduction to Computer Science Ch5 Key Terms ,"logic gate - main building block that forms the processor"
 Introduction to Computer Science Ch5 Key Terms ,"memory hierarchy - arrangement of storage available on a computer system usually in the form of a triangle"
 Introduction to Computer Science Ch5 Key Terms ,"microarchitecture - architecture, or design, of the processor or microprocessor"
 Introduction to Computer Science Ch5 Key Terms ,"NAND gate - type of logic gate used to store bits in flash memory"
 Introduction to Computer Science Ch5 Key Terms ,"neuromorphic computer - nontraditional computer built to act like a simplified version of the brain"
 Introduction to Computer Science Ch5 Key Terms ,"object code - designates output of the assembler"
 Introduction to Computer Science Ch5 Key Terms ,"one's complement - obtained by flipping each 1 in the original binary number to 0 and each 0 to 1"
 Introduction to Computer Science Ch5 Key Terms ,"operand - value used as an input for an operator"
 Introduction to Computer Science Ch5 Key Terms ,"operating system (OS) - only piece of software that can directly access the hardware"
 Introduction to Computer Science Ch5 Key Terms ,"pipelining - technique where each piece of the process does the work needed by the following piece"
 Introduction to Computer Science Ch5 Key Terms ,"processor - another name"
 Introduction to Computer Science Ch5 Conceptual Questions ,"Why is the memory connected directly to the CPU?"
 Introduction to Computer Science Ch5 Conceptual Questions ,"Both the disk and memory store programs and data. Why do we need them both in a computer system?"
 Introduction to Computer Science Ch5 Conceptual Questions ,"Why do we need an assembler? Why don't we make compilers generate machine language directly?"
 Introduction to Computer Science Ch5 Conceptual Questions ,"If there are two processors that understand the same ISA, does this mean they have exactly the same microarchitecture?"
 Introduction to Computer Science Ch5 Conceptual Questions ,"Can the step from algorithms to HLL programs be automated instead of being done by a human being? Justify your answer."
 Introduction to Computer Science Ch5 Conceptual Questions ,"The idea of compilers and assemblers made HLL more portable. Why is that?"
 Introduction to Computer Science Ch5 Conceptual Questions ,"Suppose we have a list of 1,000 numbers ordered in ascending order. We need to find whether a specific number is in the list or not. What is the best algorithm to accomplish this? ..."
 Introduction to Computer Science Ch5 Conceptual Questions ,"Why is the two's complement a good choice for presenting signed numbers?"
 Introduction to Computer Science Ch5 Conceptual Questions ,"As a programmer, do you think it is useful to know about data presentation? Why?"
 Introduction to Computer Science Ch5 Conceptual Questions ,"Why are computers slower in dealing with floating points than integers?"
 Introduction to Computer Science Ch5 Conceptual Questions ,"For portable devices, such as your smartphone, do you think processors supporting CISC ISA or RISC ISCA should be used? Why?"
 Introduction to Computer Science Ch5 Conceptual Questions ,"Is it possible to build a de-compiler? That is, if given an assembly code, can we bring the original HLL code? Explain."
 Introduction to Computer Science Ch5 Conceptual Questions ,"Why are the different technologies organized as a hierarchy?"
 Introduction to Computer Science Ch5 Conceptual Questions ,"What is the relationship between SSD and flash memory?"
 Introduction to Computer Science Ch5 Conceptual Questions ,"Do you think it is better to have more cores in the chip or to use multiple chips with fewer cores each? Why?"
 Introduction to Computer Science Ch5 Conceptual Questions ,"Why is heterogeneous computing here to stay?"
 Introduction to Computer Science Ch5 Problem Set A ,"A cache has an access time of 1 cycle. The computer with that cache experienced an average memory access time of 4 cycles, and the hit rate is 70%. What is the access time of the main memory? Did we benefit from having a cache in this system?"
 Introduction to Computer Science Ch5 Problem Set A ,"Research and explain a few key responsibilities of operating systems. Given X = 01100110,"
 Introduction to Computer Science Ch5 Problem Set A ,"What is the value of X once you logically shift X to the right by two digits?"
 Introduction to Computer Science Ch5 Problem Set A ,"What is the value of X once you arithmetically shift X to the right by two digits? Given X = 10100110,"
 Introduction to Computer Science Ch5 Problem Set A ,"What is the value of X once you logically shift X to the right by two digits?"
 Introduction to Computer Science Ch5 Problem Set A ,"What is the value of X once you arithmetically shift X to the right by two digits?"
 Introduction to Computer Science Ch5 Problem Set A ,"What is the value of X if you arithmetically shift it to the right by eight digits? Perform the following number conversions:"
 Introduction to Computer Science Ch5 Problem Set A ,"hexadecimal value 40A5F916 to binary"
 Introduction to Computer Science Ch5 Problem Set A ,"binary value 11011010011010111010 to hexadecimal"
 Introduction to Computer Science Ch5 Problem Set A ,"Considering the arguments passed in, what does the following assembly language program do? ..."
 Introduction to Computer Science Ch5 Problem Set A ,"Suppose that we have a system with memory access time of 8 cycles. We need to add to that system a cache with 2 cycles access time. What is the smallest hit rate needed to make that cache beneficial? (Hint: avg access time must always be an integer number not floating point.)"
 Introduction to Computer Science Ch5 Problem Set A ,"A cache has an access time of 1 cycle. The computer with that cache experienced an average memory access time of 4 cycles, and the hit rate is 70%. What is the access time of the main memory? Did we benefit from having a cache in this system?"
 Introduction to Computer Science Ch5 Problem Set B ,"Suppose that we have a system with memory access time of 8 cycles. We need to add to that system a cache with 2 cycles access time. What is the smallest hit rate needed to make that cache beneficial?"
 Introduction to Computer Science Ch5 Problem Set B ,"Explain how there are multiple levels of abstraction in a computer and explain how at each level, complex implementation knowledge of the lower levels is not needed."
 Introduction to Computer Science Ch5 Problem Set B ,"Calculate 0 1000 0001 110…0 plus 0 1000 0010 00110…0. Both are single-precision IEEE 754 representations."
 Introduction to Computer Science Ch5 Problem Set B ,"We derived the equation m + (1 – p)M for average access latency when we have one cache and memory. Extend this equation to include two-level cache followed by memory."
 Introduction to Computer Science Ch5 Practice Exercises ,"Perform a search on the Internet about the specifications of your own computer as well as other similar computers from companies like Lenovo or Dell in terms of memory size and disk size. What is the ratio disk size to memory size in each computer and why?"
 Introduction to Computer Science Ch5 Practice Exercises ,"Document how you can obtain the amount of cache memory on your computer."
 Introduction to Computer Science Ch5 Practice Exercises ,"Search the web for five different ISAs. For each one, find which companies are building processors that use that ISA. Finally, for each processor from these companies, check whether this processor is used on your portable device (smartwatch, smartphone, tablet), your laptop or computer, or in big supercomputers and data centers."
 Introduction to Computer Science Ch5 Practice Exercises ,"You are using the Internet to access a website of your choice. Create a diagram showing the various levels of abstraction of a computer system to explain this particular scenario."
 Introduction to Computer Science Ch5 Practice Exercises ,"Research and explain a few key responsibilities of operating systems. Suppose you wish to express –64 as a two's complement number."
 Introduction to Computer Science Ch5 Practice Exercises ,"What is the minimum number of bits we will need?"
 Introduction to Computer Science Ch5 Practice Exercises ,"With this minimum number of bits, what is the largest positive number you can represent, assuming signed numbers of course? (Answer in both decimal and binary.)"
 Introduction to Computer Science Ch5 Practice Exercises ,"With that same number of bits you used in the previous questions, what is the largest unsigned number you can represent? (Answer in both decimal and binary.)"
 Introduction to Computer Science Ch5 Practice Exercises ,"Represent the decimal digit 90 in binary."
 Introduction to Computer Science Ch5 Practice Exercises ,"Add the following binary numbers: 0111000101 + 0000100101?"
 Introduction to Computer Science Ch5 Practice Exercises ,"Find the one's complement of 1010001000011111."
 Introduction to Computer Science Ch5 Practice Exercises ,"Find the two's complement of 000010001111110."
 Introduction to Computer Science Ch5 Practice Exercises ,"Make a list of at least three ISAs in existence today. For each one, find out whether it is CISC or RISC and in which processors it is used. Finally, take the list of these processors and see whether they are used in high-performance computing machines or portable devices."
 Introduction to Computer Science Ch5 Practice Exercises ,"Make a list of three or four accelerators and, for each one, describe the type of applications they excel at and why."
 Introduction to Computer Science Ch6 Key Terms ,"access control list (ACL) - list of rules that specifies which users are granted the access to a specific object or resource"
 Introduction to Computer Science Ch6 Key Terms ,"access enforcement - part of the OS that is responsible for enforcing access controls and protecting authentication and authorization information"
 Introduction to Computer Science Ch6 Key Terms ,"address space - set of addresses generated by programs as they reference instructions and data"
 Introduction to Computer Science Ch6 Key Terms ,"address translation - stage of virtualization that occurs when the system needs to find a physical address in the memory that matches the virtual address"
 Introduction to Computer Science Ch6 Key Terms ,"allocation - method that defines how data is stored in the memory by providing a set of requests for resources and identifying which processes should be given which resources to make the most efficient use of the resources"
 Introduction to Computer Science Ch6 Key Terms ,"application programming interface (API) - set of rules and tools that allows different software applications to communicate with each other"
 Introduction to Computer Science Ch6 Key Terms ,"authentication - process of checking to see if a user's credentials match the credentials in a database of authorized users or in a data authentication server"
 Introduction to Computer Science Ch6 Key Terms ,"authorization - process of determining the relationship between principals, operations, and objects by defining which principals can perform which operations on which objects"
 Introduction to Computer Science Ch6 Key Terms ,"badge - logical access system that serves as a form of authentication"
 Introduction to Computer Science Ch6 Key Terms ,"blocked state - when a process is waiting for an event to occur"
 Introduction to Computer Science Ch6 Key Terms ,"cache-only memory architecture (COMA) - computer memory architecture where all memory is treated as cache, which allows for the dynamic allocation of data for optimized access and performance in multiprocessor environments"
 Introduction to Computer Science Ch6 Key Terms ,"capability list - list of objects and operations for each user that defines the user rights and capabilities"
 Introduction to Computer Science Ch6 Key Terms ,"cloud infrastructure - virtualized and scalable hardware resources delivered over the Internet as a service"
 Introduction to Computer Science Ch6 Key Terms ,"concurrency - multiple activities and processes happening at the same time—in other words, the OS handling multiple tasks at once"
 Introduction to Computer Science Ch6 Key Terms ,"concurrent processing - computing model that improves the performance when multiple processors execute instructions simultaneously"
 Introduction to Computer Science Ch6 Key Terms ,"condition variable - synchronization mechanism that is used in conjunction with locks to allow threads to wait for certain conditions to become true"
 Introduction to Computer Science Ch6 Key Terms ,"container - standardized unit of software that logically isolates an application enabling it to run independently of physical resources"
 Introduction to Computer Science Ch6 Key Terms ,"context switch - procedure that a computer's CPU follows to change from one task to another while ensuring that the tasks do not conflict"
 Introduction to Computer Science Ch6 Key Terms ,"CPU state - consists of the program counter (PC), the stack pointer (SP), and general-purpose registers"
 Introduction to Computer Science Ch6 Key Terms ,"critical section - piece of code that only one thread can execute at once; also, only one thread at a time will get into this section of code"
 Introduction to Computer Science Ch6 Key Terms ,"deadlock - synchronization challenge that occurs when a set of threads are blocked forever, waiting for each other to release resources"
 Introduction to Computer Science Ch6 Key Terms ,"demand paging - storage mechanism in which pages should only allocate in the memory if it is required from the execution process"
 Introduction to Computer Science Ch6 Key Terms ,"device manager - layer in the layered OS architecture that handles devices and provides buffering"
 Introduction to Computer Science Ch6 Key Terms ,"device register - interface view any device presents to a programmer where each I/O device appears in the physical address space of the machine as a few words"
 Introduction to Computer Science Ch6 Key Terms ,"directory - set of files that contains all the required information about the files such as attributes, location, and ownership, which is managed by the OS"
 Introduction to Computer Science Ch6 Key Terms ,"distributed file system (DFS) - file system that is distributed on multiple file servers or multiple locations that support network-wide sharing of files and devices"
 Introduction to Computer Science Ch6 Key Terms ,"dual mode - OS structure that is responsible for separating the user mode from the system mode"
 Introduction to Computer Science Ch6 Key Terms ,"dynamic linking - code is located and loaded when the program is first run"
 Introduction to Computer Science Ch6 Key Terms ,"encryption - method that converts the data into secret code that hides the data's true meaning"
 Introduction to Computer Science Ch6 Key Terms ,"exception - error that occurs at runtime"
 Introduction to Computer Science Ch6 Key Terms ,"exokernel - OS architecture that simplifies the operating system by making its core (kernel) really small and letting apps have more control over the computer's hardware"
 Introduction to Computer Science Ch6 Key Terms ,"fault containment - feature of an OS that prevents errors in one part of an application from ..."
 Introduction to Computer Science Ch6 Key Terms ,"file - named collection of data that stores information"
 Introduction to Computer Science Ch6 Key Terms ,"file control block (FCB) - data structure that holds information about a file"
 Introduction to Computer Science Ch6 Key Terms ,"file system - software that keeps track of the organization of files and how they are stored on the disk"
 Introduction to Computer Science Ch6 Key Terms ,"fragmentation - phenomenon in which storage space is used inefficiently, reducing capacity or performance and often both"
 Introduction to Computer Science Ch6 Key Terms ,"interprocess communication (IPC) - set of interfaces that facilitates the communication between processes in a computer system"
 Introduction to Computer Science Ch6 Key Terms ,"kernel - core part of an operating system that is responsible for running the tasks of processes and threads, managing system resources, and providing essential services"
 Introduction to Computer Science Ch6 Key Terms ,"layered OS architecture - breaks down an operating system into distinct layers, each responsible for a specific function"
 Introduction to Computer Science Ch6 Key Terms ,"least privilege - security principle that each user and program should have the minimum set of access rights necessary to complete the job, no more, no less"
 Introduction to Computer Science Ch6 Key Terms ,"Linux - open-source operating system based on the Unix architecture"
 Introduction to Computer Science Ch6 Key Terms ,"load balancing - technique used to distribute work among processes or threads"
 Introduction to Computer Science Ch6 Key Terms ,"loader - system software that is responsible for loading a program into memory and initiating its execution"
 Introduction to Computer Science Ch6 Key Terms ,"lock - synchronization mechanism that uses mutual exclusion to allow the synchronization of threads or processes"
 Introduction to Computer Science Ch6 Key Terms ,"logical address - (also: virtual address) address generated by the CPU"
 Introduction to Computer Science Ch6 Key Terms ,"logical address space - the set of all logical addresses generated by a program"
 Introduction to Computer Science Ch6 Key Terms ,"MacOS - Apple's proprietary operating system based on Unix"
 Introduction to Computer Science Ch6 Key Terms ,"main memory - (also: primary memory) large storage space in a computer where data and instructions are stored so that they can be directly accessed by the CPU"
 Introduction to Computer Science Ch6 Key Terms ,"microkernel - small OS architecture that focuses on the bare essentials"
 Introduction to Computer Science Ch6 Key Terms ,"monolithic kernel - OS architecture where the entire operating system is working in the kernel space"
 Introduction to Computer Science Ch6 Key Terms ,"mutex - synchronization mechanism that enforces limits on access to a resource when there are many threads of execution"
 Introduction to Computer Science Ch6 Key Terms ,"nonvolatile storage - storage medium in which the data remains even after a device is powered off"
 Introduction to Computer Science Ch6 Key Terms ,"nonvolatile storage device - such as a hard disk drive or SSD, is used for long-term storage in a computer"
 Introduction to Computer Science Ch6 Key Terms ,"operating system (OS) - software that acts as an intermediary between the computer hardware and the user"
 Introduction to Computer Science Ch6 Key Terms ,"page - fixed-size unit of memory that is managed by the OS"
 Introduction to Computer Science Ch6 Key Terms ,"page fault - event that occurs when a program tries to access a page that is currently not present in the physical memory"
 Introduction to Computer Science Ch6 Key Terms ,"page table - data structure that maps the logical page to the physical frame"
 Introduction to Computer Science Ch6 Key Terms ,"paging - memory management scheme that allows the physical address space of a process to be noncontiguous"
 Introduction to Computer Science Ch6 Key Terms ,"physical address - address that is generated by the memory management unit (MMU)"
 Introduction to Computer Science Ch6 Key Terms ,"physical memory - memory that is physically installed in a computer"
 Introduction to Computer Science Ch6 Key Terms ,"physical storage - (also: secondary storage) nonvolatile storage that stores data more permanently"
 Introduction to Computer Science Ch6 Key Terms ,"portability - measure of how easily software can be moved from one type of computer system to another"
 Introduction to Computer Science Ch6 Key Terms ,"priority inversion - when a higher-priority process is forced to wait for a lower-priority process"
 Introduction to Computer Science Ch6 Key Terms ,"process - an executing program, including its current state"
 Introduction to Computer Science Ch6 Key Terms ,"process control block (PCB) - data structure that stores all the information about a process, including its current state"
 Introduction to Computer Science Ch6 Key Terms ,"processor scheduler - part of the OS that is responsible for selecting the next process to run"
 Introduction to Computer Science Ch6 Key Terms ,"race condition - occurs when multiple threads simultaneously access the same memory"
 Introduction to Computer Science Ch6 Key Terms ,"ready state - when a process is ready to execute but has not yet been assigned a processor"
 Introduction to Computer Science Ch6 Key Terms ,"running state - when a process is currently assigned to a processor and its instructions are being executed"
 Introduction to Computer Science Ch6 Key Terms ,"segmentation - memory management technique that divides a process into several segments, each of which can be placed in a different area of memory"
 Introduction to Computer Science Ch6 Key Terms ,"semaphore - synchronization mechanism that can be used to control access to a common resource by multiple processes in a concurrent system"
 Introduction to Computer Science Ch6 Key Terms ,"solid-state device (SSD) - device that uses flash memory to provide nonvolatile storage"
 Introduction to Computer Science Ch6 Key Terms ,"system software - software that manages the basic operations of the computer"
 Introduction to Computer Science Ch6 Key Terms ,"terminated state - when a process has finished execution"
 Introduction to Computer Science Ch6 Key Terms ,"thread - lightweight process that shares the same address space as other threads in the same process"
 Introduction to Computer Science Ch6 Key Terms ,"thread pool - a group of pre-instantiated, idle threads that stand ready to be given work"
 Introduction to Computer Science Ch6 Key Terms ,"time-sharing - technique that allows many people to use a computer system at the same time by using processor scheduling"
 Introduction to Computer Science Ch6 Key Terms ,"transformation lookaside buffer (TLB) - cache that the MMU uses to improve the speed of address translation"
 Introduction to Computer Science Ch6 Key Terms ,"UNIX - operating system originally developed at Bell Labs"
 Introduction to Computer Science Ch6 Key Terms ,"virtual memory - memory management technique that uses disk to make the physical memory appear larger than it really is"
 Introduction to Computer Science Ch6 Key Terms ,"Windows - family of operating systems produced by Microsoft"
 Introduction to Computer Science Ch6 Problem Set A ,"You have a Windows computer and need to test software that you developed in a Linux environment. How can you test your software with one machine?"
 Introduction to Computer Science Ch6 Problem Set A ,"Explain why we need to study OS architecture."
 Introduction to Computer Science Ch6 Problem Set A ,"Explain how an OS decides how much physical memory to allocate to each process and decides when to remove a process from memory."
 Introduction to Computer Science Ch6 Problem Set A ,"Explain why we need to study OS allocation methods."
 Introduction to Computer Science Ch6 Problem Set A ,"Explain how an OS decides how much physical memory to allocate to each process and decides when to remove a process from memory."
 Introduction to Computer Science Ch6 Problem Set A ,"Explain how the memory is divided."
 Introduction to Computer Science Ch6 Problem Set A ,"Explain fragmentation."
 Introduction to Computer Science Ch6 Problem Set A ,"Imagine you're tasked with creating a new file system that will only be utilized to store videos on YouTube. Describe the kind of access patterns you anticipate occurring most frequently in that specific file system."
 Introduction to Computer Science Ch6 Problem Set A ,"Suppose you are asked by a company to select a new authentication method. If the company is not using multi-factor authentication, how could you argue the need for this method?"
 Introduction to Computer Science Ch6 Problem Set A ,"How can you use badging in the authentication process?"
 Introduction to Computer Science Ch6 Problem Set B ,"Write a simple piece of code on an OS of your choice that calls a function in a programming language of your choice and explain how your program uses the stack."
 Introduction to Computer Science Ch6 Problem Set B ,"Write a simple piece of code on an OS of your choice using a programming language of your choice that makes use of the heap."
 Introduction to Computer Science Ch6 Problem Set B ,"Outline the fundamental differences between two of the most popular mainstream operating systems (e.g., Max OS X, Windows 10, Linux) from an OS architecture and OS components standpoint. Do some research on the Internet to obtain architectural diagram and component descriptions from a trustworthy source and show all your work."
 Introduction to Computer Science Ch6 Problem Set B ,"Most of the OSs now are moving to multiprocessing. Explain how multiprocessing reduces the latency and increases the overall performance."
 Introduction to Computer Science Ch6 Problem Set B ,"Discuss the benefits of memory sharing for the user and OS perspective."
 Introduction to Computer Science Ch6 Problem Set B ,"How and why might a file system created specifically for storing movies on YouTube's website differ from the businesses outlined in this book?"
 Introduction to Computer Science Ch6 Problem Set B ,"What are the advantages and disadvantages of using logging in your OS?"
 Introduction to Computer Science Ch6 Practice Exercises ,"Search on the Web for"Windows system structure"and compare it with"UNIX/Linux system structure.""
 Introduction to Computer Science Ch6 Practice Exercises ,"Draw a high-level diagram that illustrates the flow of control for an application of your choice that leverages an OS. Make sure that you identify the various components and layers as well as the users involved, if any."
 Introduction to Computer Science Ch6 Practice Exercises ,"Based on the operating system you are using, search on the Web for your operating system architecture."
 Introduction to Computer Science Ch6 Practice Exercises ,"Draw the architecture of your operating system."
 Introduction to Computer Science Ch6 Practice Exercises ,"Give an example of a scenario that requires synchronization."
 Introduction to Computer Science Ch6 Practice Exercises ,"Search on the Web for the most used allocation mechanism."
 Introduction to Computer Science Ch6 Practice Exercises ,"Explain how segments and pages are used to support virtual memory."
 Introduction to Computer Science Ch6 Practice Exercises ,"Search the Web for how to find the total number of inodes using your operating system."
 Introduction to Computer Science Ch6 Practice Exercises ,"Explain the relative merits of various recovery approaches. Start with the ones mentioned in the book and explore more on the Internet as needed."
 Introduction to Computer Science Ch6 Practice Exercises ,"Research various encryption algorithms and provide a summary of the results found."
 Introduction to Computer Science Ch7 Key Terms ,"abstract method - declared without a code block for implementation; the stubs of methods that will be implemented by a class which uses the interface"
 Introduction to Computer Science Ch7 Key Terms ,"abstraction - way of thinking and expressing algorithms to indicate what the programmer wants the hardware to do"
 Introduction to Computer Science Ch7 Key Terms ,"access modifier - keyword that denotes where in code to access a variable or method"
 Introduction to Computer Science Ch7 Key Terms ,"argument - value of a function call, which must match the parameters in both number and data type"
 Introduction to Computer Science Ch7 Key Terms ,"array - named variable that references a block of contiguous memory locations"
 Introduction to Computer Science Ch7 Key Terms ,"array initializer - values separated by commas placed between curly braces"
 Introduction to Computer Science Ch7 Key Terms ,"assembly - process of converting a low-level assembly language product of the compiler into machine language that the computer can execute; binary form"
 Introduction to Computer Science Ch7 Key Terms ,"assignment statement - operation by which a value is stored in a variable"
 Introduction to Computer Science Ch7 Key Terms ,"back end - compiler step that is responsible for code generation or production of the target code"
 Introduction to Computer Science Ch7 Key Terms ,"basic block - minimal-length sequence of instructions that will always execute in its entirety if it executes at all, equivalent to a code block"
 Introduction to Computer Science Ch7 Key Terms ,"best practice - most accepted style and structure of code that can be used to ensure proper software development, which makes it possible to learn new languages easily once a programmer has mastered a given one"
 Introduction to Computer Science Ch7 Key Terms ,"binary operator - operator surrounded by two operands"
 Introduction to Computer Science Ch7 Key Terms ,"Boolean - data types that can hold the values true or false"
 Introduction to Computer Science Ch7 Key Terms ,"bottom-tested loop - condition for further loop iteration set at the exit from the code block"
 Introduction to Computer Science Ch7 Key Terms ,"busy waiting - condition of a process that is continually looking to see if it has access to a critical section, taking processor time from all processes"
 Introduction to Computer Science Ch7 Key Terms ,"bytecode - object code produced by Java compilation, which is then interpreted by the Java virtual machine"
 Introduction to Computer Science Ch7 Key Terms ,"call stack - execution stack that is the data structure that controls the calling and return of functions"
 Introduction to Computer Science Ch7 Key Terms ,"case-sensitive - refers to whether uppercase and lowercase letters are treated as distinct from each other"
 Introduction to Computer Science Ch7 Key Terms ,"class - code blueprint from which objects are constructed"
 Introduction to Computer Science Ch7 Key Terms ,"client-side script - script that runs on a client computer, usually under the control of a web browser and needs an interpreter on the client's machine"
 Introduction to Computer Science Ch7 Key Terms ,"code block - statement that consists of one or more statements that are structured in a sequential group and delineated as such"
 Introduction to Computer Science Ch7 Key Terms ,"code generation - transformation of the code to the target or object language"
 Introduction to Computer Science Ch7 Key Terms ,"coercion - ability of a variable of a data type to be forced to hold a value of a different data type"
 Introduction to Computer Science Ch7 Key Terms ,"combined assignment - when the assignment operator is combined with another operator, usually mathematical, as a shortcut notation"
 Introduction to Computer Science Ch7 Key Terms ,"comment - container used to hold documentation in code"
 Introduction to Computer Science Ch7 Key Terms ,"Common Gateway Interface (CGI) - executable program residing in a special directory known to the web server management program"
 Introduction to Computer Science Ch7 Key Terms ,"Common Language Runtime (CLR) - takes managed code and provides a JIT execution that allows all the languages to play nicely with each other"
 Introduction to Computer Science Ch7 Key Terms ,"compilation - single process that takes the source code that the programmer creates and transforms it into another language"
 Introduction to Computer Science Ch7 Key Terms ,"complex data type - data type consisting of multiple primitive types used as its building blocks"
 Introduction to Computer Science Ch7 Key Terms ,"condition-controlled - loop that will continue to iterate until a specific condition is met"
 Introduction to Computer Science Ch7 Key Terms ,"conditional expression - (also: Boolean expression) evaluates to the Boolean values of true or false"
 Introduction to Computer Science Ch7 Key Terms ,"constructor - specialized method that is called upon to instantiate an object from a class"
 Introduction to Computer Science Ch7 Key Terms ,"count-controlled - loop that will continue to iterate a specific number of times"
 Introduction to Computer Science Ch7 Key Terms ,"decrement operator (--) - unary operator that lowers the value of its operand by one"
 Introduction to Computer Science Ch7 Key Terms ,"destructor - specialized methods used in some languages to destroy an instantiated object and recover its memory"
 Introduction to Computer Science Ch7 Key Terms ,"determinative - loop that is predictable in its number of iterations"
 Introduction to Computer Science Ch7 Key Terms ,"dynamic linker - compilation process which allows the program to be carried over to memory for execution after it runs"
 Introduction to Computer Science Ch7 Key Terms ,"dynamic method binding - all methods are resolved dynamically at runtime, ..."
 Introduction to Computer Science Ch7 Key Terms ,"dynamic memory allocation - allocation of memory storage for use in a computer program during the runtime of that program"
 Introduction to Computer Science Ch7 Key Terms ,"Encapsulation - bundles data and methods within an object, protecting them from outside interference and misuse"
 Introduction to Computer Science Ch7 Key Terms ,"expression - sequence of one or more variables, constants, or operators that can be evaluated to produce a result"
 Introduction to Computer Science Ch7 Key Terms ,"finalize - method that performs cleanup operations on objects before they are garbage collected"
 Introduction to Computer Science Ch7 Key Terms ,"formal parameter - variable that is used in the method definition to represent the argument that will be passed to the method"
 Introduction to Computer Science Ch7 Key Terms ,"garbage collection - method that automatically reclaims memory occupied by objects that are no longer in use"
 Introduction to Computer Science Ch7 Key Terms ,"goto - keyword that transfers control to a labeled statement in the same function"
 Introduction to Computer Science Ch7 Key Terms ,"heap - region of memory used for dynamic memory allocation"
 Introduction to Computer Science Ch7 Key Terms ,"high-level language (HLL) - programming language that supports a high level of abstraction, providing built-in data types and hiding the details of the computer hardware"
 Introduction to Computer Science Ch7 Key Terms ,"hybrid language - programming language that combines different programming paradigms"
 Introduction to Computer Science Ch7 Key Terms ,"imperative programming language - describes a sequence of steps to the computer to solve a problem"
 Introduction to Computer Science Ch7 Key Terms ,"increment operator (++) - unary operator that increases the value of its operand by one"
 Introduction to Computer Science Ch7 Key Terms ,"inheritance - object-oriented feature that allows a class to be based on another class"
 Introduction to Computer Science Ch7 Key Terms ,"integer - numeric data type that stores whole numbers without fractions"
 Introduction to Computer Science Ch7 Key Terms ,"interpreter - program that reads the source code line by line and executes each line as it is read"
 Introduction to Computer Science Ch7 Key Terms ,"iteration - repetition of a process or set of instructions"
 Introduction to Computer Science Ch7 Key Terms ,"Java virtual machine (JVM) - abstract computer that executes Java bytecode"
 Introduction to Computer Science Ch7 Key Terms ,"just-in-time (JIT) compiler - compiler that compiles code just before it is executed, often used in the implementation of programming language runtimes"
 Introduction to Computer Science Ch7 Key Terms ,"keyword - reserved word that has a special meaning to the compiler"
 Introduction to Computer Science Ch7 Key Terms ,"library - collection of precompiled routines that a program can use"
 Introduction to Computer Science Ch7 Key Terms ,"linker - program that combines object modules to form an executable program"
 Introduction to Computer Science Ch7 Key Terms ,"low-level language - programming language that provides little or no abstraction from a computer's instruction set architecture"
 Introduction to Computer Science Ch7 Key Terms ,"member variable - (also: instance variable) variable that is defined in a class"
 Introduction to Computer Science Ch7 Key Terms ,"method - set of instructions that define the behavior of an object"
 Introduction to Computer Science Ch7 Key Terms ,"method signature - part of the method declaration that includes the method name and the parameter list"
 Introduction to Computer Science Ch7 Key Terms ,"middle-level language - programming language that provides some abstraction from the hardware but still allows low-level memory manipulation"
 Introduction to Computer Science Ch7 Key Terms ,"multiple inheritance - feature that allows a class to inherit from more than one parent class"
 Introduction to Computer Science Ch7 Key Terms ,"mutator - method that is used to change the value of a private member variable"
 Introduction to Computer Science Ch7 Key Terms ,"object code - code produced by a compiler or assembler"
 Introduction to Computer Science Ch7 Key Terms ,"object-oriented programming (OOP) - programming paradigm that organizes data and methods into objects"
 Introduction to Computer Science Ch7 Key Terms ,"operator precedence - determines the order in which operations are performed in an expression"
 Introduction to Computer Science Ch7 Key Terms ,"output parameter - parameter that is used to return a value from a function"
 Introduction to Computer Science Ch7 Key Terms ,"polymorphism - object-oriented feature that allows objects of different types to be treated as objects of a common super type"
 Introduction to Computer Science Ch7 Key Terms ,"preprocessor - program that processes the source code before it is passed to the compiler"
 Introduction to Computer Science Ch7 Key Terms ,"primitive data type - basic data type provided by a programming language that is not composed of other data types"
 Introduction to Computer Science Ch7 Key Terms ,"procedural programming - programming paradigm that uses procedures or functions to structure code"
 Introduction to Computer Science Ch7 Key Terms ,"recursion - programming technique where a function calls itself"
 Introduction to Computer Science Ch7 Key Terms ,"refactoring - process of restructuring existing computer code without changing its external behavior"
 Introduction to Computer Science Ch7 Key Terms ,"reference - variable that holds the memory address of another variable"
 Introduction to Computer Science Ch7 Key Terms ,"scope - region of a program where a variable is accessible"
 Introduction to Computer Science Ch7 Key Terms ,"script - program that is interpreted rather than compiled"
 Introduction to Computer Science Ch7 Key Terms ,"selection - programming construct that chooses which block of code to execute based on a condition"
 Introduction to Computer Science Ch7 Key Terms ,"self-documenting code - code that is written in such a way that its purpose is obvious without the need for comments"
 Introduction to Computer Science Ch7 Key Terms ,"semicolon - punctuation character that marks the end of a statement in many programming languages"
 Introduction to Computer Science Ch7 Key Terms ,"server-side script - script that runs on a web server"
 Introduction to Computer Science Ch7 Key Terms ,"sequence - programming construct that executes a block of code in order"
 Introduction to Computer Science Ch7 Key Terms ,"stack - region of memory that is used for static memory allocation"
 Introduction to Computer Science Ch7 Key Terms ,"statement - single instruction in a programming language"
 Introduction to Computer Science Ch7 Key Terms ,"static memory allocation - allocation of memory at compile time that cannot be changed during runtime"
 Introduction to Computer Science Ch7 Key Terms ,"strong typing - programming language characteristic where variables are bound to a specific data type"
 Introduction to Computer Science Ch7 Key Terms ,"structured programming - programming paradigm that uses sequence, selection, and iteration to control the flow of a program"
 Introduction to Computer Science Ch7 Key Terms ,"top-tested loop - condition for further loop iteration set at the entry to the code block"
 Introduction to Computer Science Ch7 Key Terms ,"unary operator - operator that takes only one operand"
 Introduction to Computer Science Ch7 Key Terms ,"variable - named storage location that can hold a value"
 Introduction to Computer Science Ch7 Key Terms ,"virtual function - function that is defined in a base class and can be overridden in derived classes"
 Introduction to Computer Science Ch7 Key Terms ,"void - data type that indicates the absence of a value"
 Introduction to Computer Science Ch7 Key Terms ,"weak typing - programming language characteristic where variables can be assigned values of different data types"
 Introduction to Computer Science Ch7 Key Terms ,"white space - characters in a program that are used for spacing, such as spaces, tabs, and line breaks"
 Introduction to Computer Science Ch7 Conceptual Questions ,"Should all languages be kept simple, small, and straightforward to avoid dangerous complexity? Support your opinion."
 Introduction to Computer Science Ch7 Conceptual Questions ,"Are HLLs purpose-driven? Give some examples of purpose-driven HLLs, expanding on the purpose of each."
 Introduction to Computer Science Ch7 Conceptual Questions ,"Do you think that all high-level programming languages support abstraction? Give a few examples of languages that do, and list abstraction mechanisms that are used in each."
 Introduction to Computer Science Ch7 Conceptual Questions ,"While a similar set of programming language constructs are applicable to all modern HLLs, can you explain why modern HLLs such as C, Java, Python, C++, C#, JavaScript, and PHP are so different?"
 Introduction to Computer Science Ch7 Conceptual Questions ,"Explain how HLLs that support specific programming models can be classified as imperative or declarative."
 Introduction to Computer Science Ch7 Conceptual Questions ,"Why is code optimization sometimes specific to a given HLL?"
 Introduction to Computer Science Ch7 Problem Set A ,"Research how high-level languages have portability restrictions and how some languages handle portability. For example, compare C# and Java on Linux platforms."
 Introduction to Computer Science Ch7 Problem Set A ,"What is the tradeoff between C# being fully compiled and Java running on the JVM?"
 Introduction to Computer Science Ch7 Problem Set A ,"Research for loops. Write a for loop that matches the functionality of the following while loop: int main () { int iter = 0; while(iter < 10) { iter++; printf("%d", iter); } }"
 Introduction to Computer Science Ch7 Problem Set A ,"In C/C++, data types can be returned from a function or used as an output parameter by passing the object by reference using a pointer. Write a piece of code that demonstrates two functions with the same performance, but one that returns a data type and one that uses an output parameter."
 Introduction to Computer Science Ch7 Problem Set A ,"Research what a style guide and coding standard are. Review a sample coding standard for at least three different languages. Are the style guides and coding standards the same for each language? How could the style guides and coding standards lead to well-structured code?"
 Introduction to Computer Science Ch7 Problem Set A ,"Describe how inheritance can simplify the design of a software application. Can inheritance add to the complexity of the software?"
 Introduction to Computer Science Ch7 Problem Set A ,"You are designing a real-time software application, so timing of computations is critical. How could you develop a solution that takes less time to execute? What safety considerations do you need to design around?"
 Introduction to Computer Science Ch7 Problem Set A ,"Research preprocessor definition uses. How can an organization have a common baseline of code but deliver only certain modules of code in a delivery."
 Introduction to Computer Science Ch7 Problem Set B ,"Research how much support and how many APIs are available for cutting-edge technologies for the most popular languages of C#, C++/C, Java, and Python."
 Introduction to Computer Science Ch7 Problem Set B ,"You're the lead software engineer for a team that has two projects on going with the same set of user capability requirements. Since the requirements are the same, you want to find a common solution and develop at least a common module. The client for Project 1 has agreed to a REST API as the standard to interface to the application, while the client for Project 2 will integrate the software as a static library. Project 2 requires that the software needs to run on both Windows and Linux, and C must be the language of choice. Project 1 only needs to run on Windows and has no language constraints. Research C and the level of support for REST API development. Would C be a good choice for the top layer for Project 1? Would Java be a better solution?"
 Introduction to Computer Science Ch7 Problem Set B ,"We have demonstrated that one of C and C++'s features is that you can return a data type and can also use an output parameter to get the output of a function by sending in a pointer to the variable or data structure. Research and explain the pros and cons of using an output parameter by sending in a pointer to the data type."
 Introduction to Computer Science Ch7 Problem Set B ,"Research the concept of garbage collection in programming languages. How do Java and C++ differ in garbage collection?"
 Introduction to Computer Science Ch7 Problem Set B ,"Research how arrays are different between C/C++ and Java in terms of memory allocation. How can this impact safety and reliability of the code?"
 Introduction to Computer Science Ch7 Problem Set B ,"If functional languages such as C cannot build objects using classes, how can a developer create complex data types? Research how structures are used in functional languages to create data types."
 Introduction to Computer Science Ch7 Problem Set B ,"Write three Java classes using polymorphism where there is one super class and two classes that inherit from the super class."
 Introduction to Computer Science Ch7 Problem Set B ,"Research how compilers optimize code at build time and how this is a configurable setting."
 Introduction to Computer Science Ch7 Practice Exercises ,"Research the data types of Java and C++. Write a summary outlining the differences and similarities between the two."
 Introduction to Computer Science Ch7 Practice Exercises ,"Explain the differences between pure compilation, pure interpretation, and hybrids of the two. Give the advantages and disadvantages of each methodology."
 Introduction to Computer Science Ch7 Practice Exercises ,"Programming for iPhone and programming for Android require different purpose-driven HLLs. List the HLLs used for each and summarize some of the differences between them."
 Introduction to Computer Science Ch7 Practice Exercises ,"What are some of the criteria for selecting among various HLLs? Describe these criteria."
 Introduction to Computer Science Ch7 Practice Exercises ,"Describe the purpose of an API and explain how the use of APIs can lead to faster development, increased readability, and less complexity."
 Introduction to Computer Science Ch7 Practice Exercises ,"The Python language controversially uses an indentation of a uniform number of spaces to construct code blocks in control statements and other structures. What are the arguments and pros and cons for using this technique instead of the usual curly braces? To illustrate your answer, please write a short program snippet that demonstrates the pros and cons of indentation (in Java) as compared to curly braces (in Python)."
 Introduction to Computer Science Ch7 Practice Exercises ,"Write a conditional statement to determine if a variable is within a specific numerical boundary, and if so, multiply the number by 2, and if not, multiply the number by itself."
 Introduction to Computer Science Ch7 Practice Exercises ,"Research what Fibonacci numbers are. Write a recursive program that finds the Nth number of the Fibonacci sequence."
 Introduction to Computer Science Ch7 Practice Exercises ,"Interpret the following program snippet. What will the function return? int main() { int x = 1; int y = 7; if (x == 1 && y > 10) { return 0; } else if (x < 0"
 Introduction to Computer Science Ch7 Practice Exercises ,"Write a do while loop that will execute five times."
 Introduction to Computer Science Ch7 Practice Exercises ,"Encapsulation is one of the three fundamental components of object-oriented programming. Write a summary which defines the term and explains the advantages of it. Please provide a code snippet that demonstrates poor usage of encapsulation and improve it to highlight the advantages of proper encapsulation."
 Introduction to Computer Science Ch7 Practice Exercises ,"Write a short program in JavaScript that asks the user to input the base and height of a triangle. Calculate the area of the triangle and print it back out."
 Introduction to Computer Science Ch7 Practice Exercises ,"One of the key features of OOP is inheritance. Research multiple inheritance and how Java and C++ differ when it comes to multiple inheritance. Why would restricting multiple inheritance be a good idea?"
 Introduction to Computer Science Ch7 Practice Exercises ,"Research the synchronized keyword in Java. Implement a critical section of code in Java by using the synchronized keyword."
 Introduction to Computer Science Ch7 Practice Exercises ,"The back end of a conventional compiler differs from that of a JIT compiler. List the ways that they are different. Does their design add to their differences?"
 Introduction to Computer Science Ch7 Practice Exercises ,"Implement a code block in C++ that is only"activated"when we are debugging the application using a preprocessor definition."
 Introduction to Computer Science Ch7 Practice Exercises ,"Run the program you wrote above in GDB. Explore setting breakpoints and setting watches on variables as they change. You can either download and install GDB on your computer or use the free online website that runs GDB for you."
 Introduction to Computer Science Ch8 Key Terms ,"analytics process model - provides a statistical analysis using a set of processes to solve system problems and find a new market opportunity"
 Introduction to Computer Science Ch8 Key Terms ,"archival backup - storing the data in different servers/sites"
 Introduction to Computer Science Ch8 Key Terms ,"asynchronous call - client sends a request without waiting for the response"
 Introduction to Computer Science Ch8 Key Terms ,"atomicity, consistency, isolation, durability (ACID) - properties that impose a number of constraints to ensure that stored data are reliable and accurate"
 Introduction to Computer Science Ch8 Key Terms ,"attribute - column header"
 Introduction to Computer Science Ch8 Key Terms ,"blockchain DBMS - database that stores data as a block data structure and each block is connected to other blocks by providing cryptographic security and immutability"
 Introduction to Computer Science Ch8 Key Terms ,"business intelligence (BI) - set of activities, techniques, and tools aimed at understanding patterns in past data to predict the future"
 Introduction to Computer Science Ch8 Key Terms ,"CAP theorem - states that a distributed computer system cannot guarantee consistency, availability, and partition tolerance at the same time"
 Introduction to Computer Science Ch8 Key Terms ,"centralized DBMS architecture - data are maintained on a centralized server at a single location"
 Introduction to Computer Science Ch8 Key Terms ,"change data capture (CDC) - technology that detects any data update event and keeps track of versions"
 Introduction to Computer Science Ch8 Key Terms ,"cloud DBMS architecture - DBMS and database are hosted by a third-party cloud provider"
 Introduction to Computer Science Ch8 Key Terms ,"cluster - single computer that can dramatically improve the performance, availability, and scalability over a single, more powerful machine and at a lower cost by using commodity hardware"
 Introduction to Computer Science Ch8 Key Terms ,"cognitive computing - technology tries to simulate human's way in solving problems"
 Introduction to Computer Science Ch8 Key Terms ,"column-oriented database - database that stores data in column families or tables and is built to manage petabytes of data across a massive, distributed system"
 Introduction to Computer Science Ch8 Key Terms ,"computer scientist - person who has theoretical and practical knowledge of computer science."
 Introduction to Computer Science Ch8 Key Terms ,"concurrency control - coordination of transactions that execute simultaneously on the same data so that they do not cause inconsistencies because of mutual interference"
 Introduction to Computer Science Ch8 Key Terms ,"connection manager - manages reports, books, objects, and batches"
 Introduction to Computer Science Ch8 Key Terms ,"data - information and facts that are stored digitally by a computer"
 Introduction to Computer Science Ch8 Key Terms ,"data accuracy - whether the data values stored for an object are the correct values and are often correlated with other DQ dimensions"
 Introduction to Computer Science Ch8 Key Terms ,"Data as a Service (DaaS) - data management technique that uses the cloud to store, process, and manage data"
 Introduction to Computer Science Ch8 Key Terms ,"data completeness - degree to which all data in a specific dataset are available with a minimum percentage of missing data"
 Introduction to Computer Science Ch8 Key Terms ,"data compliance - process that ensures that data practices align with external legal requirements and industry standards"
 Introduction to Computer Science Ch8 Key Terms ,"data consistency - keeping data consistent as it moves between various parts of the system"
 Introduction to Computer Science Ch8 Key Terms ,"data consolidation - use of ETL to capture data from multiple sources and integrate it into a single store such as a data warehouse"
 Introduction to Computer Science Ch8 Key Terms ,"data control language (DCL) - language used to control access to data stored in a database"
 Introduction to Computer Science Ch8 Key Terms ,"data description language (DDL) - language used to create and modify the object structure in a database"
 Introduction to Computer Science Ch8 Key Terms ,"data description language (DDL) compiler - translates statements in a high-level language into low-level instructions that the query evaluation engine understands"
 Introduction to Computer Science Ch8 Key Terms ,"data dictionary - set of information describing the contents, format, and structure of a database"
 Introduction to Computer Science Ch8 Key Terms ,"data federation - use of enterprise information integration (EII) to provide a unified view over data sources"
 Introduction to Computer Science Ch8 Key Terms ,"data governance - set of clear roles, policies, and responsibilities that enables the enterprise to manage and safeguard data quality"
 Introduction to Computer Science Ch8 Key Terms ,"data integration - providing a consistent view of all organization data"
 Introduction to Computer Science Ch8 Key Terms ,"data lake - large data repository that stores raw data and can be set up without having to first define the data structure and schema"
 Introduction to Computer Science Ch8 Key Terms ,"data management - study of managing data effectively"
 Introduction to Computer Science Ch8 Key Terms ,"data manipulation language (DML) - language used to manipulate and edit data in a database"
 Introduction to Computer Science Ch8 Key Terms ,"data mart - scaled-down version of a data warehouse aimed at meeting the information needs of a homogeneous small group of end users"
 Introduction to Computer Science Ch8 Key Terms ,"data model - abstract model that contains a set of concepts to describe the structure of a database, the ..."
 Introduction to Computer Science Ch8 Key Terms ,"data profiling - process of analyzing data to understand its structure, content, and quality"
 Introduction to Computer Science Ch8 Key Terms ,"data quality (DQ) - measure of how well a dataset meets the needs of its intended use"
 Introduction to Computer Science Ch8 Key Terms ,"data relevancy - whether the data are applicable and useful for a given purpose"
 Introduction to Computer Science Ch8 Key Terms ,"data security - protection of data from unauthorized access, use, disclosure, disruption, modification, or destruction"
 Introduction to Computer Science Ch8 Key Terms ,"data steward - person responsible for managing a specific set of data"
 Introduction to Computer Science Ch8 Key Terms ,"data timeliness - measure of how current the data are relative to the time they were collected"
 Introduction to Computer Science Ch8 Key Terms ,"data transformation - process of converting data from one format to another"
 Introduction to Computer Science Ch8 Key Terms ,"data validation - process of ensuring that data are correct and useful"
 Introduction to Computer Science Ch8 Key Terms ,"data warehouse - large, centralized repository of data that has been extracted from various sources"
 Introduction to Computer Science Ch8 Key Terms ,"database - organized collection of data"
 Introduction to Computer Science Ch8 Key Terms ,"database administrator (DBA) - person responsible for managing databases"
 Introduction to Computer Science Ch8 Key Terms ,"database management system (DBMS) - software that is used to create, maintain, and manage databases"
 Introduction to Computer Science Ch8 Key Terms ,"DBMS architecture - set of rules that defines how a database management system is structured"
 Introduction to Computer Science Ch8 Key Terms ,"degree of homogeneity - measure of how similar the data in a dataset are"
 Introduction to Computer Science Ch8 Key Terms ,"dimension - specific categorical attribute in a data warehouse"
 Introduction to Computer Science Ch8 Key Terms ,"distributed DBMS architecture - data are stored across multiple computers connected by a network"
 Introduction to Computer Science Ch8 Key Terms ,"document store - type of NoSQL database that stores data as documents"
 Introduction to Computer Science Ch8 Key Terms ,"entity integrity - property that each row in a database table must have a unique identifier"
 Introduction to Computer Science Ch8 Key Terms ,"extract, transform, load (ETL) - process of extracting data from source systems, transforming it to fit the target system, and loading it into the target system"
 Introduction to Computer Science Ch8 Key Terms ,"fact - numeric measurement that is stored in a data warehouse"
 Introduction to Computer Science Ch8 Key Terms ,"foreign key - column or set of columns in a table that refers to the primary key of another table"
 Introduction to Computer Science Ch8 Key Terms ,"graph database - type of NoSQL database that stores data as nodes and edges"
 Introduction to Computer Science Ch8 Key Terms ,"Hadoop - open-source software framework for storing and processing big data"
 Introduction to Computer Science Ch8 Key Terms ,"hierarchical data model - data model that organizes data in a tree-like structure"
 Introduction to Computer Science Ch8 Key Terms ,"in-memory database - database that stores data in a computer's main memory rather than on disk"
 Introduction to Computer Science Ch8 Key Terms ,"informatics - interdisciplinary field that studies the use of information technology to solve problems"
 Introduction to Computer Science Ch8 Key Terms ,"information - data that has been processed in a way that makes it useful"
 Introduction to Computer Science Ch8 Key Terms ,"information architect - person who organizes and structures information"
 Introduction to Computer Science Ch8 Key Terms ,"information technology (IT) - use of computers to store, retrieve, and transmit data"
 Introduction to Computer Science Ch8 Key Terms ,"integrity constraint - rule that ensures that data in a database are accurate and consistent"
 Introduction to Computer Science Ch8 Key Terms ,"Java Database Connectivity (JDBC) - Java API for connecting to databases"
 Introduction to Computer Science Ch8 Key Terms ,"key-value store - type of NoSQL database that stores data as a collection of key-value pairs"
 Introduction to Computer Science Ch8 Key Terms ,"knowledge - information that has been understood and integrated with existing knowledge"
 Introduction to Computer Science Ch8 Key Terms ,"MapReduce - programming model for processing large datasets"
 Introduction to Computer Science Ch8 Key Terms ,"measure - numeric value that is stored in a data warehouse"
 Introduction to Computer Science Ch8 Key Terms ,"metadata - data about data"
 Introduction to Computer Science Ch8 Key Terms ,"NoSQL database - type of database that does not use the relational model"
 Introduction to Computer Science Ch8 Key Terms ,"normalization - process of organizing data in a database to reduce redundancy and improve integrity"
 Introduction to Computer Science Ch8 Key Terms ,"object database (ODB) - type of database that stores data as objects"
 Introduction to Computer Science Ch8 Key Terms ,"object-relational database (ORDB) - type of database that combines object-oriented and relational features"
 Introduction to Computer Science Ch8 Key Terms ,"online analytical processing (OLAP) - process of analyzing data in a data warehouse"
 Introduction to Computer Science Ch8 Key Terms ,"online transaction processing (OLTP) - process of managing transactions in a database"
 Introduction to Computer Science Ch8 Key Terms ,"open database connectivity (ODBC) - standard API for connecting to databases"
 Introduction to Computer Science Ch8 Key Terms ,"operational data store (ODS) - database that serves as a staging area for a data warehouse"
 Introduction to Computer Science Ch8 Key Terms ,"primary key - column or set of columns that uniquely identifies each row in a table"
 Introduction to Computer Science Ch8 Key Terms ,"query language - language used to retrieve data from a database"
 Introduction to Computer Science Ch8 Key Terms ,"record - row in a database table"
 Introduction to Computer Science Ch8 Key Terms ,"referential integrity - property that ensures that a foreign key value always refers to an existing primary key value"
 Introduction to Computer Science Ch8 Key Terms ,"relational database - type of database that organizes data into tables"
 Introduction to Computer Science Ch8 Key Terms ,"schema - structure of a database"
 Introduction to Computer Science Ch8 Key Terms ,"Slowly Changing Dimension (SCD) - dimension in a data warehouse that changes slowly over time"
 Introduction to Computer Science Ch8 Key Terms ,"Snowflake schema - type of data warehouse schema that normalizes dimension tables"
 Introduction to Computer Science Ch8 Key Terms ,"SQL (Structured Query Language) - standard language for managing relational databases"
 Introduction to Computer Science Ch8 Key Terms ,"star schema - type of data warehouse schema that uses a central fact table surrounded by dimension tables"
 Introduction to Computer Science Ch8 Key Terms ,"structured data - data that conforms to a predefined schema"
 Introduction to Computer Science Ch8 Key Terms ,"table - collection of rows and columns in a database"
 Introduction to Computer Science Ch8 Key Terms ,"unstructured data - data that does not conform to a predefined schema"
 Introduction to Computer Science Ch8 Key Terms ,"wisdom - knowledge that has been applied to make decisions"
 Introduction to Computer Science Ch8 Key Terms ,"workflow - sequence of tasks that process a set of data"
 Introduction to Computer Science Ch8 Conceptual Questions ,"How can you measure the effectiveness of data governance in an organization, and can you quantify it?"
 Introduction to Computer Science Ch8 Conceptual Questions ,"What is the relationship between data governance and data quality?"
 Introduction to Computer Science Ch8 Conceptual Questions ,"Should the age of data be a factor in the quality of data?"
 Introduction to Computer Science Ch8 Conceptual Questions ,"We typically use the"pyramid of knowledge"to relate to the various level of abstractions encountered when managing data. These levels are known (going from top to bottom) as data, information, knowledge, and wisdom. Can you explain why we use a pyramid to represent the levels of abstraction? Give a specific example of a pyramid starting with actual data. Can you explain the thinking process that makes it possible to go from one level to another?"
 Introduction to Computer Science Ch8 Conceptual Questions ,"Why would it be easier to scale unstructured data than structured data?"
 Introduction to Computer Science Ch8 Conceptual Questions ,"Use a free trial version of ErWin to put together a universe of discourse (UoD) for a conceptual relational model involving the following entities: EMPLOYEE, DEPARTMENT, PROJECT, WORKS_ON."
 Introduction to Computer Science Ch8 Conceptual Questions ,"Both NFNFs and ODBs allow nested queries. Can you explain why ODBs are better at supporting deeply nested queries? (Hint: Think about object identity.)"
 Introduction to Computer Science Ch8 Conceptual Questions ,"Draw a simple star schema for a problem involving product sales according to time, region, and price."
 Introduction to Computer Science Ch8 Conceptual Questions ,"Explain the use of MapReduce on the simple example that consists of counting words in a very large document."
 Introduction to Computer Science Ch8 Conceptual Questions ,"How can informatics be used to solve problems?"
 Introduction to Computer Science Ch8 Problem Set A ,"You are working for a large retailer, and you are given access to radio frequency identification (RFID) devices, which give you the ability to tag every item the company has in stock. Describe the team you would recommend putting together to derive some real benefits about the tagging, and recommend an approach to drive improvements in sales."
 Introduction to Computer Science Ch8 Problem Set A ,"Provide an example of data governance relating accuracy, accessibility, and security."
 Introduction to Computer Science Ch8 Problem Set A ,"Give an example of data that could benefit from being represented using the hierarchical model."
 Introduction to Computer Science Ch8 Problem Set A ,"Write a use case that would suggest that SQL is a better choice than NoSQL, and explain why it's a better choice."
 Introduction to Computer Science Ch8 Problem Set A ,"Write a use case that would suggest NoSQL is a better choice than SQL would be, and explain why it's a better choice."
 Introduction to Computer Science Ch8 Problem Set A ,"Develop a conceptual model using ErWin and map the conceptual schema to a relational database schema for a database target of your choice. Review the generated SQL statements and comment on them. Then populate the resulting database with sample data of your choice and create an SQL query that will let you retrieve all the employees that work on a given project."
 Introduction to Computer Science Ch8 Problem Set A ,"Research some popular SQL and NoSQL tools. Create a list of tools that are available for each database type. Download a version of an SQL and NoSQL tool of your choice and create a table in each."
 Introduction to Computer Science Ch8 Problem Set A ,"Contrast operational, tactical, and strategic decision-making. Illustrate with an example in - an online retail setting (e.g., Amazon, Netflix, eBay), - a bank setting, or - a university setting."
 Introduction to Computer Science Ch8 Problem Set A ,"Ideally, data integration should include - only data. - only processes. - both processes and data."
 Introduction to Computer Science Ch8 Problem Set A ,"What components does the base Hadoop stack include?"
 Introduction to Computer Science Ch8 Problem Set A ,"Explain how informatics relates to sports."
 Introduction to Computer Science Ch8 Problem Set A ,"Explain how informatics relates to urban life."
 Introduction to Computer Science Ch8 Problem Set B ,"During the COVID-19 pandemic, testing for active COVID infection using nasal swabs increased significantly. Examples of the collected features are name, age, sex, and symptoms (cough, sore throat, loss of smell and taste, fever >100.2°F, shortness of breath, rash, headache, and congestion). Create a data dictionary table with the following attributes: - Name: attribute name - Definition: describe the attribute - Data type: attribute data type - Possible values: the possible values for the attributes"
 Introduction to Computer Science Ch8 Problem Set B ,"Explore the concept of the age of data by researching an example of a piece of data that changes rapidly and a piece of data that does not change over the course of time. Provide a suggestion on how to use the data and determine if the data are not relevant and no longer accurate."
 Introduction to Computer Science Ch8 Problem Set B ,"Explain the difference between OLTP and OLAP using a practical example."
 Introduction to Computer Science Ch8 Problem Set B ,"Suggest criteria for selecting an open-source versus a commercial database system."
 Introduction to Computer Science Ch8 Problem Set B ,"A food delivery service wants to gather the personal information of new clients and uses an online form in which all fields are required to be filled. Which record organization technique would be preferred for this purpose? Why would it be the best choice?"
 Introduction to Computer Science Ch8 Problem Set B ,"Select a key-value store of your choice and implement a sample application using it."
 Introduction to Computer Science Ch8 Problem Set B ,"Discuss four approaches to deal with slowly changing dimensions in a data warehouse. Can any of these approaches be used to deal with rapidly changing dimensions?"
 Introduction to Computer Science Ch8 Problem Set B ,"Discuss some application areas where the usage of streaming analytics (such as provided by Spark Streaming) might be valuable. Consider X (formerly Twitter), but also other contexts."
 Introduction to Computer Science Ch8 Problem Set B ,"If Spark's GraphX library provides a number of interesting algorithms for graph-based analytics, do you think that graph-based NoSQL databases are still necessary? Explain why or why not. Search the Web on how to run Neo4j together with Spark and explain which roles they both serve in such an environment."
 Introduction to Computer Science Ch8 Problem Set B ,"Design a sample end-to-end informatics solution for an area of your choice. If you have time, implement a simple prototype of your solution as a web-based application using a data management infrastructure of your choice."
 Introduction to Computer Science Ch8 Practice Exercises ,"Draw a flow diagram that explains how information architects, database designers, data owners, data stewards, database administrators, and data scientists coordinate their activities."
 Introduction to Computer Science Ch8 Practice Exercises ,"Research how bad data can result in bad information and why sources impact the quality of the data."
 Introduction to Computer Science Ch8 Practice Exercises ,"Draw a diagram of a DBMS architecture that could be used to run a medium-scale website."
 Introduction to Computer Science Ch8 Practice Exercises ,"Research and provide a few examples of pros and cons of SQL databases compared to NoSQL databases."
 Introduction to Computer Science Ch8 Practice Exercises ,"Which statement is correct? - The Boyce-Codd normal form is more strict than the fourth normal form. - The Boyce-Codd normal form is more strict than the third normal form. - The second normal form is more strict than the Boyce-Codd normal form. - The first normal form is more strict than the Boyce-Codd normal form."
 Introduction to Computer Science Ch8 Practice Exercises ,"Give practical examples of applications where it would be best to use the following: key-value store, document store, column-oriented database, graph-based database"
 Introduction to Computer Science Ch8 Practice Exercises ,"Use a simple example to explain the difference between hindsight, foresight, and insight. What type of technology can be used to derive each one of these?"
 Introduction to Computer Science Ch8 Practice Exercises ,"Which Amazon tool would you use to turn text into speech? What are the other tools listed used for? - Amazon Lex - Amazon Echo - Amazon Polly - Amazon Rekognition"
 Introduction to Computer Science Ch8 Practice Exercises ,"State a major constituent of informatics."
 Introduction to Computer Science Ch9 Key Terms ,"acceptance testing - process used to determine whether the software solution fulfills the customer's expectations, also called user acceptance testing"
 Introduction to Computer Science Ch9 Key Terms ,"accessibility testing - subset of usability testing that focuses specifically on the needs of users with disabilities"
 Introduction to Computer Science Ch9 Key Terms ,"Agile Software Development Ecosystem (ASDE) - Agile SDLC frameworks and methods that emphasize the difficulty of predicting future needs and thus avoid creating long-term plans and fixed processes so developers can instead collaborate with customers and adjust to their current needs"
 Introduction to Computer Science Ch9 Key Terms ,"application software - software that enables you to fulfill common tasks such as creating a text document, drawing a picture, or playing music"
 Introduction to Computer Science Ch9 Key Terms ,"architecture management - helps improve the architectural design while it is under development"
 Introduction to Computer Science Ch9 Key Terms ,"automated testing - form of testing that uses software tools to check functionality of a software system or some of its parts; this allows for repeating tests without requiring repeated effort on the part of the tester"
 Introduction to Computer Science Ch9 Key Terms ,"availability - measure of how busy a system is when a user attempts to use it"
 Introduction to Computer Science Ch9 Key Terms ,"black box testing - manner of testing where the tests are based on the requirements and the functionality of what is being tested without the need to focus on the code itself; input-output testing, specification-based testing, and behavioral testing"
 Introduction to Computer Science Ch9 Key Terms ,"bug - issue or error with software programming"
 Introduction to Computer Science Ch9 Key Terms ,"bug tracking system - aids in the tracking and resolution of fixing issues with software"
 Introduction to Computer Science Ch9 Key Terms ,"closed-source - form of software licensing that prohibits access to underlying source code; this type of software is typically developed for organizations or for software that is meant to be sold"
 Introduction to Computer Science Ch9 Key Terms ,"code coverage - measurement of the percentage of code that is activated or reviewed by unit tests"
 Introduction to Computer Science Ch9 Key Terms ,"code review - process whereby the source code written by one developer is manually inspected by another developer or a team of reviewers"
 Introduction to Computer Science Ch9 Key Terms ,"construction phase - framework activity in which the design documents are used to write corresponding source code in a programming language and to create any supporting assets"
 Introduction to Computer Science Ch9 Key Terms ,"containerized - software packaged in such a way that it can run on different computer systems easily"
 Introduction to Computer Science Ch9 Key Terms ,"crosscutting activity - (also: umbrella activity) activity that crosscuts the entire software development process but is not part of the main building steps themselves"
 Introduction to Computer Science Ch9 Key Terms ,"debugger - program that assists in detecting and correcting bugs; it does this by allowing the user to pause program execution at any statement, view the state of the program at that moment, before allowing the computer to continue until the next statement at which they want to pause"
 Introduction to Computer Science Ch9 Key Terms ,"deployment - framework activity that involves making the developed software solution available to users"
 Introduction to Computer Science Ch9 Key Terms ,"design pattern - reusable solution to a design problem that software engineers repeatedly encounter while architecting and designing systems"
 Introduction to Computer Science Ch9 Key Terms ,"detail-level design (DLD) - focuses on detailing or expanding upon the HLD; as part of the DLD, every element of a system is provided with detailed specifications, and the logic for each component within each module of a system solution is determined"
 Introduction to Computer Science Ch9 Key Terms ,"DevOps model - Agile software process model that combines practices of software development and operations and uses a short development life cycle and continuous delivery to achieve high-quality software products"
 Introduction to Computer Science Ch9 Key Terms ,"dynamic quality - nonfunctional feature that relates to the qualitative behavior of software while it is in use, which means that it also depends on the hardware that the system runs on"
 Introduction to Computer Science Ch9 Key Terms ,"elaboration phase - framework activity that involves further analyzing the requirements to produce design models of the system to be developed"
 Introduction to Computer Science Ch9 Key Terms ,"embedded software - software that is integrated with hardware and can include both application and system software features"
 Introduction to Computer Science Ch9 Key Terms ,"extensibility - measure of the amount of work and cost required to add new features to software"
 Introduction to Computer Science Ch9 Key Terms ,"flexibility - measure of the amount of work and cost required to make changes to a system when requirements change"
 Introduction to Computer Science Ch9 Key Terms ,"functional requirement - based on expectations of the user for the inherent characteristics of the software"
 Introduction to Computer Science Ch9 Key Terms ,"gray box testing - manner of testing in which the person who designs the test has a partial ..."
 Introduction to Computer Science Ch9 Key Terms ,"high-level design (HLD) - framework activity in which the system is broken down into components and the relationships between those components are defined"
 Introduction to Computer Science Ch9 Key Terms ,"incremental model - software development model in which the software is built in small, manageable increments"
 Introduction to Computer Science Ch9 Key Terms ,"inception phase - framework activity in which the project's scope and feasibility are determined"
 Introduction to Computer Science Ch9 Key Terms ,"integration testing - testing that focuses on how the components of a system work together"
 Introduction to Computer Science Ch9 Key Terms ,"iterative model - software development model in which the software is developed in cycles"
 Introduction to Computer Science Ch9 Key Terms ,"legacy system - old software system that is still in use"
 Introduction to Computer Science Ch9 Key Terms ,"licensing - legal permission to use software"
 Introduction to Computer Science Ch9 Key Terms ,"lint - tool that analyzes source code to flag programming errors, bugs, stylistic errors, and suspicious constructs"
 Introduction to Computer Science Ch9 Key Terms ,"load testing - testing that measures how a system behaves under a specific load"
 Introduction to Computer Science Ch9 Key Terms ,"maintainability - measure of how easily software can be modified"
 Introduction to Computer Science Ch9 Key Terms ,"nonfunctional requirement - requirement that specifies criteria that can be used to judge the operation of a system, rather than specific behaviors"
 Introduction to Computer Science Ch9 Key Terms ,"open-source - form of software licensing that allows access to the underlying source code"
 Introduction to Computer Science Ch9 Key Terms ,"performance testing - testing that measures how well a system performs under a particular workload"
 Introduction to Computer Science Ch9 Key Terms ,"product line - set of software systems that share a common architecture and are developed from a common set of assets"
 Introduction to Computer Science Ch9 Key Terms ,"prototyping - process of creating a working model of a software system"
 Introduction to Computer Science Ch9 Key Terms ,"quality assurance (QA) - process of ensuring that a software system meets the required quality standards"
 Introduction to Computer Science Ch9 Key Terms ,"refactoring - process of restructuring existing computer code without changing its external behavior"
 Introduction to Computer Science Ch9 Key Terms ,"regression testing - testing that is performed to ensure that changes to a system have not introduced new bugs"
 Introduction to Computer Science Ch9 Key Terms ,"requirement - condition or capability that a system must satisfy"
 Introduction to Computer Science Ch9 Key Terms ,"requirements engineering (RE) - process of defining, documenting, and maintaining requirements"
 Introduction to Computer Science Ch9 Key Terms ,"scalability - measure of how well a system can handle increased workload"
 Introduction to Computer Science Ch9 Key Terms ,"security testing - testing that focuses on the security of a system"
 Introduction to Computer Science Ch9 Key Terms ,"software architecture - high-level structure of a software system"
 Introduction to Computer Science Ch9 Key Terms ,"software development life cycle (SDLC) - process that is used to design, develop, and test software"
 Introduction to Computer Science Ch9 Key Terms ,"software engineering - discipline that applies engineering principles to software development"
 Introduction to Computer Science Ch9 Key Terms ,"software process improvement (SPI) - process of improving the software development process"
 Introduction to Computer Science Ch9 Key Terms ,"software quality - measure of how well a software system meets its requirements"
 Introduction to Computer Science Ch9 Key Terms ,"static quality - nonfunctional feature that relates to the structure of the software itself"
 Introduction to Computer Science Ch9 Key Terms ,"stress testing - testing that measures how a system behaves under extreme conditions"
 Introduction to Computer Science Ch9 Key Terms ,"system software - software that manages the basic operations of the computer"
 Introduction to Computer Science Ch9 Key Terms ,"test case - set of inputs, execution conditions, and expected results that are used to test a software system"
 Introduction to Computer Science Ch9 Key Terms ,"test coverage - measure of how much of a software system is tested"
 Introduction to Computer Science Ch9 Key Terms ,"test plan - document that describes the scope, approach, resources, and schedule of testing activities"
 Introduction to Computer Science Ch9 Key Terms ,"test-driven development (TDD) - software development process in which tests are written before the code"
 Introduction to Computer Science Ch9 Key Terms ,"testing - process of evaluating a software system to find differences between expected and actual behavior"
 Introduction to Computer Science Ch9 Key Terms ,"transition phase - framework activity in which the software is deployed to users"
 Introduction to Computer Science Ch9 Key Terms ,"unit testing - testing that focuses on individual components of a system"
 Introduction to Computer Science Ch9 Key Terms ,"usability testing - testing that measures how easy a system is to use"
 Introduction to Computer Science Ch9 Key Terms ,"user acceptance testing (UAT) - process used to determine whether the software solution fulfills the customer's expectations"
 Introduction to Computer Science Ch9 Key Terms ,"validation - process of ensuring that a system meets the needs of its users"
 Introduction to Computer Science Ch9 Key Terms ,"verification - process of ensuring that a system meets its requirements"
 Introduction to Computer Science Ch9 Key Terms ,"waterfall model - software development model in which development proceeds through a series of phases"
 Introduction to Computer Science Ch9 Key Terms ,"white box testing - manner of testing where the tests are based on the internal structure of the code"
 Introduction to Computer Science Ch9 Conceptual Questions ,"Explain what is wrong with the notion that computer software does not need to evolve over time."
 Introduction to Computer Science Ch9 Conceptual Questions ,"Explain why nonfunctional requirements are an important part of the requirements for software products."
 Introduction to Computer Science Ch9 Conceptual Questions ,"Explain why a software engineer needs to have solid knowledge of programming languages."
 Introduction to Computer Science Ch9 Conceptual Questions ,"What is an iteration in iterative development?"
 Introduction to Computer Science Ch9 Conceptual Questions ,"What is an increment in iterative development?"
 Introduction to Computer Science Ch9 Conceptual Questions ,"What are the key issues addressed by an Agile approach in software engineering?"
 Introduction to Computer Science Ch9 Conceptual Questions ,"What are the drawbacks of the waterfall model?"
 Introduction to Computer Science Ch9 Conceptual Questions ,"What are the benefits of DevOps?"
 Introduction to Computer Science Ch9 Conceptual Questions ,"What is the overall purpose of testing in software engineering?"
 Introduction to Computer Science Ch9 Conceptual Questions ,"What is path coverage?"
 Introduction to Computer Science Ch9 Conceptual Questions ,"What are three ways code coverage can be measured and what does each do?"
 Introduction to Computer Science Ch9 Conceptual Questions ,"What are design patterns? Provide an example of a design pattern."
 Introduction to Computer Science Ch9 Conceptual Questions ,"What is the benefit of licensing software?"
 Introduction to Computer Science Ch9 Conceptual Questions ,"What type of license could you use if you were okay with sharing your application's source code and allowing others to use or modify it?"
 Introduction to Computer Science Ch9 Conceptual Questions ,"Can we get to a point in the next twenty years where we will no longer need software engineers or to write code?"
 Introduction to Computer Science Ch9 Conceptual Questions ,"Ethically, what are five things listed in this chapter a software engineer should never do?"
 Introduction to Computer Science Ch9 Problem Set A ,"Determine at least six functional requirements for a navigational software program that could be used within an automobile."
 Introduction to Computer Science Ch9 Problem Set A ,"If you were asked to define functional (software) requirements to build a digital pencil (e.g., stylus), what are four possible requirements? Note that while a stylus includes a mix of hardware and software requirements, the same level of thought and detail goes into the process of defining requirements for the software portion."
 Introduction to Computer Science Ch9 Problem Set A ,"What would be some of the nonfunctional requirements applicable to a virtual reality (VR) application?"
 Introduction to Computer Science Ch9 Problem Set A ,"You've been asked to help determine the requirements for a new software product. This product is a simple calculator. The project is expected to use an iterative approach with at least three iterations. Consider the following requirements and determine who you might prioritize and group them. Explain the reasoning behind your prioritization, considering factors such as user value and project complexity. - Program should accept whole and rational numbers. - Program should allow for addition, subtraction, multiplication, and division. - Program should allow for determining the square root of a number. - Program should display the results of the operation only after the equal button is selected. - Program should allow for grouping of actions by using parentheses. For example, the calculator should allow the following to be entered: 2 + (10 / 2) = and should receive the result of 7, not 6 or any other value. - Program should allow for numbers to be in decimal or octal format. - Program should allow the user to clear the last value entered or all values entered."
 Introduction to Computer Science Ch9 Problem Set A ,"Research Scaled Agile Framework (SAFe) and summarize how it can be useful for projects of a very large size and how organizations can use it to effectively manage multiple teams in an Agile development environment."
 Introduction to Computer Science Ch9 Problem Set A ,"Often Agile development is used to create products that are based on emerging technologies. Why do you think this is?"
 Introduction to Computer Science Ch9 Problem Set A ,"Why does part of the Agile development model involve minimizing documentation?"
 Introduction to Computer Science Ch9 Problem Set A ,"Identify specific business or personal situations related to ethics in software engineering, and explain how you would react to them."
 Introduction to Computer Science Ch9 Problem Set A ,"Research and compare pros and cons of open-source software and paid software licenses."
 Introduction to Computer Science Ch9 Problem Set A ,"Research various Integrated Development Environments and summarize why some IDEs are aimed at different types of development efforts and programming languages."
 Introduction to Computer Science Ch9 Problem Set B ,"Choose a software program you use frequently. This could be a game, social media platform, productivity tool, or anything else. Analyze its functionalities and identify six areas for improvement. For each improvement, describe the benefit it would bring to the user experience."
 Introduction to Computer Science Ch9 Problem Set B ,"Imagine you're designing a software system for a library. List at least six functional requirements this system should meet."
 Introduction to Computer Science Ch9 Problem Set B ,"Besides functionality, what are at least three nonfunctional requirements that are important for a library information system? Explain why each requirement is important."
 Introduction to Computer Science Ch9 Problem Set B ,"What are the questions that should be answered by each team member at the daily Scrum meeting?"
 Introduction to Computer Science Ch9 Problem Set B ,"Safety critical applications are key components of a system that would severely impact the safety and well-being of the users and bystanders. Provide an example of a safety critical application that, if the software of that component would fail, could cause catastrophic consequences to the life and safety of users and bystanders."
 Introduction to Computer Science Ch9 Problem Set B ,"Research the Boeing 737 Max 8 Maneuvering Characteristics Augmentation System (MCAS) software and sensor problem. What went wrong and how could Boeing and the Federal Aviation Administration (FAA) have done a better job of developing and testing a safety critical application?"
 Introduction to Computer Science Ch9 Problem Set B ,"As a software developer, you wrote a routine that converts degrees Fahrenheit to degrees Celsius and you want to test it. How would you suggest performing unit testing of this functionality?"
 Introduction to Computer Science Ch9 Problem Set B ,"Explain how you could create an open world machine learning bot that could trade on a financial exchange."
 Introduction to Computer Science Ch9 Problem Set B ,"Identify new examples of software as a differentiator for products and services."
 Introduction to Computer Science Ch9 Practice Exercises ,"List five computer technology areas that a software engineer should be familiar with. Consider how each could impact or be applied to a software solution."
 Introduction to Computer Science Ch9 Practice Exercises ,"List five soft skills that are important for software engineers"
 Introduction to Computer Science Ch9 Practice Exercises ,"Categorize the following software programs as system software, application software, or embedded software: Linux Debian, Windows 11, Microsoft Word, a website, a Samsung refrigerator door sensor with a small CPU chip, and a sensor on a street lamp with a small CPU chip."
 Introduction to Computer Science Ch9 Practice Exercises ,"You've been assigned to lead a project and your first task is to determine the software development life cycle you should use. What are things you should consider that will impact which SDLC model you should pick?"
 Introduction to Computer Science Ch9 Practice Exercises ,"You are the engineering manager for a software development team. A new client comes to you and offers to fund a new project for your team. The client has a poorly developed set of requirements upfront but has an urgent need to get working software. How could you satisfy your client's needs?"
 Introduction to Computer Science Ch9 Practice Exercises ,"Research DevSecOps and summarize how it is different from DevOps."
 Introduction to Computer Science Ch9 Practice Exercises ,"Analyze processes such as RE, SBSE, and TDD, and explain how they improve traditional software engineering processes from an SPI standpoint."
 Introduction to Computer Science Ch10 Key Terms ,"abstract representation - used to hide background details"
 Introduction to Computer Science Ch10 Key Terms ,"Agile EA Management (AEAM) - methodology used for software development and project management; AEAM breaks individual projects into smaller pieces to be easier to manage, which speeds up design processes and produces quality products"
 Introduction to Computer Science Ch10 Key Terms ,"Agile software development - interactive approach to software development that delivers value to the customers"
 Introduction to Computer Science Ch10 Key Terms ,"ArchDev (SecOps) - example of an Accelerated Architecture-Driven Digital Transformation Process, which helps companies proactively embed stakeholder interest and sustainability into the company's digital growth"
 Introduction to Computer Science Ch10 Key Terms ,"archetype - abstraction (similar to a class) that represents one element of system behavior"
 Introduction to Computer Science Ch10 Key Terms ,"architectural style - abstract patterns located at the top of the pattern hierarchy; they capture sets of characteristics and features that make a structure identifiable"
 Introduction to Computer Science Ch10 Key Terms ,"architecture continuum - represents a structure of building blocks to reuse the architecture assets that conform to a language pattern"
 Introduction to Computer Science Ch10 Key Terms ,"Architecture Development Method (ADM) - detailed step-by-step process for developing or changing an enterprise architecture"
 Introduction to Computer Science Ch10 Key Terms ,"business process - series of steps performed by a group of stakeholders to achieve an enterprise concrete goal"
 Introduction to Computer Science Ch10 Key Terms ,"business service choreography - example of business architecture pattern that focuses on the observed sequence of messages exchanged by peer services when performing a unit of work"
 Introduction to Computer Science Ch10 Key Terms ,"business service orchestration - generalization of business service composition and a pattern used to describe the sequencing of business services"
 Introduction to Computer Science Ch10 Key Terms ,"cloud - storage solution that holds data, software, and services that run on the Internet instead of on a local computer"
 Introduction to Computer Science Ch10 Key Terms ,"component - encapsulated part of a software system, which has an interface and serves as a building block for the structure of a subsystem"
 Introduction to Computer Science Ch10 Key Terms ,"data architecture - design framework that structures how data is collected, stored, managed, and utilized within a system"
 Introduction to Computer Science Ch10 Key Terms ,"enabler - supports the activities needed to extend the architectural runway to provide future business functionality"
 Introduction to Computer Science Ch10 Key Terms ,"enterprise architecture (EA) - conceptual blueprint that defines the structure and operation of organizations"
 Introduction to Computer Science Ch10 Key Terms ,"enterprise architecture framework (EAF) - ensures that enterprise solutions are in alignment with the evolving vision and strategy of the organizations that use these solutions to operate and conduct day-to-day business"
 Introduction to Computer Science Ch10 Key Terms ,"enterprise architecture management (EAM) - helps guide the adoption of technology stacks and corresponding implementation frameworks"
 Introduction to Computer Science Ch10 Key Terms ,"framework - implementation-specific skeletal subsystem for design work"
 Introduction to Computer Science Ch10 Key Terms ,"governance - processes and organizational structures that ensure compliance with the reference architecture"
 Introduction to Computer Science Ch10 Key Terms ,"idiom - phrase or expression whose meaning cannot be inferred from the literal definitions of its individual words, but instead is understood through common usage within a language"
 Introduction to Computer Science Ch10 Key Terms ,"IT automation - process of creating systems to reduce manual intervention"
 Introduction to Computer Science Ch10 Key Terms ,"IT context management - dynamic IT process that uses data in one application to point to data resident in a separate application"
 Introduction to Computer Science Ch10 Key Terms ,"IT governance - process that ensures the effective and efficient use of IT in enabling an organization to achieve its goals"
 Introduction to Computer Science Ch10 Key Terms ,"meta-framework - framework in more detail"
 Introduction to Computer Science Ch10 Key Terms ,"metamodel - evolving outlines for capabilities and relationships"
 Introduction to Computer Science Ch10 Key Terms ,"method - set of repeatable processes that ensure consistent and controlled execution of the architecture"
 Introduction to Computer Science Ch10 Key Terms ,"microservice - approach to building a software solution as a set of small services that may be deployed locally or on the cloud"
 Introduction to Computer Science Ch10 Key Terms ,"pattern catalog - collection of patterns organized according to specific characteristics and according to how the relationships between them are defined"
 Introduction to Computer Science Ch10 Key Terms ,"pattern hierarchy - architectural styles, architectural patterns, and design patterns"
 Introduction to Computer Science Ch10 Key Terms ,"pattern language - connected view of how to apply one pattern in the presence of another"
 Introduction to Computer Science Ch10 Key Terms ,"patterns management - series of patterns that create an organization chart for developing software"
 Introduction to Computer Science Ch10 Key Terms ,"principles - core rules that guide the design and implementation of the reference architecture"
 Introduction to Computer Science Ch10 Key Terms ,"requirements model - model that describes the problem set, establishes the context, and identifies the system of forces that hold sway, such as design quality attributes"
 Introduction to Computer Science Ch10 Key Terms ,"road map - used to guide an organization with planning and achieving business goals over time"
 Introduction to Computer Science Ch10 Key Terms ,"service-oriented architecture (SOA) - architectural style that uses services as the basic building blocks"
 Introduction to Computer Science Ch10 Key Terms ,"software stack - set of software components that are used to support the execution of a software system"
 Introduction to Computer Science Ch10 Key Terms ,"solution architecture - description of the structure and behavior of a specific software solution"
 Introduction to Computer Science Ch10 Key Terms ,"stakeholder - person who has an interest in the outcome of a project"
 Introduction to Computer Science Ch10 Key Terms ,"technology stack - set of technologies that are used to build a software solution"
 Introduction to Computer Science Ch10 Key Terms ,"TOGAF (The Open Group Architecture Framework) - framework for enterprise architecture that provides a comprehensive approach to the design, planning, implementation, and governance of an enterprise information architecture"
 Introduction to Computer Science Ch10 Key Terms ,"view - representation of a system from the perspective of a set of concerns"
 Introduction to Computer Science Ch10 Key Terms ,"viewpoint - definition of the perspective from which a view is taken"
 Introduction to Computer Science Ch10 Conceptual Questions ,"Can object-oriented concepts such as inheritance and composition be used to assemble patterns? Provide examples to illustrate your answer."
 Introduction to Computer Science Ch10 Conceptual Questions ,"Why is it difficult to build complete solutions by assembling patterns at various levels of specialization?"
 Introduction to Computer Science Ch10 Conceptual Questions ,"How does the enterprise architecture as a strategy process pattern apply to the foundation for execution?"
 Introduction to Computer Science Ch10 Conceptual Questions ,"What is the major difference between ArchDev and DevOps?"
 Introduction to Computer Science Ch10 Conceptual Questions ,"The approach discussed in this chapter appears to be top-down as it comes to deriving solution architectures from higher levels of architecture scope. Is it possible to start from a solution architecture and establish the architecture scopes that correspond to it at the portfolio and enterprise levels?"
 Introduction to Computer Science Ch10 Conceptual Questions ,"Does a software stack relate to a particular implementation style? Assuming that the target solution architecture implements more than one style, how is it generally possible to establish a software stack for it?"
 Introduction to Computer Science Ch10 Problem Set A ,"Document the design patterns set forth by Erich Gamma in terms of the pattern template, pattern hierarchy, pattern catalog, and pattern languages that are provided to work with these patterns. Documentation about Erich Gamma's catalog of design patterns is widely available on the Internet."
 Introduction to Computer Science Ch10 Problem Set A ,"Perform some research on the Internet and explain the difference between OMG's OMA architectural style and the microservices architectural style."
 Introduction to Computer Science Ch10 Problem Set A ,"Perform some research on the Internet to become familiar and explain/document the following common industry standards and acronyms: PRINCE2, ITIL, US NIST, US FIPS, SIB, COBIT, and ATAM."
 Introduction to Computer Science Ch10 Problem Set A ,"Perform some research on the Internet and provide a pattern catalog for HCC architecture models."
 Introduction to Computer Science Ch10 Problem Set A ,"Perform some research on the Internet and provide a pattern catalog for cloud-based architecture models."
 Introduction to Computer Science Ch10 Problem Set A ,"Perform some research on the Internet and provide a pattern catalog for cloud-based implementation architectures (it is fine to limit the scope of vendors used to implement the solution)."
 Introduction to Computer Science Ch10 Problem Set A ,"Perform some research on the Internet and provide a pattern catalog for microservices implementation architectures (it is fine to limit the scope of vendors used to implement the solution)."
 Introduction to Computer Science Ch10 Problem Set A ,"What is the difference between an architectural pattern and a design pattern?"
 Introduction to Computer Science Ch10 Problem Set A ,"Provide an example of a technology stack that could be utilized to create a cloud-based application."
 Introduction to Computer Science Ch10 Problem Set A ,"Research commercially available development tools. Provide an example of a company and product line that are available to meet full-stack development needs."
 Introduction to Computer Science Ch10 Problem Set B ,"Pattern catalogs that enable the classification and retrieval of software patterns at various levels of specialization are quite limited in existence today. Cataloging typically takes into account the architecture domain, the architecture scope, and the degree of specialization. Can you identify additional criteria that would be useful to provide a more comprehensive way to catalog software patterns?"
 Introduction to Computer Science Ch10 Problem Set B ,"Demonstrate how complex architectures may be derived by combining architectural styles."
 Introduction to Computer Science Ch10 Problem Set B ,"Perform some research on the Internet and identify implementation styles that correspond to implementations of the microservices architectural style."
 Introduction to Computer Science Ch10 Problem Set B ,"Consider various large companies you know about and state their operating model (i.e., diversification, unification, coordination, replication). Explain your reasoning."
 Introduction to Computer Science Ch10 Problem Set B ,"Consider creating a vaccine passport as a smart contract on the blockchain platform. Create conceptual business, information system, and technology architecture blueprints to document the architecture of such a solution at a high level."
 Introduction to Computer Science Ch10 Problem Set B ,"Leverage patterns and create logical business, information system, and technology architecture blueprints for the vaccine passport as a smart contract on the blockchain platform."
 Introduction to Computer Science Ch10 Problem Set B ,"Leverage patterns and create information system and technology architecture implementation blueprints for a vaccine passport as a smart contract on the blockchain platform."
 Introduction to Computer Science Ch10 Problem Set B ,"Provide a technical implementation architecture for a vaccine passport as a smart contract on the blockchain platform."
 Introduction to Computer Science Ch10 Problem Set B ,"What is a software stack and what role does it play in solution architecture management?"
 Introduction to Computer Science Ch10 Problem Set B ,"Research what the term full stack developer means. Why would this skill set be useful to an organization? Do you think this skill set provides an opportunity for career development into technical leadership positions?"
 Introduction to Computer Science Ch10 Problem Set B ,"Research commercially available development tools. Provide pros and cons of using an approach that utilizes a commercially available technology stack tool set."
 Introduction to Computer Science Ch10 Practice Exercises ,"Provide examples of architectural styles, architectural patterns, and design patterns for the business, application, information, and technology domains."
 Introduction to Computer Science Ch10 Practice Exercises ,"Provide an example of architectural patterns in our daily activities."
 Introduction to Computer Science Ch10 Practice Exercises ,"Research how large corporations such as Amazon and Netflix have adopted microservices. What are the benefits of implementing a microservice design pattern according to these companies?"
 Introduction to Computer Science Ch10 Practice Exercises ,"Give an example of a framework that can be used to integrate the TOGAF architecture domains. What is the benefit of integration?"
 Introduction to Computer Science Ch10 Practice Exercises ,"Research Zachman and FEAF. Which framework has views and viewpoints very similar to TOGAF?"
 Introduction to Computer Science Ch10 Practice Exercises ,"State process patterns that are used for solution architecture management purposes as part of software engineering."
 Introduction to Computer Science Ch10 Practice Exercises ,"Give examples of enterprise technical architecture frameworks that can be used to construct cloud-based solutions."
 Introduction to Computer Science Ch10 Practice Exercises ,"Research examples of full stack technologies for different application types. Is there a fixed number of tools and technologies that meet the full stack definition? What is the main driver to determine the number of tools and technologies needed in a stack?"
 Introduction to Computer Science Ch10 Practice Exercises ,"How would the system deployment environment affect the possible technology stack used to implement a solution? Provide a specific example of how we could not use a given technology for a given deployment environment."
 Introduction to Computer Science Ch11 Key Terms ,"Android Studio - official IDE for Android development"
 Introduction to Computer Science Ch11 Key Terms ,"Asynchronous JavaScript and XML (AJAX) - exchanges small amounts of data between a client and server"
 Introduction to Computer Science Ch11 Key Terms ,"cascading style sheets (CSS) - standard style sheet language used to alter the presentation style of the web data content found in HTML"
 Introduction to Computer Science Ch11 Key Terms ,"decentralized Apps (DApps) - applications that execute smart contracts and run over distributed ledger technology"
 Introduction to Computer Science Ch11 Key Terms ,"Django project - high-level directory used to contain the directories and files necessary to run a Django web application"
 Introduction to Computer Science Ch11 Key Terms ,"Ethereum blockchain - creates a secure peer-to-peer network through the use of smart contracts"
 Introduction to Computer Science Ch11 Key Terms ,"Firebase - app development platform and a collection of services for authenticating users, integrating ads, running A/B tests, and more"
 Introduction to Computer Science Ch11 Key Terms ,"full node - computer that maintains a copy of the blockchain and runs blockchain software"
 Introduction to Computer Science Ch11 Key Terms ,"gas price - cost of validating transactions and updating ledgers"
 Introduction to Computer Science Ch11 Key Terms ,"GraphQL - open-source query and manipulation language"
 Introduction to Computer Science Ch11 Key Terms ,"hypertext markup language (HTML) - standard markup language used to describe the structure and content of web data"
 Introduction to Computer Science Ch11 Key Terms ,"JavaScript (JS) - scripting language that adds interactivity to web content and server-side functionality"
 Introduction to Computer Science Ch11 Key Terms ,"JavaScript Object Notation (JSON) - file format that represents data as text-based attribute-value information"
 Introduction to Computer Science Ch11 Key Terms ,"Jetpack Compose - toolkit for building native user interfaces"
 Introduction to Computer Science Ch11 Key Terms ,"loose coupling - component in a software system that has a weak association with the other components"
 Introduction to Computer Science Ch11 Key Terms ,"Metro bundler - bundles the JavaScript code that is deployed on the mobile device or emulator when the React Native front-end application is successfully created"
 Introduction to Computer Science Ch11 Key Terms ,"Moore's law - states that the number of transistors on an integrated circuit doubles roughly every two years"
 Introduction to Computer Science Ch11 Key Terms ,"Node - JavaScript runtime environment that provides users with the tools to develop web applications, as well as servers, scripts, and command-line tools"
 Introduction to Computer Science Ch11 Key Terms ,"non-fungible token (NFT) - unique digital identifier on a blockchain"
 Introduction to Computer Science Ch11 Key Terms ,"optimistic rollup - protocol that increases transaction output by bundling multiple transactions into batches, which are processed off-chain"
 Introduction to Computer Science Ch11 Key Terms ,"peer-to-peer (P2P) network - one in which devices connect and can share data and processing without needing a centralized server"
 Introduction to Computer Science Ch11 Key Terms ,"Postman - API platform testing tool that can be used as a client"
 Introduction to Computer Science Ch11 Key Terms ,"React - JavaScript library popular to build user interfaces"
 Introduction to Computer Science Ch11 Key Terms ,"React Native - open-source JavaScript framework used to build native applications for mobile devices"
 Introduction to Computer Science Ch11 Key Terms ,"Semantic Web - system of autonomous agents, which are software programs that respond to events"
 Introduction to Computer Science Ch11 Key Terms ,"serializer - tool to control response outputs and convert complex data into content, such as JSON"
 Introduction to Computer Science Ch11 Key Terms ,"sidechain - secondary blockchain that aggregates blocks back to the main blockchain"
 Introduction to Computer Science Ch11 Key Terms ,"Solidity - high-level, object-oriented language focused on the implementation of smart contracts"
 Introduction to Computer Science Ch11 Key Terms ,"stateful application - software and system that maintains the state of an application over time"
 Introduction to Computer Science Ch11 Key Terms ,"stateless application - state is not maintained by the system and previous actions do not impact future ones"
 Introduction to Computer Science Ch11 Key Terms ,"Truffle Framework - popular suite of tools used to develop smart contracts"
 Introduction to Computer Science Ch11 Key Terms ,"View - presentation layer that handles the user interface"
 Introduction to Computer Science Ch11 Key Terms ,"Web 1.0 - phase of the Web where the user's interaction was limited primarily to reading and selecting web pages"
 Introduction to Computer Science Ch11 Key Terms ,"web page - document commonly written in HTML and viewed in a browser"
 Introduction to Computer Science Ch11 Key Terms ,"web publishing - also called online publishing; is for publishing content on the Web"
 Introduction to Computer Science Ch11 Key Terms ,"web server - software application that runs at a known URL and responds to HTTP requests"
 Introduction to Computer Science Ch11 Key Terms ,"World Wide Web (the Web) - started as a way to link content (primarily text and images) stored on different servers or machines"
 Introduction to Computer Science Ch11 Key Terms ,"Xcode - Apple's IDE that enables application development for Apple's platforms"
 Introduction to Computer Science Ch11 Key Terms ,"zero-knowledge rollup (zk-rollup) - protocol that bundles transactions into batches that are executed off the mainnet"
 Introduction to Computer Science Ch11 Conceptual Questions ,"Why did it take a long time to create web frameworks that enforce a good architecture and a design able to evolve with web standards while sustaining operational stability and scalability? Provide examples to illustrate your answer."
 Introduction to Computer Science Ch11 Conceptual Questions ,"How is it possible to leverage Web 3.0 applications to ensure data privacy and software openness? Provide examples to illustrate your answer."
 Introduction to Computer Science Ch11 Conceptual Questions ,"Why are hybrid Web 2.0/3.0 applications needed?"
 Introduction to Computer Science Ch11 Conceptual Questions ,"The Ethereum blockchain relies on ether, a cryptocurrency that is the key currency on the network. For each transaction carried out on the Ethereum blockchain, a small fee in ether is applied. What is the need for such cost?"
 Introduction to Computer Science Ch11 Conceptual Questions ,"Explain the difference between a Django project and a Django web application."
 Introduction to Computer Science Ch11 Conceptual Questions ,"Explain the difference between the Delete and Put buttons."
 Introduction to Computer Science Ch11 Conceptual Questions ,"Explain the difference between React and Node."
 Introduction to Computer Science Ch11 Conceptual Questions ,"Explain how React and Node are used to create a Todo web application."
 Introduction to Computer Science Ch11 Conceptual Questions ,"When updating the Todo web application using Bootstrap with React and Django, explain how React and Django are used."
 Introduction to Computer Science Ch11 Conceptual Questions ,"What are some of the benefits and drawbacks of native application development?"
 Introduction to Computer Science Ch11 Problem Set A ,"Classify the web application frameworks mentioned in [this timeline](https://openstax.org/r/76WebFrameTime) according to the web application development chronology covered earlier in this subsection."
 Introduction to Computer Science Ch11 Problem Set A ,"Perform some research on the Internet and identify the top three web application frameworks according to popularity and their relative pros and cons."
 Introduction to Computer Science Ch11 Problem Set A ,"Explain how single-page applications (SPAs) are implemented."
 Introduction to Computer Science Ch11 Problem Set A ,"After installing the Todo web application using Bootstrap and Django, you realize that you do not have a physical table for the categories that can be assigned to todo tasks. What steps should you follow to correct this?"
 Introduction to Computer Science Ch11 Problem Set A ,"Using Bootstrap and Django to create the Todo web application, how do you allow access to the admin interface?"
 Introduction to Computer Science Ch11 Problem Set A ,"Research some industry standard formats for the REST endpoint payloads. Provide at least two formats that REST supports."
 Introduction to Computer Science Ch11 Problem Set A ,"In our sample web application, we implemented REST APIs in React. Research other languages that REST endpoints can be created in. Write a one- to two-sentence summary that explains supported languages."
 Introduction to Computer Science Ch11 Problem Set A ,"Explain how React Native differs from React."
 Introduction to Computer Science Ch11 Problem Set A ,"Explain the difference between Truffle Framework and Solidity."
 Introduction to Computer Science Ch11 Problem Set B ,"Not available"
 Introduction to Computer Science Ch11 Practice Exercises ,"Explain how server-side rendering works."
 Introduction to Computer Science Ch11 Practice Exercises ,"How do SPA frameworks work as compared to traditional server-side rendering?"
 Introduction to Computer Science Ch11 Practice Exercises ,"What is the difference between a P2P and a decentralized application architecture?"
 Introduction to Computer Science Ch11 Practice Exercises ,"Using Bootstrap and Django to create a Todo application, to enable Django to recognize the Todo application, it must be registered in the Django project as an installed app. How is this done?"
 Introduction to Computer Science Ch11 Practice Exercises ,"Using Bootstrap and Django, what is required to build the API needed for the Todo web application?"
 Introduction to Computer Science Ch11 Practice Exercises ,"What is the purpose of the user interface and, using Bootstrap and Django, what is the first step to create a UI for Todo?"
 Introduction to Computer Science Ch11 Practice Exercises ,"Follow the steps provided in this subsection to build a sample responsive web application with Bootstrap, React, and Node. Explain what each technology is used for in the app."
 Introduction to Computer Science Ch11 Practice Exercises ,"Install Postman and call your APIs to test them with Postman. How does Postman allow you to call your APIs?"
 Introduction to Computer Science Ch11 Practice Exercises ,"Follow the steps provided in this subsection to build a sample responsive web application with Bootstrap, React, and Django. Identify each technology used in the responsive web application."
 Introduction to Computer Science Ch11 Practice Exercises ,"Follow the steps provided in this subsection to build a sample native application with React Native, Node, and Django. Explain the use of each technology."
 Introduction to Computer Science Ch12 Key Terms ,"Advanced Package Tool (apt) - used to install new packages and update existing packages"
 Introduction to Computer Science Ch12 Key Terms ,"Amazon Elastic Compute Cloud (EC2) - cloud based, on-demand, compute platform that can be auto-scaled to meet demand"
 Introduction to Computer Science Ch12 Key Terms ,"Amazon Web Service (AWS) - Amazon cloud computing platform that offers a wide range of services that allow customers to build, deploy, and manage applications and services in the cloud"
 Introduction to Computer Science Ch12 Key Terms ,"API gateway - used to route traffic between client apps and microservices"
 Introduction to Computer Science Ch12 Key Terms ,"AWS CLI - command-line interface used to manage Amazon cloud services"
 Introduction to Computer Science Ch12 Key Terms ,"AWS Portal - web-based console that allows customers to manage their cloud services and subscriptions"
 Introduction to Computer Science Ch12 Key Terms ,"Azure - cloud computing platform that offers a wide range of services that allow customers to build, deploy, and manage applications and services in the cloud"
 Introduction to Computer Science Ch12 Key Terms ,"Azure Function App - event-driven serverless compute platform without provision or managing infrastructure"
 Introduction to Computer Science Ch12 Key Terms ,"Azure Portal - web-based console that allows customers to manage their cloud services and subscriptions"
 Introduction to Computer Science Ch12 Key Terms ,"Backend as a Service (BaaS) - third-party service that can be integrated with an application where the BaaS code does not need to be managed, and there are no servers"
 Introduction to Computer Science Ch12 Key Terms ,"bare metal server - high-performance cloud server that is composed of a single-tenant, nonvirtualized physical server"
 Introduction to Computer Science Ch12 Key Terms ,"cloud computing - delivery of computing services, such as databases, software, analytics, and storage over the Internet"
 Introduction to Computer Science Ch12 Key Terms ,"cloud mashup - combines multiple cloud applications or services with shared datasets and integrated functionalities"
 Introduction to Computer Science Ch12 Key Terms ,"cloud-native application - uses microservices architecture that takes full advantage of the benefits of the cloud, such as scalability and on-demand services"
 Introduction to Computer Science Ch12 Key Terms ,"community cloud - cloud deployment model where resources are only accessible by a selected group of organizations"
 Introduction to Computer Science Ch12 Key Terms ,"Container as a Service (CaaS) - type of IaaS specifically geared toward efficiently deploying, running, scaling, and managing a single application using a container-based virtualization"
 Introduction to Computer Science Ch12 Key Terms ,"container image - binary state that is built by"layering"an application and its dependencies on top of the required"layer"of binaries and libraries of the OS where there is a parent-child relationship between image layers"
 Introduction to Computer Science Ch12 Key Terms ,"containerization - packaging of a standardized unit of software that isolates an application enabling it to run independently of physical resources"
 Introduction to Computer Science Ch12 Key Terms ,"continuous delivery - automates the deployment stage"
 Introduction to Computer Science Ch12 Key Terms ,"continuous integration - automates the application compile, build, package, and testing process, enabling it to run independent of physical resources, which allows for a more consistent integration process"
 Introduction to Computer Science Ch12 Key Terms ,"continuous integration and continuous deployment (CI/CD) - set of DevOps operating principles that enable development teams to focus on rapid and frequent integrations of new code into the application in development as well as fast and frequent delivery or deployment of new iterations of the application"
 Introduction to Computer Science Ch12 Key Terms ,"DevOps - methodology that combines Agile software development and IT operations to deliver software faster and of higher quality"
 Introduction to Computer Science Ch12 Key Terms ,"disaster recovery - ability of the application to recover from rare but major incidents: nontransient, wide-scale failures, such as service disruption that affects an entire region"
 Introduction to Computer Science Ch12 Key Terms ,"Django - open-source web application framework"
 Introduction to Computer Science Ch12 Key Terms ,"Docker - open-source platform that creates, deploys, and manages containers using a common operating system; it isolates resources allowing multiple containers to use the same OS without contention"
 Introduction to Computer Science Ch12 Key Terms ,"Docker Compose - tool used for defining, via descriptor files, and managing applications that consist of multiple Docker containers"
 Introduction to Computer Science Ch12 Key Terms ,"Docker Engine - open-source containerization platform used to build Docker images and manage Docker containers"
 Introduction to Computer Science Ch12 Key Terms ,"enterprise service bus (ESB) - implements a bus-like communication system between interacting service providers and service consumers"
 Introduction to Computer Science Ch12 Key Terms ,"event-driven architecture - architecture where functions are invoked by an event"
 Introduction to Computer Science Ch12 Key Terms ,"Express.js - back-end Node web application framework used to implement RESTFul APIs"
 Introduction to Computer Science Ch12 Key Terms ,"Function as a Service (FaaS) - compute platform for serverless"
 Introduction to Computer Science Ch12 Conceptual Questions ,"Why is it difficult to efficiently allocate resource services in a cloud-native application?"
 Introduction to Computer Science Ch12 Conceptual Questions ,"Why is the microservices architecture more adaptable to a cloud architecture?"
 Introduction to Computer Science Ch12 Conceptual Questions ,"Why is it the case that cloud deployment technologies keep evolving? Provide examples to illustrate your answer."
 Introduction to Computer Science Ch12 Conceptual Questions ,"What is the difference between BaaS and FaaS? Are FaaS and serverless equivalent in a BaaS context?"
 Introduction to Computer Science Ch12 Conceptual Questions ,"In the first sample cloud-native application we built, a Dockerfile and a Kubernetes manifest file were created for each microservice. Why do we need both files in this application? Which one is used for what purpose?"
 Introduction to Computer Science Ch12 Conceptual Questions ,"Focusing our attention on the Kubernetes manifest files, there are two for each microservice: a deployment manifest file and a service manifest file. What are the differences between these two types of manifest files? What are they used for?"
 Introduction to Computer Science Ch12 Conceptual Questions ,"In the second example, an AWS EC2 Instance VM was provisioned. Several steps were taken to install package management tools (e.g., Homebrew, build-essentials), the Docker engine, and any other dependencies needed for the application to run. Why did we need to take these steps?"
 Introduction to Computer Science Ch12 Conceptual Questions ,"In the third example, we built two FaaS functions that were deployed that make up a cloud-native application. Contrast this to the first example we built, where we built microservices that were also deployed in Azure. Although the cloud service providers provide editors in the portal to implement and deploy FaaS functions directly within the portal, in this case we used a build tool, maven, to build the code for the FaaS functions and deploy them remotely. Why is this not the same as the first example? What are the major differences between these two approaches where the first example is using the PaaS deployment option, and the third example is using the FaaS deployment option?"
 Introduction to Computer Science Ch12 Problem Set A ,"Read this [seminal article about microservices](https://openstax.org/r/76artmicroserv) and report on the pros and cons based on its content."
 Introduction to Computer Science Ch12 Problem Set A ,"Demonstrate how the [twelve-factor application principles](https://openstax.org/r/7612factapp) may be used to develop cloud-native applications."
 Introduction to Computer Science Ch12 Problem Set A ,"Read this [article about serverless architectures](https://openstax.org/r/76artservnoarc) and report on the pros and cons of FaaS/serverless based on its content."
 Introduction to Computer Science Ch12 Problem Set A ,"Read this [article documenting several use cases for FaaS/serverless deployment](https://openstax.org/r/76artdocFaaS) and think about when to use it. Perform some research on the Internet and provide additional use cases that make a case for selecting FaaS/serverless deployment technology as opposed to Containers/CaaS or PaaS."
 Introduction to Computer Science Ch12 Problem Set A ,"In the first example we built, you worked with Kubernetes, which required you to create deployment and service manifest files. These manifest files are YAML files. Read the [IBM tutorial](https://openstax.org/r/76IBMtut) to enhance your knowledge on the structure of YAML files."
 Introduction to Computer Science Ch12 Problem Set A ,"Follow this [IBM tutorial](https://openstax.org/r/76tut1kuber) or this [IBM tutorial](https://openstax.org/r/76tut2kuber) to create and deploy an application in Kubernetes."
 Introduction to Computer Science Ch12 Problem Set B ,"Convert a monolithic application of your choice to microservices."
 Introduction to Computer Science Ch12 Problem Set B ,"Demonstrate practically how [Chaos Monkey](https://openstax.org/r/76chaosmonk) is used to test a cloud-native application of your choice. Follow the [Chaos Monkey setup tutorial](https://openstax.org/r/76chaosmtut) and refer to the [Chaos Monkey documentation](https://openstax.org/r/76chaosmdoc) to solve this question."
 Introduction to Computer Science Ch12 Problem Set B ,"Explain how IaC is used in a practical cloud-native application development context."
 Introduction to Computer Science Ch12 Problem Set B ,"Deploy a simple cloud-native application using VMWare Tanzu. Document your steps and compare them to the steps you took earlier to deploy a simple application using PaaS without VMWare Tanzu in an earlier question."
 Introduction to Computer Science Ch12 Problem Set B ,"Obtain the code of the back-end implementation (in Python) of this [RESTful microservice](https://openstax.org/r/76RESTmicro) for an order resource. Deploy this cloud-native application on a public cloud of your choice (i.e., either AWS, GCP, IBM Cloud, or Microsoft Azure)."
 Introduction to Computer Science Ch12 Problem Set B ,"Follow this IBM tutorial [to gain an understanding of how Kubernetes clusters work](https://openstax.org/r/76kubclust) by debugging and logging applications deployed in Kubernetes."
 Introduction to Computer Science Ch12 Problem Set B ,"Microservices often utilize message streaming and brokers to share data in real time across the system. Research and explain the basic operations of such tools and how they can be used in microservices applications."
 Introduction to Computer Science Ch12 Practice Exercises ,"Explain how a web-based cloud-native application works as opposed to a traditional web application."
 Introduction to Computer Science Ch12 Practice Exercises ,"Give a practical example of a solution implementation that illustrates the differences between SOA and microservices."
 Introduction to Computer Science Ch12 Practice Exercises ,"Explain how CI/CD works in combination with other DevOps tools to support the development of cloud-native applications."
 Introduction to Computer Science Ch12 Practice Exercises ,"Explain how CaaS deployment works."
 Introduction to Computer Science Ch12 Practice Exercises ,"Give a practical example of a solution deployment that illustrates the differences between PaaS and FaaS/serverless."
 Introduction to Computer Science Ch12 Practice Exercises ,"Explain how CI/CD works in combination with other DevOps tools to support the deployment of cloud-native applications using either Containers/CaaS, PaaS, or FaaS."
 Introduction to Computer Science Ch12 Practice Exercises ,"FaaS/serverless is considered to be a deployment technology; however, because it appears that code needs to be written in a different way to specify services as functions, why is FaaS/serverless not considered as a separate architectural style?"
 Introduction to Computer Science Ch12 Practice Exercises ,"Follow the AWS tutorial [to build a serverless application](https://openstax.org/r/76bldserapp) in AWS."
 Introduction to Computer Science Ch12 Practice Exercises ,"Follow the Google Cloud tutorial [to build serverless function](https://openstax.org/r/76bldservfunc) in Google Cloud."
 Introduction to Computer Science Ch12 Practice Exercises ,"Follow the Google Cloud tutorial [to build a containerized application](https://openstax.org/r/76bldcontapp) that receives events using a messaging service."
 Introduction to Computer Science Ch13 Key Terms ,"3-D printing - (also: additive manufacturing) process of designing static objects in three dimensions through additive processes in which successive layers of material are laid down under computer control"
 Introduction to Computer Science Ch13 Key Terms ,"4-D printing - provides the capability of programming the fundamental materials used in 3-D printing by creating objects that can change their form or function after fabrication"
 Introduction to Computer Science Ch13 Key Terms ,"accessibility - addresses discriminatory aspects related to equivalent user experience for people with disabilities"
 Introduction to Computer Science Ch13 Key Terms ,"artificial human - machine with biological parts added"
 Introduction to Computer Science Ch13 Key Terms ,"augmented reality (AR) - interactive experience that supplements the real world with virtual (computer-generated) objects that appear to coexist in the same space as the real world"
 Introduction to Computer Science Ch13 Key Terms ,"base container image - foundational layer of a container provided by the cloud provider to build an application"
 Introduction to Computer Science Ch13 Key Terms ,"biomimetic robotics - focused on the design of robots that leverage principles that are common in nature such as what can be learned from the evolution and development of intelligence in animals and humans"
 Introduction to Computer Science Ch13 Key Terms ,"block storage - manages data as blocks or physical range of storage in a physical device such as a hard disk drive (HDD) or Non-Volatile Memory Express (NVMe)"
 Introduction to Computer Science Ch13 Key Terms ,"blockchain network - peer-to-peer network that allows people and organizations who may not know one another to trust and independently verify the records of financial and other transactions"
 Introduction to Computer Science Ch13 Key Terms ,"bring your own cloud (BYOC) solution - structure in which organizations allow employees or users to freely decide on the cloud vendor that best suits their tasks rather than standardizing a single specific provider"
 Introduction to Computer Science Ch13 Key Terms ,"cognitive robotics - field of creating robots that can think, perceive, learn, remember, reason, and interact"
 Introduction to Computer Science Ch13 Key Terms ,"compute service - infrastructure component that enables users to obtain access to a private computing environment"
 Introduction to Computer Science Ch13 Key Terms ,"container management services - way to encapsulate an application with any operating system's library that is required for an application to operate"
 Introduction to Computer Science Ch13 Key Terms ,"container registry (CR) - registry where users can control each container image they deploy into the cloud environment"
 Introduction to Computer Science Ch13 Key Terms ,"cyborg - biological human with parts replaced with machinery"
 Introduction to Computer Science Ch13 Key Terms ,"deep machine learning - type of machine learning that has many neuron layers"
 Introduction to Computer Science Ch13 Key Terms ,"extended reality (XR; also: mixed reality [MR]) - reality service technology that involves both real and virtual environments"
 Introduction to Computer Science Ch13 Key Terms ,"file storage - storage service that manages data as files"
 Introduction to Computer Science Ch13 Key Terms ,"inclusion - ensures that diverse communities can make use of solutions regardless of their location, culture, and other differentiating traits, habits, or interests"
 Introduction to Computer Science Ch13 Key Terms ,"intelligent autonomous networked supersystems (IANS) - intelligent chains of autonomous machines that work together as a system to make decisions and take actions"
 Introduction to Computer Science Ch13 Key Terms ,"logging and monitoring management - common web and mobile cloud component that allows developers to centralize all logging data and provide a comprehensive view of all events happening with an application at any moment"
 Introduction to Computer Science Ch13 Key Terms ,"mashup - web-based application that combines features from two or more sources to present a new service"
 Introduction to Computer Science Ch13 Key Terms ,"mixed reality (MR; also: extended reality [XR]) - reality service technology that involves both real and virtual environments"
 Introduction to Computer Science Ch13 Key Terms ,"mobile robot - robot that can navigate from one position to another"
 Introduction to Computer Science Ch13 Key Terms ,"multicloud solution - mesh of several different computing environments to form a flexible working environment"
 Introduction to Computer Science Ch13 Key Terms ,"nanotechnology - focuses on matter at the molecular level to create structures and devices that are about 1 to 100 nm in size with fundamentally new organization, properties, and performance"
 Introduction to Computer Science Ch13 Key Terms ,"neuroinformatics - study of how to build a computer that can mimic basic human brain functions"
 Introduction to Computer Science Ch13 Key Terms ,"neuromorphic computing - relies on a hardware architecture that models how the human brain uses neurons"
 Introduction to Computer Science Ch13 Key Terms ,"NoSQL database - database management service in which the relationship between data is not strictly managed, often under key/value pair"
 Introduction to Computer Science Ch13 Key Terms ,"object storage - (also: blob storage) manages data as blobs, with each blob representing any data format"
 Introduction to Computer Science Ch13 Key Terms ,"quantum computer - machine that performs calculations based on the laws and principles of quantum mechanics"
 Introduction to Computer Science Ch13 Key Terms ,"relational database service - database service that implements relational model"
 Introduction to Computer Science Ch13 Key Terms ,"serverless compute service - compute service that automatically provisions the compute platform, allocates resources, and scales depending on usage"
 Introduction to Computer Science Ch13 Key Terms ,"spot/not urgent compute service - also known as"spot"instances or"preemptible"VMs; provides computing capacity at a lower price"
 Introduction to Computer Science Ch13 Key Terms ,"virtual compute service - compute service in which a VM shares the underlying hardware of a physical machine with others while being isolated from each other"
 Introduction to Computer Science Ch13 Conceptual Questions ,"Explain the difference between public and private clouds."
 Introduction to Computer Science Ch13 Conceptual Questions ,"How do organizations make decisions about cloud deployment?"
 Introduction to Computer Science Ch13 Conceptual Questions ,"What should developers consider when they design API systems that allow easy communication between systems while also maximizing opportunity costs?"
 Introduction to Computer Science Ch13 Conceptual Questions ,"How does a multicloud solution differ from a hybrid cloud solution?"
 Introduction to Computer Science Ch13 Conceptual Questions ,"What are some of the disadvantages of cloud mashups?"
 Introduction to Computer Science Ch13 Conceptual Questions ,"What does it mean to operate workloads at the mobile or network edge?"
 Introduction to Computer Science Ch13 Conceptual Questions ,"Explain how file storage, object storage, and block storage differ."
 Introduction to Computer Science Ch13 Conceptual Questions ,"How does spot/not urgent compute service differ from virtual compute service?"
 Introduction to Computer Science Ch13 Conceptual Questions ,"Explain how the content delivery network functions."
 Introduction to Computer Science Ch13 Conceptual Questions ,"What is Kubernetes (K8S) service and how does it benefit users?"
 Introduction to Computer Science Ch13 Conceptual Questions ,"Describe a relational database service and give at least two examples of this type of database."
 Introduction to Computer Science Ch13 Conceptual Questions ,"Explain the difference between shallow machine learning and deep machine learning."
 Introduction to Computer Science Ch13 Conceptual Questions ,"What is blockchain 2.0 capable of?"
 Introduction to Computer Science Ch13 Conceptual Questions ,"Explain the differences among virtual reality (VR), augmented reality (AR), and extended reality (XR)."
 Introduction to Computer Science Ch13 Conceptual Questions ,"What can be done with 4-D printing that is not possible with 3-D printing?"
 Introduction to Computer Science Ch13 Conceptual Questions ,"Name at least two application development support capabilities provided as PaaS services, and explain why these services are important."
 Introduction to Computer Science Ch13 Conceptual Questions ,"What two features characterize the metaverse?"
 Introduction to Computer Science Ch13 Conceptual Questions ,"Provide at least two examples of how XR technology is being applied in health care."
 Introduction to Computer Science Ch13 Conceptual Questions ,"Under human-computer interaction guidelines, a usable system must understand the various roles of humans. What are those roles?"
 Introduction to Computer Science Ch13 Conceptual Questions ,"What is nanotechnology and how can it benefit people who use the Web?"
 Introduction to Computer Science Ch13 Conceptual Questions ,"What is neuromorphic computing?"
 Introduction to Computer Science Ch13 Problem Set A ,"Your organization implemented a hybrid cloud network and is experiencing communication problems between its different platforms. As your organization's technological manager, how will you resolve this issue?"
 Introduction to Computer Science Ch13 Problem Set A ,"Your organization relies on a private, on-premises cloud to manage its applications and data. But as the organization grows, this system has become expensive to maintain and is no longer cost effective. The organization needs a cheaper option that also provides a flexible working environment with robust security. How will you resolve this issue?"
 Introduction to Computer Science Ch13 Problem Set A ,"Most of your organization's employees work remotely. As such, you suggest that the organization utilize BYOC (bring your own cloud) solutions. Why do you recommend this?"
 Introduction to Computer Science Ch13 Problem Set A ,"Follow [this tutorial](https://openstax.org/r/76AmazonS3) to mount an Amazon S3 bucket as a drive on Linux, MacOS, or Windows (your choice) to make files stored on that drive shareable on the cloud."
 Introduction to Computer Science Ch13 Problem Set A ,"Run the following notebooks by bringing up Jupyter in your own Linux data science virtual machine on Microsoft Azure or by running the following tutorial container: docker run -it -p 8888:8888 dbgannon/tutorial ..."
 Introduction to Computer Science Ch13 Problem Set A ,"Install [ROS Melodic](https://openstax.org/r/76RosMedic) and its associated development environment and experiment with [some of the tutorials](https://openstax.org/r/76RosMedTutor) provided."
 Introduction to Computer Science Ch13 Problem Set A ,"Install the [CoppeliaSim robotics simulator integrated development environment](https://openstax.org/r/76Coppelia) and experiment with some of the tutorials provided to illustrate its use in combination with ROS."
 Introduction to Computer Science Ch13 Problem Set B ,"You own a small business and have decided to expand your operations. To support the expansion, you need a cloud solution that will allow you to keep your customers' data private, while also providing them with access to multiple applications. Because your budget is limited, your cloud solution must have a competitive price, and you want the option of having a backup vendor to ensure your system doesn't experience downtime. Describe the cloud solution that you will implement and explain why you selected this option."
 Introduction to Computer Science Ch13 Problem Set B ,"As you expand your business, you want to offer employees more flexibility in how they structure their work processes. You hope this will make employment with your business more attractive to highly qualified job seekers. Explain how you will use BYOC solutions to make your business' approach to work more attractive and entice employees to work for you."
 Introduction to Computer Science Ch13 Problem Set B ,"You are the news director for your university's website, and you want to provide students with university news as well as weather updates and news from local and national sources. How can a cloud mashup help you accomplish this?"
 Introduction to Computer Science Ch13 Problem Set B ,"Mount a Microsoft Azure file share using [this tutorial for Linux](https://openstax.org/r/76Linux), [this tutorial for MacOS](https://openstax.org/r/76MacOS), or [this tutorial for Windows](https://openstax.org/r/76Windows) (your choice)."
 Introduction to Computer Science Ch13 Problem Set B ,"Navigate to the various big cloud portals (i.e., Amazon AWS, Google GCP, IBM Cloud, and Microsoft Azure) and create basic VMs on each one of these clouds. Delete the VM instances after you create them unless you plan to use them again in the near future (in which case make sure to stop them to limit the consumption of cloud resources). Follow [this tutorial](https://openstax.org/r/76BasicVMs) to build and deploy a simple web application on the Microsoft Azure big cloud."
 Introduction to Computer Science Ch13 Problem Set B ,"You will need to work with [this tutorial](https://openstax.org/r/76Medium) for this problem. The application is a casino-like solution where users are able to bet money for a number between 1 and 10 and if they're correct, they win a portion of all the ether money staked after 100 total bets. ..."
 Introduction to Computer Science Ch13 Problem Set B ,"Install [scikit-learn](https://openstax.org/r/76SciKit) and explore"
 Introduction to Computer Science Ch13 Practice Exercises ,"You have been tasked with developing the cloud architecture for your organization. You need to deploy and manage your organization's applications for thousands of concurrent customers, as well as store data that are sensitive. What type of cloud architecture will meet your organization's needs?"
 Introduction to Computer Science Ch13 Practice Exercises ,"As your organization grows, you need to update the cloud architecture. The organization needs a flexible working environment that offers competitive pricing and robust security, as well as automation and scalability. What type of cloud architecture will meet your organization's needs at this point?"
 Introduction to Computer Science Ch13 Practice Exercises ,"Your organization recently experienced a system failure that resulted in downtime and cost the organization more than a million dollars. To prevent this situation from occurring again, you have recommended that the organization implement a multicloud solution. Why are you recommending this?"
 Introduction to Computer Science Ch13 Practice Exercises ,"To convince your organization to implement a multicloud solution, you explain that one advantage is robust security. Why is robust security an advantage of multicloud solutions?"
 Introduction to Computer Science Ch13 Practice Exercises ,"You need storage services that provide quick, direct access to files and give you the ability to track and manage how your data are changed. Which type of storage service will best meet your needs and how does this storage service manage data?"
 Introduction to Computer Science Ch13 Practice Exercises ,"If you have a limited budget and more flexibility in the timing of your tasks, what type of compute service are you likely to use and why?"
 Introduction to Computer Science Ch13 Practice Exercises ,"What is one of the most critical issues that organizations resolve by using web and mobile application services?"
 Introduction to Computer Science Ch13 Practice Exercises ,"Your colleague wants to build an application. You suggest using a container management service. What are the next steps to do this?"
 Introduction to Computer Science Ch13 Practice Exercises ,"Your colleague wants to implement a cloud solution but is concerned because their business handles a large database with data that must be written and captured quickly. What advice do you offer them about cloud solutions?"
 Introduction to Computer Science Ch13 Practice Exercises ,"Turn your smartphone into an IoT device by implementing and documenting a solution based on one of the following tutorials:"
 Introduction to Computer Science Ch13 Practice Exercises ,"Unity Barracuda is a lightweight cross-platform neural networks inference library for Unity. Barracuda can run neural networks both on GPU and CPU. Follow [the instructions for installing Barracuda](https://openstax.org/r/76Barracuda), read [the documentation](https://openstax.org/r/76Documentation) and [the starter kit documentation](https://openstax.org/r/76StarterKit). Get the [BlazeFaceBarracuda project](https://openstax.org/r/76BlazeFace) to run and deploy."
 Introduction to Computer Science Ch13 Practice Exercises ,"You have hired a developer to create a video game. Prepare a flowchart of what you expect the video game to do, noting which features should be VR, AR, and/or XR."
 Introduction to Computer Science Ch13 Practice Exercises ,"Perform research on the Internet and document applications of XR/the metaverse that are being applied in industries other than health care."
 Introduction to Computer Science Ch13 Practice Exercises ,"Perform research on the Internet and document the vendor solutions that are currently available to support the six key layers of the metaverse, namely: infrastructure, access/interface, virtualization tools, virtual worlds, economic infrastructure, and experiences."
 Introduction to Computer Science Ch13 Practice Exercises ,"Research and document the feasibility of nanorobots."
 Introduction to Computer Science Ch14 Key Terms ,"access control - process of regulating the people and devices that can use a computer system's resources"
 Introduction to Computer Science Ch14 Key Terms ,"adaptability - ability to change or modify the current system to meet the needs of a different industry requirement"
 Introduction to Computer Science Ch14 Key Terms ,"advanced persistent threat (APT) - intruder or group of intruders infiltrate a system and remain undetected while leaving the networks and systems intact, allowing the intruder to spy on business activity and steal sensitive data while remaining undetected"
 Introduction to Computer Science Ch14 Key Terms ,"affordability - ability to create a system that is cost-efficient, not only monetarily but also with resource usage"
 Introduction to Computer Science Ch14 Key Terms ,"anonymity - being able to interact on the Internet, even publicly, while concealing your identity"
 Introduction to Computer Science Ch14 Key Terms ,"application security - provides processes that help protect applications operating on-premises and in the cloud"
 Introduction to Computer Science Ch14 Key Terms ,"autonomous system - system that can operate with limited human control"
 Introduction to Computer Science Ch14 Key Terms ,"composability - ability to incorporate services within applications"
 Introduction to Computer Science Ch14 Key Terms ,"container - lightweight package that bundles together applications to form a solution to specific problems"
 Introduction to Computer Science Ch14 Key Terms ,"critical infrastructure - network of utilities, roadways, railroads, and buildings necessary to support our transportation, commerce, and other systems vital to sustain daily life"
 Introduction to Computer Science Ch14 Key Terms ,"cyber economics - sectors of the economy driven by digital information and the need for cybersecurity"
 Introduction to Computer Science Ch14 Key Terms ,"cybersecurity - policies, procedures, technology, and other tools, including people on which organizations rely to protect their computer systems and information systems environments from digital threats"
 Introduction to Computer Science Ch14 Key Terms ,"cybersecurity assurance - confidence that every effort is made to protect IT solutions against undesirable use"
 Introduction to Computer Science Ch14 Key Terms ,"data security platform - automates the proactive protection of information via monitoring and detecting data vulnerabilities and risks across multiple environments, including hybrid and multicloud platforms"
 Introduction to Computer Science Ch14 Key Terms ,"distributed denial-of-service (DDoS) attack - overloading a server with traffic in an attempt to crash a server, website, or network; usually occurs from multiple coordinated systems"
 Introduction to Computer Science Ch14 Key Terms ,"evolvability - ability to adapt the system to new standards and practices"
 Introduction to Computer Science Ch14 Key Terms ,"extensibility - ability to modify the system to include new requirements or remove old requirements that are no longer needed"
 Introduction to Computer Science Ch14 Key Terms ,"identity and access management (IAM) - roles and access privileges for each user, as well as the conditions under which they are granted or denied their privileges"
 Introduction to Computer Science Ch14 Key Terms ,"identity theft - illegal possession and use of an individual's PII"
 Introduction to Computer Science Ch14 Key Terms ,"ilities -"abilities"of architectural properties"
 Introduction to Computer Science Ch14 Key Terms ,"industrial espionage - process of spying on an organization to steal trade secrets"
 Introduction to Computer Science Ch14 Key Terms ,"information security - protecting the data, digital files, and other information maintained in a system"
 Introduction to Computer Science Ch14 Key Terms ,"infrastructure security - practices for protecting the computer systems, networks, and other assets that society relies upon for national security, economic health, and/or public safety"
 Introduction to Computer Science Ch14 Key Terms ,"insider threat - threat posed by current or former employees, partners, or contractors who misuse their access; can also include vulnerabilities intentionally created by programmers as malware"
 Introduction to Computer Science Ch14 Key Terms ,"interoperability - ability for two or more computers or processes to work together"
 Introduction to Computer Science Ch14 Key Terms ,"malware - malicious software variants—such as viruses, worms, Trojans, spyware, and botnets—that provide unauthorized access or cause damage to a computer"
 Introduction to Computer Science Ch14 Key Terms ,"man-in-the-middle - eavesdropping attack that allows cybercriminals to intercept communications between two parties in order to steal data, often on unsecured Wi-Fi networks"
 Introduction to Computer Science Ch14 Key Terms ,"nanotechnology - studies and manipulates atoms and molecules to support advancements in energy, medicine, and other fields"
 Introduction to Computer Science Ch14 Key Terms ,"network security - security measures for protecting a computer network from intruders, including both wired and wireless (Wi-Fi) connections"
 Introduction to Computer Science Ch14 Key Terms ,"nomadicity - ability to work in a self-contained environment or the ability to move the system from location to location, when system location is a requirement"
 Introduction to Computer Science Ch14 Key Terms ,"non-repudiation - proof of the origin, authenticity, and integrity of data"
 Introduction to Computer Science Ch14 Key Terms ,"Open Web Application Security Project (OWASP) - launched in 2001 with the"
 Introduction to Computer Science Ch14 Conceptual Questions ,"In IBM's Responsible Computing Framework, please compare the areas of responsible infrastructure and responsible systems. Give at least three differences or three similarities."
 Introduction to Computer Science Ch14 Conceptual Questions ,"Cyber resource quality requirements are a theme all throughout the chapter. Summarize what you have learned and apply it to the TRM."
 Introduction to Computer Science Ch14 Conceptual Questions ,"The TOGAF Reference Model is a resource that can be used to define application platform frameworks. Explain the relationship between the application platform interface, the qualities, and the operating system services."
 Introduction to Computer Science Ch14 Conceptual Questions ,"As previously discussed, the"ilities"are part of the OMA-NG framework. Explain the concepts of tailorability and evolvability and what differentiates them."
 Introduction to Computer Science Ch14 Conceptual Questions ,"Modern web/mobility challenges include ease-of-use. This is slightly different from adaptability, which includes scalability and flexibility. Explain the differences between ease-of-use and adaptability."
 Introduction to Computer Science Ch14 Conceptual Questions ,"Explain what a container is and how it enhances web/mobile platforms."
 Introduction to Computer Science Ch14 Conceptual Questions ,"PaaS is a standard acronym for Platform as a Service. Explain how cloud PaaS works to enhance data analytics. Explain how PaaS can help with the TRM performance quality."
 Introduction to Computer Science Ch14 Conceptual Questions ,"No security mechanism is free; what are the direct and indirect costs associated with implementing security mechanisms?"
 Introduction to Computer Science Ch14 Conceptual Questions ,"You are training a colleague to handle your organization's software security. What key points will you share with this colleague?"
 Introduction to Computer Science Ch14 Conceptual Questions ,"In cloud-centric solutions for cybersecurity, the Cloud Security Alliance regards encryption as the most important control to secure data in the cloud. Based on your knowledge of encryption, why is encryption so important for cloud cybersecurity?"
 Introduction to Computer Science Ch14 Conceptual Questions ,"What cyberthreats do organizations face if they participate in the metaverse?"
 Introduction to Computer Science Ch14 Conceptual Questions ,"What is non-repudiation, and how is it achieved?"
 Introduction to Computer Science Ch14 Conceptual Questions ,"How can responsible data usage help with building a super-society?"
 Introduction to Computer Science Ch14 Conceptual Questions ,"How can you apply the concepts of responsible computing to help with risks of identity theft when using the Internet?"
 Introduction to Computer Science Ch14 Conceptual Questions ,"Explain why responsible impact is important to cloud computing?"
 Introduction to Computer Science Ch14 Problem Set A ,"Your company is receiving bad press because they allowed another business access to their customer mailing list. Which domains in the Responsible Computing Framework should you focus on to resolve this issue?"
 Introduction to Computer Science Ch14 Problem Set A ,"The security and control of your company starts with an information security policy. Explain what this policy should include."
 Introduction to Computer Science Ch14 Problem Set A ,"Your company uses PaaS for data analytics and is experiencing a bandwidth issue. How will you resolve this?"
 Introduction to Computer Science Ch14 Problem Set A ,"The president of your organization has informed you that most of the threats to the organization's network are from insiders. As the chief of your organization's cybersecurity team, how will you deal with this?"
 Introduction to Computer Science Ch14 Problem Set A ,"Your organization deals with sensitive information, and you must ensure that this information is accessible only by authorized personnel. Explain how you could use cryptography to achieve this."
 Introduction to Computer Science Ch14 Problem Set A ,"You learned that your web designer is using his pet's name as his password to log into the Internet and conduct maintenance on your organization's website. What policies will you require the web designer to follow to develop a stronger password that is less likely to be misused by hackers and other malicious actors?"
 Introduction to Computer Science Ch14 Problem Set A ,"Identify specific scenarios or issues encountered in web/mobile solutions and explain how they can be addressed by responsible computing."
 Introduction to Computer Science Ch14 Problem Set A ,"Identify specific scenarios or issues encountered in cloud solutions, and explain how they can be addressed by responsible computing."
 Introduction to Computer Science Ch14 Problem Set A ,"Identify specific scenarios or issues encountered in smart ecosystems solutions and explain how they can be addressed by responsible computing."
 Introduction to Computer Science Ch14 Problem Set B ,"Your company has asked you to lead a team that will develop a network system that incorporates the company services within applications, has the ability for computers in one division to interact with computers in other divisions, can adapt as new standards and practices are implemented, and will be able to survive if the system experiences an attack or disruption of service. Which qualities is your company most concerned about?"
 Introduction to Computer Science Ch14 Problem Set B ,"Your company does business with several customers who access the company's system using IoT devices. Explain to your supervisor why this is a security concern?"
 Introduction to Computer Science Ch14 Problem Set B ,"Your company wants to expand into 3-D modeling, but you are concerned about data management. Explain to your supervisor why data management is an issue with 3-D modeling."
 Introduction to Computer Science Ch14 Problem Set B ,"Your organization has begun using the Cloud to share files, creating cybersecurity issues. As the cybersecurity chief, you have decided to assign a central policy administrator who will make security decisions about each file before it is shared. How will you achieve this?"
 Introduction to Computer Science Ch14 Problem Set B ,"Your organization is executing contracts through the metaverse, and you need to verify information without providing access to the data supporting the contract. How can you achieve this?"
 Introduction to Computer Science Ch14 Problem Set B ,"You've learned that one of your employees has been accessing your company's website but is hiding their IP address by using a public Wi-Fi network. Why is this a concern, and how will you address this?"
 Introduction to Computer Science Ch14 Problem Set B ,"You inherited your grandfather's business and intend to launch a website to promote the business and handle Internet sales. Prepare a cybersecurity policy that outlines how you will apply the pillars of responsible code and responsible data usage to your new website."
 Introduction to Computer Science Ch14 Problem Set B ,"As your grandfather's business evolves, you begin conducting business in the Cloud. What changes will you make to your cybersecurity policy to apply the pillars of responsible code and responsible data usage to your Cloud operations and why are you making these changes?"
 Introduction to Computer Science Ch14 Problem Set B ,"As your grandfather's business grows, you attract customers in Japan. Explain how you will use responsible computing to respect Japan's efforts to develop a super-society."
 Introduction to Computer Science Ch14 Practice Exercises ,"Your supervisor has asked you to lead a team to adopt a Technical Reference Model (TRM) framework for your organization's computing system. What must you and your team consider to determine the best TRM for your organization?"
 Introduction to Computer Science Ch14 Practice Exercises ,"As you and your team adopt a TRM framework, you are considering OMA and SOA. Explain the difference between the two architectures."
 Introduction to Computer Science Ch14 Practice Exercises ,"The Open Web Application Security Project (OWASP) identified the top ten risks for cybersecurity. Select any three of these risks and explain how you will address these concerns in your organization's information security policy."
 Introduction to Computer Science Ch14 Practice Exercises ,"Explain why the walled garden approach goes against the principles of the OWP."
 Introduction to Computer Science Ch14 Practice Exercises ,"How can backhaul help with poor network bandwidth issues?"
 Introduction to Computer Science Ch14 Practice Exercises ,"As your organization's cybersecurity chief, you must assess your organization's cyber risks. To do this, what questions will you ask?"
 Introduction to Computer Science Ch14 Practice Exercises ,"As a cybersecurity expert, you have been asked to handle penetration testing for your organization's software cybersecurity solutions. Explain the steps you will follow in this process."
 Introduction to Computer Science Ch14 Practice Exercises ,"Your organization's cloud network has become vulnerable to phishing attacks. What does this mean, and how will you address it?"
 Introduction to Computer Science Ch14 Practice Exercises ,"After your organization began operating in the metaverse, they were warned about cyber-attacks from botnets. What are botnets, and how do you deal with them?"
 Introduction to Computer Science Ch14 Practice Exercises ,"While AI poses additional cyberthreats, it can also be a tool to promote cybersecurity. How?"
 Introduction to Computer Science Ch14 Practice Exercises ,"Create a list of questions you could ask during an interview with a company to ensure that it follows the principles of responsible computing."
 Introduction to Computer Science Ch14 Practice Exercises ,"What are some of the things that you should consider when applying responsible computing to smart ecosystems solutions?"
 Introduction to Computer Science Ch14 Practice Exercises ,"You share files in the cloud with colleagues in multiple countries. As you do this, which of the pillars of responsible computing are you most concerned about and why?"
 Algebra and Trigonometry 2e Ch1 Key Terms ,"algebraic expression - constants and variables combined using addition, subtraction, multiplication, and division"
 Algebra and Trigonometry 2e Ch1 Key Terms ,"associative property of addition - the sum of three numbers may be grouped differently without affecting the result; in symbols,+(+)=(+)+a+(b+c)=(a+b)+ca+(b+c)=(a+b)+c"
 Algebra and Trigonometry 2e Ch1 Key Terms ,"associative property of multiplication - the product of three numbers may be grouped differently without affecting the result; in symbols,⋅(⋅)=(⋅)⋅a⋅(b⋅c)=(a⋅b)⋅ca⋅(b⋅c)=(a⋅b)⋅c"
 Algebra and Trigonometry 2e Ch1 Key Terms ,"base - in exponential notation, the expression that is being multiplied"
 Algebra and Trigonometry 2e Ch1 Key Terms ,"binomial - a polynomial containing two terms"
 Algebra and Trigonometry 2e Ch1 Key Terms ,"coefficient - any real number in a polynomial in the form aiai+...+22+1+0anxn+...+a2x2+a1x+a0anxn+...+a2x2+a1x+a0"
 Algebra and Trigonometry 2e Ch1 Key Terms ,"commutative property of addition - two numbers may be added in either order without affecting the result; in symbols,+=+a+b=b+aa+b=b+a"
 Algebra and Trigonometry 2e Ch1 Key Terms ,"commutative property of multiplication - two numbers may be multiplied in any order without affecting the result; in symbols,⋅=⋅a⋅b=b⋅aa⋅b=b⋅a"
 Algebra and Trigonometry 2e Ch1 Key Terms ,"constant - a quantity that does not change value"
 Algebra and Trigonometry 2e Ch1 Key Terms ,"degree - the highest power of the variable that occurs in a polynomial"
 Algebra and Trigonometry 2e Ch1 Key Terms ,"difference of squares - the binomial that results when a binomial is multiplied by a binomial with the same terms, but the opposite sign"
 Algebra and Trigonometry 2e Ch1 Key Terms ,"distributive property - the product of a factor times a sum is the sum of the factor times each term in the sum; in symbols,⋅(+)=⋅+⋅a⋅(b+c)=a⋅b+a⋅ca⋅(b+c)=a⋅b+a⋅c"
 Algebra and Trigonometry 2e Ch1 Key Terms ,"equation - a mathematical statement indicating that two expressions are equal"
 Algebra and Trigonometry 2e Ch1 Key Terms ,"exponent - in exponential notation, the raised number or variable that indicates how many times the base is being multiplied"
 Algebra and Trigonometry 2e Ch1 Key Terms ,"exponential notation - a shorthand method of writing products of the same factor"
 Algebra and Trigonometry 2e Ch1 Key Terms ,"factor by grouping - a method for factoring a trinomial in the form by dividing the x term into the sum of two terms, factoring each portion of the expression separately, and then factoring out the GCF of the entire expression 2++ax2+bx+cax2+bx+c"
 Algebra and Trigonometry 2e Ch1 Key Terms ,"formula - an equation expressing a relationship between constant and variable quantities"
 Algebra and Trigonometry 2e Ch1 Key Terms ,"greatest common factor - the largest polynomial that divides evenly into each polynomial"
 Algebra and Trigonometry 2e Ch1 Key Terms ,"identity property of addition - there is a unique number, called the additive identity, 0, which, when added to a number, results in the original number; in symbols,+0=a+0=aa+0=a"
 Algebra and Trigonometry 2e Ch1 Key Terms ,"identity property of multiplication - there is a unique number, called the multiplicative identity, 1, which, when multiplied by a number, results in the original number; in symbols,⋅1=a⋅1=aa⋅1=a"
 Algebra and Trigonometry 2e Ch1 Key Terms ,"index - the number above the radical sign indicating the nth root"
 Algebra and Trigonometry 2e Ch1 Key Terms ,"integers - the set consisting of the natural numbers, their opposites, and 0:{…,−3,−2,−1,0,1,2,3,…}{…,−3,−2,−1,0,1,2,3,…}{…,−3,−2,−1,0,1,2,3,…}"
 Algebra and Trigonometry 2e Ch1 Key Terms ,"inverse property of addition - for every real number there is a unique number, called the additive inverse (or opposite), denoted ,a,a, which, when added to the original number, results in the additive identity, 0; in symbols, −,−a,−a,+(−)=0a+(−a)=0a+(−a)=0"
 Algebra and Trigonometry 2e Ch1 Key Terms ,"inverse property of multiplication - for every non-zero real number there is a unique number, called the multiplicative inverse (or reciprocal), denoted ,a,a, which, when multiplied by the original number, results in the multiplicative identity, 1; in symbols, when ⋅−1,a,a⋅(1/a)=1a⋅(1/a)=1, in symbols,⋅a⋅(1/a)=1a⋅(1/a)=1"
 Algebra and Trigonometry 2e Ch1 Key Terms ,"irrational numbers - numbers that cannot be written as a ratio of two integers; their decimal expansions are non-terminating and non-repeating"
 Algebra and Trigonometry 2e Ch1 Key Terms ,"leading coefficient - the coefficient of the leading term"
 Algebra and Trigonometry 2e Ch1 Key Terms ,"least common denominator - the smallest multiple that two denominators have in common"
 Algebra and Trigonometry 2e Ch1 Key Terms ,"monomial - a polynomial containing one term"
 Algebra and Trigonometry 2e Ch1 Key Terms ,"natural numbers - the set of positive integers: {1,2,3,…}{1,2,3,…}{1,2,3,…}"
 Algebra and Trigonometry 2e Ch1 Key Terms ,"nth root of a number - if then b is an nth root of a; the principal nth root of a is written as bn=a,bn=a,a√n.a√n."
 Algebra and Trigonometry 2e Ch1 Key Terms ,"polynomial - a sum of terms each consisting of a variable raised to a nonnegative integer power"
 Algebra and Trigonometry 2e Ch1 Key Terms ,"principal square root - the nonnegative square root of a number a, denoteda√a."
 Algebra and Trigonometry 2e Ch1 Key Terms ,"Pythagorean triple - a set of three integers that satisfy the equation a2+b2=c2a2+b2=c2"
 Algebra and Trigonometry 2e Ch1 Key Terms ,"radicand - the number under the radical symbol"
 Algebra and Trigonometry 2e Ch1 Key Terms ,"rational expression - a quotient of two polynomial expressions"
 Algebra and Trigonometry 2e Ch1 Key Terms ,"rational numbers - numbers that can be written as a ratio of two integers; their decimal expansions are terminating or repeating"
 Algebra and Trigonometry 2e Ch1 Key Terms ,"real numbers - the set of all rational and irrational numbers"
 Algebra and Trigonometry 2e Ch1 Key Terms ,"real number line - a horizontal line used to represent the real numbers; an arbitrary point is chosen as 0; positive numbers lie to the right of 0 and negative numbers lie to the left of 0"
 Algebra and Trigonometry 2e Ch1 Key Terms ,"scientific notation - a shorthand notation for writing very large or very small numbers in the form a×10na×10n where 1≤"
 Algebra and Trigonometry 2e Ch1 Key Terms ,"trinomial - a polynomial containing three terms"
 Algebra and Trigonometry 2e Ch1 Key Terms ,"variable - a quantity that may change value"
 Algebra and Trigonometry 2e Ch1 Key Terms ,"whole numbers - the set consisting of 0 and the natural numbers: {0,1,2,3,…}{0,1,2,3,…}{0,1,2,3,…}"
 Algebra and Trigonometry 2e Ch1 Key Concepts ,"Rational numbers may be written as fractions or terminating or repeating decimals. See Example 1 and Example 2."
 Algebra and Trigonometry 2e Ch1 Key Concepts ,"Determine whether a number is rational or irrational by writing it as a decimal. See Example 3."
 Algebra and Trigonometry 2e Ch1 Key Concepts ,"The rational numbers and irrational numbers make up the set of real numbers. See Example 4."
 Algebra and Trigonometry 2e Ch1 Key Concepts ,"A number can be classified as natural, whole, integer, rational, or irrational. See Example 5."
 Algebra and Trigonometry 2e Ch1 Key Concepts ,"The order of operations is used to evaluate expressions. See Example 6."
 Algebra and Trigonometry 2e Ch1 Key Concepts ,"The real numbers under the operations of addition and multiplication obey basic rules, known as the properties of real numbers. These are the commutative properties, the associative properties, the distributive property, the identity properties, and the inverse properties. See Example 7."
 Algebra and Trigonometry 2e Ch1 Key Concepts ,"Algebraic expressions are composed of constants and variables that are combined using addition, subtraction, multiplication, and division. See Example 8."
 Algebra and Trigonometry 2e Ch1 Key Concepts ,"They take on a numerical value when evaluated by replacing variables with constants. See Example 9, Example 10, and Example 12"
 Algebra and Trigonometry 2e Ch1 Key Concepts ,"Formulas are equations in which one quantity is represented in terms of other quantities. They may be simplified or evaluated as any mathematical expression. See Example 11 and Example 13."
 Algebra and Trigonometry 2e Ch1 Key Concepts ,"Products of exponential expressions with the same base can be simplified by adding exponents. See Example 1."
 Algebra and Trigonometry 2e Ch1 Key Concepts ,"Quotients of exponential expressions with the same base can be simplified by subtracting exponents. See Example 2."
 Algebra and Trigonometry 2e Ch1 Key Concepts ,"Powers of exponential expressions with the same base can be simplified by multiplying exponents. See Example 3."
 Algebra and Trigonometry 2e Ch1 Key Concepts ,"An expression with exponent zero is defined as 1. See Example 4."
 Algebra and Trigonometry 2e Ch1 Key Concepts ,"An expression with a negative exponent is defined as a reciprocal. See Example 5 and Example 6."
 Algebra and Trigonometry 2e Ch1 Key Concepts ,"The power of a product of factors is the same as the product of the powers of the same factors. See Example 7."
 Algebra and Trigonometry 2e Ch1 Key Concepts ,"The power of a quotient of factors is the same as the quotient of the powers of the same factors. See Example 8."
 Algebra and Trigonometry 2e Ch1 Key Concepts ,"The rules for exponential expressions can be combined to simplify more complicated expressions. See Example 9."
 Algebra and Trigonometry 2e Ch1 Key Concepts ,"Scientific notation is used to express very large or very small numbers in a compact form. See Example 10 and Example 11."
 Algebra and Trigonometry 2e Ch1 Key Concepts ,"The square root of a number is the number that, when squared, gives the original number. See Example 12."
 Algebra and Trigonometry 2e Ch1 Key Concepts ,"The principal square root of a number is its nonnegative root. See Example 13."
 Algebra and Trigonometry 2e Ch1 Key Concepts ,"The product property of radicals: the square root of a product is the product of the square roots. See Example 14."
 Algebra and Trigonometry 2e Ch1 Key Concepts ,"The quotient property of radicals: the square root of a quotient is the quotient of the square roots. See Example 15."
 Algebra and Trigonometry 2e Ch1 Key Concepts ,"Radical expressions can be simplified by factoring out the largest perfect square from the radicand. See Example 16 and Example 17."
 Algebra and Trigonometry 2e Ch1 Key Concepts ,"Adding and subtracting radical expressions is similar to adding and subtracting like terms. See Example 18."
 Algebra and Trigonometry 2e Ch1 Key Concepts ,"Radical expressions can be multiplied using the product property of radicals. See Example 19."
 Algebra and Trigonometry 2e Ch1 Key Concepts ,"Dividing radical expressions can be performed using the quotient property of radicals. See Example 20."
 Algebra and Trigonometry 2e Ch1 Key Concepts ,"Rationalizing the denominator is the process of eliminating a radical from the denominator of a fraction. See Example 21."
 Algebra and Trigonometry 2e Ch1 Key Concepts ,"The principal nth root of a number is written as √[n]{a} and has the same sign as a. See Example 22."
 Algebra and Trigonometry 2e Ch1 Key Concepts ,"Rational exponents are exponents that are fractions. The numerator of the fraction indicates the power and the denominator indicates the root. See Example 23 and Example 24."
 Algebra and Trigonometry 2e Ch1 Key Concepts ,"The rules of exponents apply to rational exponents as well. See Example 25."
 Algebra and Trigonometry 2e Ch1 Key Concepts ,"A polynomial is a sum of terms each consisting of a variable raised to a nonnegative integer power. The degree is the highest power of the variable. See Example 26 and Example 27."
 Algebra and Trigonometry 2e Ch1 Key Concepts ,"Adding and subtracting polynomials is done by combining like terms. See Example 28 and Example 29."
 Algebra and Trigonometry 2e Ch1 Key Concepts ,"Multiplying polynomials is done by using the distributive property. See Example 30, Example 31, and Example 32."
 Algebra and Trigonometry 2e Ch1 Key Concepts ,"The FOIL method can be used to multiply two binomials. See Example 33."
 Algebra and Trigonometry 2e Ch1 Key Concepts ,"Factoring is the process of writing a polynomial as a product of polynomials. See Example 34."
 Algebra and Trigonometry 2e Ch1 Key Concepts ,"The greatest common factor is the largest factor that divides evenly into each term of a polynomial. See Example 35."
 Algebra and Trigonometry 2e Ch1 Key Concepts ,"Factoring by grouping is used to factor polynomials with four terms. See Example 36."
 Algebra and Trigonometry 2e Ch1 Key Concepts ,"A trinomial of the form ax^2+bx+c can be factored by finding two numbers that multiply to ac and add to b. See Example 37 and Example 38."
 Algebra and Trigonometry 2e Ch1 Key Concepts ,"A perfect square trinomial is a trinomial that can be factored as (a+b)^2 or (a-b)^2. See Example 39."
 Algebra and Trigonometry 2e Ch1 Key Concepts ,"A difference of squares can be factored as (a+b)(a-b). See Example 40."
 Algebra and Trigonometry 2e Ch1 Key Concepts ,"A sum or difference of cubes can be factored using the formulas a^3+b^3=(a+b)(a^2-ab+b^2) and a^3-b^3=(a-b)(a^2+ab+b^2). See Example 41."
 Algebra and Trigonometry 2e Ch1 Key Concepts ,"Rational expressions can be simplified by canceling common factors in the numerator and denominator. See Example 42."
 Algebra and Trigonometry 2e Ch1 Key Concepts ,"Multiplying rational expressions is done by multiplying numerators and denominators. See Example 43."
 Algebra and Trigonometry 2e Ch1 Key Concepts ,"Dividing rational expressions is done by multiplying by the reciprocal of the divisor. See Example 44."
 Algebra and Trigonometry 2e Ch1 Key Concepts ,"Adding and subtracting rational expressions requires a common denominator. The least common denominator is the smallest expression that is a multiple of each denominator. See Example 45 and Example 46."
 Algebra and Trigonometry 2e Ch1 Key Concepts ,"Complex rational expressions are rational expressions that contain a rational expression in the numerator or denominator. They can be simplified by rewriting them as a division problem. See Example 47."
 Algebra and Trigonometry 2e Ch2 Key Terms ,"absolute value equation - an equation in which the variable appears in absolute value bars, typically with two solutions, one accounting for the positive expression and one for the negative expression"
 Algebra and Trigonometry 2e Ch2 Key Terms ,"area - in square units, the area formula used in this section is used to find the area of any two-dimensional rectangular region: = A = L W"
 Algebra and Trigonometry 2e Ch2 Key Terms ,"Cartesian coordinate system - a grid system designed with perpendicular axes invented by René Descartes"
 Algebra and Trigonometry 2e Ch2 Key Terms ,"completing the square - a process for solving quadratic equations in which terms are added to or subtracted from both sides of the equation in order to make one side a perfect square"
 Algebra and Trigonometry 2e Ch2 Key Terms ,"complex conjugate - a complex number containing the same terms as another complex number, but with the opposite operator. Multiplying a complex number by its conjugate yields a real number."
 Algebra and Trigonometry 2e Ch2 Key Terms ,"complex number - the sum of a real number and an imaginary number; the standard form is where a is the real part and +,a+bi,a+bi, is the complex part.bb"
 Algebra and Trigonometry 2e Ch2 Key Terms ,"complex plane - the coordinate plane in which the horizontal axis represents the real component of a complex number, and the vertical axis represents the imaginary component, labeled i."
 Algebra and Trigonometry 2e Ch2 Key Terms ,"compound inequality - a problem or a statement that includes two inequalities"
 Algebra and Trigonometry 2e Ch2 Key Terms ,"conditional equation - an equation that is true for some values of the variable"
 Algebra and Trigonometry 2e Ch2 Key Terms ,"discriminant - the expression under the radical in the quadratic formula that indicates the nature of the solutions, real or complex, rational or irrational, single or double roots."
 Algebra and Trigonometry 2e Ch2 Key Terms ,"distance formula - a formula that can be used to find the length of a line segment if the endpoints are known"
 Algebra and Trigonometry 2e Ch2 Key Terms ,"equation in two variables - a mathematical statement, typically written in x and y, in which two expressions are equal"
 Algebra and Trigonometry 2e Ch2 Key Terms ,"equations in quadratic form - equations with a power other than 2 but with a middle term with an exponent that is one-half the exponent of the leading term"
 Algebra and Trigonometry 2e Ch2 Key Terms ,"extraneous solutions - any solutions obtained that are not valid in the original equation"
 Algebra and Trigonometry 2e Ch2 Key Terms ,"graph in two variables - the graph of an equation in two variables, which is always shown in two variables in the two-dimensional plane"
 Algebra and Trigonometry 2e Ch2 Key Terms ,"identity equation - an equation that is true for all values of the variable"
 Algebra and Trigonometry 2e Ch2 Key Terms ,"imaginary number - the square root of : −1−1−1=√−1.i=−1.i=−1."
 Algebra and Trigonometry 2e Ch2 Key Terms ,"inconsistent equation - an equation producing a false result"
 Algebra and Trigonometry 2e Ch2 Key Terms ,"intercepts - the points at which the graph of an equation crosses the x-axis and the y-axis"
 Algebra and Trigonometry 2e Ch2 Key Terms ,"interval - an interval describes a set of numbers within which a solution falls"
 Algebra and Trigonometry 2e Ch2 Key Terms ,"interval notation - a mathematical statement that describes a solution set and uses parentheses or brackets to indicate where an interval begins and ends"
 Algebra and Trigonometry 2e Ch2 Key Terms ,"linear equation - an algebraic equation in which each term is either a constant or the product of a constant and the first power of a variable"
 Algebra and Trigonometry 2e Ch2 Key Terms ,"linear inequality - similar to a linear equation except that the solutions will include sets of numbers"
 Algebra and Trigonometry 2e Ch2 Key Terms ,"midpoint formula - a formula to find the point that divides a line segment into two parts of equal length"
 Algebra and Trigonometry 2e Ch2 Key Terms ,"ordered pair - a pair of numbers indicating horizontal displacement and vertical displacement from the origin; also known as a coordinate pair,(,)(x,y)(x,y)"
 Algebra and Trigonometry 2e Ch2 Key Terms ,"origin - the point where the two axes cross in the center of the plane, described by the ordered pair(0,0)(0,0)(0,0)"
 Algebra and Trigonometry 2e Ch2 Key Terms ,"perimeter - in linear units, the perimeter formula is used to find the linear measurement, or outside length and width, around a two-dimensional regular object; for a rectangle: =2+2P=2L+2WP=2L+2W"
 Algebra and Trigonometry 2e Ch2 Key Terms ,"polynomial equation - an equation containing a string of terms including numerical coefficients and variables raised to whole-number exponents"
 Algebra and Trigonometry 2e Ch2 Key Terms ,"Pythagorean Theorem - a theorem that states the relationship among the lengths of the sides of a right triangle, used to solve right triangle problems"
 Algebra and Trigonometry 2e Ch2 Key Terms ,"quadratic equation - a polynomial equation of the second degree"
 Algebra and Trigonometry 2e Ch2 Key Terms ,"quadratic formula - the formula that can be used to solve any quadratic equation in the form ax^2+bx+c=0"
 Algebra and Trigonometry 2e Ch2 Key Terms ,"quadratic inequality - a mathematical statement that relates a quadratic expression as either less than or greater than another"
 Algebra and Trigonometry 2e Ch2 Key Terms ,"radius - the distance from the center of a circle to any point on the circle"
 Algebra and Trigonometry 2e Ch2 Key Terms ,"radical equation - an equation in which a variable is in the radicand of a radical expression"
 Algebra and Trigonometry 2e Ch2 Key Terms ,"radicand - the number or expression under the radical symbol"
 Algebra and Trigonometry 2e Ch2 Key Terms ,"rational equation - an equation consisting of a fraction of polynomials"
 Algebra and Trigonometry 2e Ch2 Key Terms ,"rational inequality - a mathematical statement that relates a rational expression as either less than or greater than another"
 Algebra and Trigonometry 2e Ch2 Key Terms ,"reciprocal - the multiplicative inverse of a number"
 Algebra and Trigonometry 2e Ch2 Key Terms ,"slope - the ratio of the change in output values to the change in input values; a measure of the steepness of a line"
 Algebra and Trigonometry 2e Ch2 Key Terms ,"solution set - the set of all values that satisfy a given equation or inequality"
 Algebra and Trigonometry 2e Ch2 Key Terms ,"square root property - a property that states if x^2 = k, then x = ±√k"
 Algebra and Trigonometry 2e Ch2 Key Terms ,"standard form of a quadratic equation - the form ax^2+bx+c=0 where a, b, and c are real numbers and a≠0"
 Algebra and Trigonometry 2e Ch2 Key Terms ,"x-intercept - the point where the graph of an equation crosses the x-axis"
 Algebra and Trigonometry 2e Ch2 Key Terms ,"y-intercept - the point where the graph of an equation crosses the y-axis"
 Algebra and Trigonometry 2e Ch2 Key Concepts ,"We can locate, or plot, points in the Cartesian coordinate system using ordered pairs, which are defined as displacement from the x-axis and displacement from the y-axis. See Example 1."
 Algebra and Trigonometry 2e Ch2 Key Concepts ,"An equation can be graphed in the plane by creating a table of values and plotting points. See Example 2."
 Algebra and Trigonometry 2e Ch2 Key Concepts ,"Using a graphing calculator or a computer program makes graphing equations faster and more accurate. Equations usually have to be entered in the form y=_____. See Example 3."
 Algebra and Trigonometry 2e Ch2 Key Concepts ,"Finding the x- and y-intercepts can define the graph of a line. These are the points where the graph crosses the axes. See Example 4."
 Algebra and Trigonometry 2e Ch2 Key Concepts ,"The distance formula is derived from the Pythagorean Theorem and is used to find the length of a line segment. See Example 5 and Example 6."
 Algebra and Trigonometry 2e Ch2 Key Concepts ,"The midpoint formula provides a method of finding the coordinates of the midpoint dividing the sum of the x-coordinates and the sum of the y-coordinates of the endpoints by 2. See Example 7 and Example 8."
 Algebra and Trigonometry 2e Ch2 Key Concepts ,"We can solve linear equations in one variable in the form using standard algebraic properties. See Example 1 and Example 2.+=0ax+b=0ax+b=0"
 Algebra and Trigonometry 2e Ch2 Key Concepts ,"A rational expression is a quotient of two polynomials. We use the LCD to clear the fractions from an equation. See Example 3 and Example 4."
 Algebra and Trigonometry 2e Ch2 Key Concepts ,"All solutions to a rational equation should be verified within the original equation to avoid an undefined term, or zero in the denominator. See Example 5 and Example 6 and Example 7."
 Algebra and Trigonometry 2e Ch2 Key Concepts ,"Given two points, we can find the slope of a line using the slope formula. See Example 8."
 Algebra and Trigonometry 2e Ch2 Key Concepts ,"We can identify the slope and y-intercept of an equation in slope-intercept form. See Example 9."
 Algebra and Trigonometry 2e Ch2 Key Concepts ,"We can find the equation of a line given the slope and a point. See Example 10."
 Algebra and Trigonometry 2e Ch2 Key Concepts ,"We can also find the equation of a line given two points. Find the slope and use the point-slope formula. See Example 11."
 Algebra and Trigonometry 2e Ch2 Key Concepts ,"The standard form of a line has no fractions. See Example 12."
 Algebra and Trigonometry 2e Ch2 Key Concepts ,"Horizontal lines have a slope of zero and are defined as where c is a constant.=,y=c,y=c,"
 Algebra and Trigonometry 2e Ch2 Key Concepts ,"Vertical lines have an undefined slope (zero in the denominator), and are defined as where c is a constant. See Example 13.=,x=c,x=c,"
 Algebra and Trigonometry 2e Ch2 Key Concepts ,"Parallel lines have the same slope. Perpendicular lines have slopes that are negative reciprocals, assuming neither is vertical. See Example 14."
 Algebra and Trigonometry 2e Ch2 Key Concepts ,"We can solve a quadratic equation by factoring, completing the square, or using the quadratic formula. See Example 15, Example 16, Example 17, and Example 18."
 Algebra and Trigonometry 2e Ch2 Key Concepts ,"The discriminant can be used to determine the nature of the solutions of a quadratic equation. See Example 19 and Example 20."
 Algebra and Trigonometry 2e Ch2 Key Concepts ,"Quadratic inequalities can be solved by finding the roots of the corresponding quadratic equation and testing intervals. See Example 21."
 Algebra and Trigonometry 2e Ch2 Key Concepts ,"Radical equations can be solved by isolating the radical and squaring both sides. See Example 22 and Example 23."
 Algebra and Trigonometry 2e Ch2 Key Concepts ,"Extraneous solutions may arise when solving radical equations and should be checked. See Example 24."
 Algebra and Trigonometry 2e Ch2 Key Concepts ,"Absolute value equations can be solved by considering two cases: one for the positive expression and one for the negative expression. See Example 25."
 Algebra and Trigonometry 2e Ch2 Key Concepts ,"Complex numbers are of the form a+bi, where a is the real part and b is the imaginary part. See Example 26."
 Algebra and Trigonometry 2e Ch2 Key Concepts ,"Adding and subtracting complex numbers is similar to combining like terms. See Example 27."
 Algebra and Trigonometry 2e Ch2 Key Concepts ,"Multiplying complex numbers is done using the distributive property and the fact that i^2 = -1. See Example 28."
 Algebra and Trigonometry 2e Ch2 Key Concepts ,"The conjugate of a complex number a+bi is a-bi. Multiplying a complex number by its conjugate yields a real number. See Example 29."
 Algebra and Trigonometry 2e Ch3 Key Terms ,"absolute maximum - the greatest value of a function over an interval"
 Algebra and Trigonometry 2e Ch3 Key Terms ,"absolute minimum - the lowest value of a function over an interval"
 Algebra and Trigonometry 2e Ch3 Key Terms ,"average rate of change - the difference in the output values of a function found for two values of the input divided by the difference between the inputs"
 Algebra and Trigonometry 2e Ch3 Key Terms ,"composite function - the new function formed by function composition, when the output of one function is used as the input of another"
 Algebra and Trigonometry 2e Ch3 Key Terms ,"decreasing function - a function is decreasing in some open interval if for any two input values ()<()f(b)b>ab>a"
 Algebra and Trigonometry 2e Ch3 Key Terms ,"dependent variable - an output variable"
 Algebra and Trigonometry 2e Ch3 Key Terms ,"domain - the set of all possible input values for a relation"
 Algebra and Trigonometry 2e Ch3 Key Terms ,"even function - a function whose graph is unchanged by horizontal reflection, and is symmetric about the ()=(−),f(x)=f(−x),f(x)=f(−x), axis-y-y-"
 Algebra and Trigonometry 2e Ch3 Key Terms ,"function - a relation in which each input value yields a unique output value"
 Algebra and Trigonometry 2e Ch3 Key Terms ,"horizontal compression - a transformation that compresses a function’s graph horizontally, by multiplying the input by a constant>1b>1b>1"
 Algebra and Trigonometry 2e Ch3 Key Terms ,"horizontal line test - a method of testing whether a function is one-to-one by determining whether any horizontal line intersects the graph more than once"
 Algebra and Trigonometry 2e Ch3 Key Terms ,"horizontal reflection - a transformation that reflects a function’s graph across the y-axis by multiplying the input by−1−1−1"
 Algebra and Trigonometry 2e Ch3 Key Terms ,"horizontal shift - a transformation that shifts a function’s graph left or right by adding a positive or negative constant to the input"
 Algebra and Trigonometry 2e Ch3 Key Terms ,"horizontal stretch - a transformation that stretches a function’s graph horizontally by multiplying the input by a constant0<<10()f(b)>f(a)f(b)>f(a) and aa in the given interval where bb>b>ab>a"
 Algebra and Trigonometry 2e Ch3 Key Terms ,"independent variable - an input variable"
 Algebra and Trigonometry 2e Ch3 Key Terms ,"input - each object or value in a domain that relates to another object or value by a relationship known as a function"
 Algebra and Trigonometry 2e Ch3 Key Terms ,"interval notation - a method of describing a set that includes all numbers between a lower limit and an upper limit; the lower and upper values are listed between brackets or parentheses, a square bracket indicating inclusion in the set, and a parenthesis indicating exclusion"
 Algebra and Trigonometry 2e Ch3 Key Terms ,"inverse function - for any one-to-one function the inverse is a function (),f(x),f(x), such that −1()f−1(x)f−1(x) for all −1(())=f−1(f(x))=xf−1(f(x))=x in the domain of xx this also implies that ;f;f; for all (−1())=f(f−1(x))=xf(f−1(x))=x in the domain of xx−1f−1f−1"
 Algebra and Trigonometry 2e Ch3 Key Terms ,"local extrema - collectively, all of a function's local maxima and minima"
 Algebra and Trigonometry 2e Ch3 Key Terms ,"local maximum - a value of the input where a function changes from increasing to decreasing as the input value increases."
 Algebra and Trigonometry 2e Ch3 Key Terms ,"local minimum - a value of the input where a function changes from decreasing to increasing as the input value increases."
 Algebra and Trigonometry 2e Ch3 Key Terms ,"odd function - a function whose graph is unchanged by combined horizontal and vertical reflection, and is symmetric about the origin()=−(−),f(x)=−f(−x),f(x)=−f(−x),"
 Algebra and Trigonometry 2e Ch3 Key Terms ,"one-to-one function - a function for which each value of the output is associated with a unique input value"
 Algebra and Trigonometry 2e Ch3 Key Terms ,"output - each object or value in the range that is produced when an input value is entered into a function"
 Algebra and Trigonometry 2e Ch3 Key Terms ,"piecewise function - a function in which more than one formula is used to define the output"
 Algebra and Trigonometry 2e Ch3 Key Terms ,"range - the set of output values that result from the input values in a relation"
 Algebra and Trigonometry 2e Ch3 Key Terms ,"rate of change - the change of an output quantity relative to the change of the input quantity"
 Algebra and Trigonometry 2e Ch3 Key Terms ,"relation - a set of ordered pairs"
 Algebra and Trigonometry 2e Ch3 Key Terms ,"set-builder notation - a method of describing a set by a rule that all of its members obey; it takes the form{"
 Algebra and Trigonometry 2e Ch3 Key Concepts ,"A relation is a set of ordered pairs. A function is a specific type of relation in which each domain value, or input, leads to exactly one range value, or output. See Example 1 and Example 2."
 Algebra and Trigonometry 2e Ch3 Key Concepts ,"Function notation is a shorthand method for relating the input to the output in the form See Example 3 and Example 4.=().y=f(x).y=f(x)."
 Algebra and Trigonometry 2e Ch3 Key Concepts ,"In tabular form, a function can be represented by rows or columns that relate to input and output values. See Example 5."
 Algebra and Trigonometry 2e Ch3 Key Concepts ,"To evaluate a function, we determine an output value for a corresponding input value. Algebraic forms of a function can be evaluated by replacing the input variable with a given value. See Example 6 and Example 7."
 Algebra and Trigonometry 2e Ch3 Key Concepts ,"To solve for a specific function value, we determine the input values that yield the specific output value. See Example 8."
 Algebra and Trigonometry 2e Ch3 Key Concepts ,"An algebraic form of a function can be written from an equation. See Example 9 and Example 10."
 Algebra and Trigonometry 2e Ch3 Key Concepts ,"Input and output values of a function can be identified from a table. See Example 11."
 Algebra and Trigonometry 2e Ch3 Key Concepts ,"Relating input values to output values on a graph is another way to evaluate a function. See Example 12."
 Algebra and Trigonometry 2e Ch3 Key Concepts ,"A function is one-to-one if each output value corresponds to only one input value. See Example 13."
 Algebra and Trigonometry 2e Ch3 Key Concepts ,"A graph represents a function if any vertical line drawn on the graph intersects the graph at no more than one point. See Example 14."
 Algebra and Trigonometry 2e Ch3 Key Concepts ,"The graph of a one-to-one function passes the horizontal line test. See Example 15."
 Algebra and Trigonometry 2e Ch3 Key Concepts ,"The domain of a function includes all real input values that would not cause us to attempt an undefined mathematical operation, such as dividing by zero or taking the square root of a negative number."
 Algebra and Trigonometry 2e Ch3 Key Concepts ,"The domain of a function can be determined by listing the input values of a set of ordered pairs. See Example 1."
 Algebra and Trigonometry 2e Ch3 Key Concepts ,"The domain of a function can also be determined by identifying the input values of a function written as an equation. See Example 2, Example 3, and Example 4."
 Algebra and Trigonometry 2e Ch3 Key Concepts ,"Interval values represented on a number line can be described using inequality notation, set-builder notation, and interval notation. See Example 5."
 Algebra and Trigonometry 2e Ch3 Key Concepts ,"For many functions, the domain and range can be determined from a graph. See Example 6 and Example 7."
 Algebra and Trigonometry 2e Ch3 Key Concepts ,"An understanding of toolkit functions can be used to find the domain and range of related functions. See Example 8, Example 9, and Example 10."
 Algebra and Trigonometry 2e Ch3 Key Concepts ,"A piecewise function is described by more than one formula. See Example 11 and Example 12."
 Algebra and Trigonometry 2e Ch3 Key Concepts ,"The average rate of change of a function can be found by calculating the slope of the secant line between two points. See Example 13."
 Algebra and Trigonometry 2e Ch3 Key Concepts ,"A function is increasing on an interval if for any two input values a and b, if a<b then f(a)<f(b). A function is decreasing if f(a)>f(b). See Example 14."
 Algebra and Trigonometry 2e Ch3 Key Concepts ,"Local extrema are the points where a function changes from increasing to decreasing or vice versa. See Example 15."
 Algebra and Trigonometry 2e Ch3 Key Concepts ,"Even functions are symmetric about the y-axis. Odd functions are symmetric about the origin. See Example 16."
 Algebra and Trigonometry 2e Ch3 Key Concepts ,"A function can be shifted vertically by adding a constant to the output and horizontally by adding a constant to the input. See Example 17."
 Algebra and Trigonometry 2e Ch3 Key Concepts ,"A function can be stretched or compressed vertically by multiplying the output by a constant and horizontally by multiplying the input by a constant. See Example 18."
 Algebra and Trigonometry 2e Ch3 Key Concepts ,"A function can be reflected across the x-axis by multiplying the output by -1 and across the y-axis by multiplying the input by -1. See Example 19."
 Algebra and Trigonometry 2e Ch3 Key Concepts ,"The composition of functions is the process of combining two functions where the output of one becomes the input of the other. See Example 20 and Example 21."
 Algebra and Trigonometry 2e Ch3 Key Concepts ,"The inverse of a function is a function that undoes the original function. It exists only if the original function is one-to-one. See Example 22."
 Algebra and Trigonometry 2e Ch3 Key Concepts ,"To find the inverse of a function, interchange the input and output variables and solve for the new output. See Example 23."
 Algebra and Trigonometry 2e Ch4 Key Terms ,"correlation coefficient - a value, between –1 and 1 that indicates the degree of linear correlation of variables, or how closely a regression line fits a data set.,r,r,"
 Algebra and Trigonometry 2e Ch4 Key Terms ,"decreasing linear function - a function with a negative slope: If ()=+,then<0f(x)=mx+b,thenm<0f(x)=mx+b,thenm<0"
 Algebra and Trigonometry 2e Ch4 Key Terms ,"extrapolation - predicting a value outside the domain and range of the data"
 Algebra and Trigonometry 2e Ch4 Key Terms ,"horizontal line - a line defined by where ()=,f(x)=b,f(x)=b, is a real number. The slope of a horizontal line is 0.bb"
 Algebra and Trigonometry 2e Ch4 Key Terms ,"increasing linear function - a function with a positive slope: If ()=+,then>0.f(x)=mx+b,thenm>0.f(x)=mx+b,thenm>0."
 Algebra and Trigonometry 2e Ch4 Key Terms ,"interpolation - predicting a value inside the domain and range of the data"
 Algebra and Trigonometry 2e Ch4 Key Terms ,"least squares regression - a statistical technique for fitting a line to data in a way that minimizes the differences between the line and data values"
 Algebra and Trigonometry 2e Ch4 Key Terms ,"linear function - a function with a constant rate of change that is a polynomial of degree 1, and whose graph is a straight line"
 Algebra and Trigonometry 2e Ch4 Key Terms ,"model breakdown - when a model no longer applies after a certain point"
 Algebra and Trigonometry 2e Ch4 Key Terms ,"parallel lines - two or more lines with the same slope"
 Algebra and Trigonometry 2e Ch4 Key Terms ,"perpendicular lines - two lines that intersect at right angles and have slopes that are negative reciprocals of each other"
 Algebra and Trigonometry 2e Ch4 Key Terms ,"point-slope form - the equation for a line that represents a linear function of the form −1=(−1)y−y1=m(x−x1)y−y1=m(x−x1)"
 Algebra and Trigonometry 2e Ch4 Key Terms ,"slope - the ratio of the change in output values to the change in input values; a measure of the steepness of a line"
 Algebra and Trigonometry 2e Ch4 Key Terms ,"slope-intercept form - the equation for a line that represents a linear function in the form ()=+f(x)=mx+bf(x)=mx+b"
 Algebra and Trigonometry 2e Ch4 Key Terms ,"vertical line - a line defined by where =,x=a,x=a, is a real number. The slope of a vertical line is undefined.aa"
 Algebra and Trigonometry 2e Ch4 Key Concepts ,"Linear functions can be represented in words, function notation, tabular form, and graphical form. See Example 1."
 Algebra and Trigonometry 2e Ch4 Key Concepts ,"An increasing linear function results in a graph that slants upward from left to right and has a positive slope. A decreasing linear function results in a graph that slants downward from left to right and has a negative slope. A constant linear function results in a graph that is a horizontal line. See Example 2."
 Algebra and Trigonometry 2e Ch4 Key Concepts ,"Slope is a rate of change. The slope of a linear function can be calculated by dividing the difference between y-values by the difference in corresponding x-values of any two points on the line. See Example 3 and Example 4."
 Algebra and Trigonometry 2e Ch4 Key Concepts ,"An equation for a linear function can be written from a graph. See Example 5."
 Algebra and Trigonometry 2e Ch4 Key Concepts ,"The equation for a linear function can be written if the slope mm and initial value bb are known. See Example 6 and Example 7."
 Algebra and Trigonometry 2e Ch4 Key Concepts ,"A linear function can be used to solve real-world problems given information in different forms. See Example 8, Example 9, and Example 10."
 Algebra and Trigonometry 2e Ch4 Key Concepts ,"Linear functions can be graphed by plotting points or by using the y-intercept and slope. See Example 11 and Example 12."
 Algebra and Trigonometry 2e Ch4 Key Concepts ,"Graphs of linear functions may be transformed by using shifts up, down, left, or right, as well as through stretches, compressions, and reflections. See Example 13."
 Algebra and Trigonometry 2e Ch4 Key Concepts ,"The equation for a linear function can be written by interpreting the graph. See Example 14."
 Algebra and Trigonometry 2e Ch4 Key Concepts ,"The x-intercept is the point at which the graph of a linear function crosses the x-axis. See Example 15."
 Algebra and Trigonometry 2e Ch4 Key Concepts ,"Horizontal lines are written in the form, See Example 16.()=.f(x)=b.f(x)=b."
 Algebra and Trigonometry 2e Ch4 Key Concepts ,"Vertical lines are written in the form, See Example 17.=.x=b.x=b."
 Algebra and Trigonometry 2e Ch4 Key Concepts ,"Parallel lines have the same slope. Perpendicular lines have negative reciprocal slopes, assuming neither is vertical. See Example 18."
 Algebra and Trigonometry 2e Ch4 Key Concepts ,"A line parallel to another line, passing through a given point, may be found by substituting the slope value of the line and the x- and y-values of the given point into the equation, and using the bb that results. Similarly, the point-slope form of an equation can also be used. See Example 19."
 Algebra and Trigonometry 2e Ch4 Key Concepts ,"A line perpendicular to another line, passing through a given point, may be found in the same manner, except the slope of the perpendicular line is the negative reciprocal of the slope of the original line. See Example 20."
 Algebra and Trigonometry 2e Ch5 Key Terms ,"arrow notation - a way to represent symbolically the local and end behavior of a function by using arrows to indicate that an input or output approaches a value"
 Algebra and Trigonometry 2e Ch5 Key Terms ,"axis of symmetry - a vertical line drawn through the vertex of a parabola, that opens up or down, around which the parabola is symmetric; it is defined by x=−b2a.x=−b2a."
 Algebra and Trigonometry 2e Ch5 Key Terms ,"coefficient - a nonzero real number multiplied by a variable raised to an exponent"
 Algebra and Trigonometry 2e Ch5 Key Terms ,"constant of variation - the non-zero value k that helps define the relationship between variables in direct or inverse variation"
 Algebra and Trigonometry 2e Ch5 Key Terms ,"continuous function - a function whose graph can be drawn without lifting the pen from the paper because there are no breaks in the graph"
 Algebra and Trigonometry 2e Ch5 Key Terms ,"degree - the highest power of the variable that occurs in a polynomial"
 Algebra and Trigonometry 2e Ch5 Key Terms ,"Descartes’ Rule of Signs - a rule that determines the maximum possible numbers of positive and negative real zeros based on the number of sign changes of f(x) and f(−x)"
 Algebra and Trigonometry 2e Ch5 Key Terms ,"direct variation - the relationship between two variables that are a constant multiple of each other; as one quantity increases, so does the other"
 Algebra and Trigonometry 2e Ch5 Key Terms ,"Division Algorithm - given a polynomial dividend f(x) and a non-zero polynomial divisor d(x) where the degree of d(x) is less than or equal to the degree of f(x), there exist unique polynomials q(x) and r(x) such that f(x)=d(x)q(x)+r(x) where q(x) is the quotient and r(x) is the remainder. The remainder is either equal to zero or has degree strictly less than d(x)."
 Algebra and Trigonometry 2e Ch5 Key Terms ,"end behavior - the behavior of the graph of a function as the input decreases without bound and increases without bound"
 Algebra and Trigonometry 2e Ch5 Key Terms ,"Factor Theorem - k is a zero of polynomial function f(x) if and only if (x−k) is a factor of f(x)"
 Algebra and Trigonometry 2e Ch5 Key Terms ,"Fundamental Theorem of Algebra - a polynomial function with degree greater than 0 has at least one complex zero"
 Algebra and Trigonometry 2e Ch5 Key Terms ,"general form of a quadratic function - the function that describes a parabola, written in the form f(x)=ax2+bx+c, where a,b, and c are real numbers and a≠0."
 Algebra and Trigonometry 2e Ch5 Key Terms ,"global maximum - highest turning point on a graph; f(a) where f(a)≥f(x) for all x."
 Algebra and Trigonometry 2e Ch5 Key Terms ,"global minimum - lowest turning point on a graph; f(a) where f(a)≤f(x) for all x."
 Algebra and Trigonometry 2e Ch5 Key Terms ,"horizontal asymptote - a horizontal line y=b where the graph approaches the line as the inputs increase or decrease without bound."
 Algebra and Trigonometry 2e Ch5 Key Terms ,"Intermediate Value Theorem - for two numbers a and b in the domain of f, if a<b and f(a)≠f(b), then the function f takes on every value between f(a) and f(b)."
 Algebra and Trigonometry 2e Ch5 Key Terms ,"inverse variation - the relationship between two variables in which the product of the variables is a constant"
 Algebra and Trigonometry 2e Ch5 Key Terms ,"leading coefficient - the coefficient of the leading term"
 Algebra and Trigonometry 2e Ch5 Key Terms ,"leading term - the term containing the highest power of the variable"
 Algebra and Trigonometry 2e Ch5 Key Terms ,"local maximum - the greatest value of a function over an interval"
 Algebra and Trigonometry 2e Ch5 Key Terms ,"local minimum - the least value of a function over an interval"
 Algebra and Trigonometry 2e Ch5 Key Terms ,"parabola - the graph of a quadratic function"
 Algebra and Trigonometry 2e Ch5 Key Terms ,"polynomial function - a function that consists of either zero or the sum of a finite number of non-negative integer powers of the variable"
 Algebra and Trigonometry 2e Ch5 Key Terms ,"power function - a function that can be represented in the form f(x)=kx^p where k is a constant, the base is a variable, and the exponent, p, is a constant"
 Algebra and Trigonometry 2e Ch5 Key Terms ,"rational function - a function that can be written as the ratio of two polynomials"
 Algebra and Trigonometry 2e Ch5 Key Terms ,"remainder - the number left over after dividing one polynomial by another"
 Algebra and Trigonometry 2e Ch5 Key Terms ,"Remainder Theorem - if a polynomial f(x) is divided by x−k, then the remainder is the value f(k)."
 Algebra and Trigonometry 2e Ch5 Key Terms ,"root - the value of a variable that makes a polynomial equal to zero"
 Algebra and Trigonometry 2e Ch5 Key Terms ,"standard form of a quadratic function - the function that describes a parabola, written in the form f(x)=a(x−h)^2+k, where (h,k) is the vertex"
 Algebra and Trigonometry 2e Ch5 Key Terms ,"synthetic division - a shortcut method that can be used to divide a polynomial by a binomial of the form x−k"
 Algebra and Trigonometry 2e Ch5 Key Terms ,"turning point - a point at which the graph of a function changes from increasing to decreasing or vice versa"
 Algebra and Trigonometry 2e Ch5 Key Terms ,"vertex of a parabola - the point at which the parabola changes direction, corresponding to the minimum or maximum value of the quadratic function"
 Algebra and Trigonometry 2e Ch5 Key Terms ,"vertical asymptote - a vertical line x=a where the graph approaches the line as the inputs approach a"
 Algebra and Trigonometry 2e Ch5 Key Terms ,"vertical compression - a transformation that compresses a function’s graph vertically, by multiplying the output by a constant 0<a<1"
 Algebra and Trigonometry 2e Ch5 Key Terms ,"vertical line test - a method of testing whether a graph represents a function by determining whether any vertical line intersects the graph more than once"
 Algebra and Trigonometry 2e Ch5 Key Terms ,"vertical reflection - a transformation that reflects a function’s graph across the x-axis by multiplying the output by−1"
 Algebra and Trigonometry 2e Ch5 Key Terms ,"vertical shift - a transformation that shifts a function’s graph up or down by adding a positive or negative constant to the output"
 Algebra and Trigonometry 2e Ch5 Key Terms ,"vertical stretch - a transformation that stretches a function’s graph vertically by multiplying the output by a constant a>1"
 Algebra and Trigonometry 2e Ch5 Key Terms ,"zero of a function - a value of the input for which the output is zero"
 Algebra and Trigonometry 2e Ch5 Key Concepts ,"A polynomial function of degree two is called a quadratic function."
 Algebra and Trigonometry 2e Ch5 Key Concepts ,"The graph of a quadratic function is a parabola. A parabola is a U-shaped curve that can open either up or down."
 Algebra and Trigonometry 2e Ch5 Key Concepts ,"The axis of symmetry is the vertical line passing through the vertex. The zeros, or x-intercepts, are the points at which the parabola crosses the x-axis. The y-intercept is the point at which the parabola crosses the y-axis. See Example 1, Example 7, and Example 8."
 Algebra and Trigonometry 2e Ch5 Key Concepts ,"Quadratic functions are often written in general form. Standard or vertex form is useful to easily identify the vertex of a parabola. Either form can be written from a graph. See Example 2."
 Algebra and Trigonometry 2e Ch5 Key Concepts ,"The vertex can be found from an equation representing a quadratic function. See Example 3."
 Algebra and Trigonometry 2e Ch5 Key Concepts ,"The domain of a quadratic function is all real numbers. The range varies with the function. See Example 4."
 Algebra and Trigonometry 2e Ch5 Key Concepts ,"A quadratic function’s minimum or maximum value is given by the y-value of the vertex."
 Algebra and Trigonometry 2e Ch5 Key Concepts ,"The minimum or maximum value of a quadratic function can be used to determine the range of the function and to solve many kinds of real-world problems, including problems involving area and revenue. See Example 5 and Example 6."
 Algebra and Trigonometry 2e Ch5 Key Concepts ,"The vertex and the intercepts can be identified and interpreted to solve real-world problems. See Example 9."
 Algebra and Trigonometry 2e Ch5 Key Concepts ,"A power function is a variable base raised to a number power. See Example 1."
 Algebra and Trigonometry 2e Ch5 Key Concepts ,"The behavior of a graph as the input decreases beyond bound and increases beyond bound is called the end behavior."
 Algebra and Trigonometry 2e Ch5 Key Concepts ,"The end behavior depends on whether the power is even or odd. See Example 2 and Example 3."
 Algebra and Trigonometry 2e Ch5 Key Concepts ,"A polynomial function is the sum of terms, each of which consists of a transformed power function with positive whole number power. See Example 4."
 Algebra and Trigonometry 2e Ch5 Key Concepts ,"The degree of a polynomial function is the highest power of the variable that occurs in a polynomial. The term containing the highest power of the variable is called the leading term. The coefficient of the leading term is called the leading coefficient. See Example 5."
 Algebra and Trigonometry 2e Ch5 Key Concepts ,"The end behavior of a polynomial function is the same as the end behavior of the power function represented by the leading term of the function. See Example 6 and Example 7."
 Algebra and Trigonometry 2e Ch5 Key Concepts ,"A polynomial of degree n will have at most n x-intercepts and at most n-1 turning points. See Example 8 and Example 9."
 Algebra and Trigonometry 2e Ch5 Key Concepts ,"Dividing one polynomial by another can be accomplished by using long division or synthetic division. See Example 10 and Example 11."
 Algebra and Trigonometry 2e Ch5 Key Concepts ,"The Remainder Theorem states that if a polynomial f(x) is divided by x−k, then the remainder is the value f(k). See Example 12."
 Algebra and Trigonometry 2e Ch5 Key Concepts ,"The Factor Theorem states that k is a zero of f(x) if and only if (x−k) is a factor of f(x). See Example 13."
 Algebra and Trigonometry 2e Ch5 Key Concepts ,"The Fundamental Theorem of Algebra states that a polynomial function with degree greater than 0 has at least one complex zero. See Example 14."
 Algebra and Trigonometry 2e Ch5 Key Concepts ,"The Linear Factorization Theorem states that a polynomial function of degree n has exactly n complex zeros, counting multiplicities. See Example 15."
 Algebra and Trigonometry 2e Ch5 Key Concepts ,"Descartes’ Rule of Signs can be used to determine the possible numbers of positive and negative real zeros of a polynomial function. See Example 16."
 Algebra and Trigonometry 2e Ch5 Key Concepts ,"The Rational Zero Theorem can be used to list all possible rational zeros of a polynomial function. See Example 17."
 Algebra and Trigonometry 2e Ch5 Key Concepts ,"Polynomial inequalities can be solved by using a sign chart. See Example 18."
 Algebra and Trigonometry 2e Ch5 Key Concepts ,"A rational function is a function of the form f(x)=p(x)/q(x), where p(x) and q(x) are polynomials and q(x)≠0. See Example 19."
 Algebra and Trigonometry 2e Ch5 Key Concepts ,"The domain of a rational function consists of all real numbers except those that make the denominator zero. See Example 20."
 Algebra and Trigonometry 2e Ch5 Key Concepts ,"Vertical asymptotes occur at the zeros of the denominator that are not zeros of the numerator. See Example 21."
 Algebra and Trigonometry 2e Ch5 Key Concepts ,"The end behavior of a rational function is determined by the degrees of the numerator and denominator. See Example 22 and Example 23."
 Algebra and Trigonometry 2e Ch5 Key Concepts ,"The graph of a rational function may cross its horizontal asymptote. See Example 24."
 Algebra and Trigonometry 2e Ch6 Key Terms ,"annual percentage rate (APR) - the yearly interest rate earned by an investment account, also called nominal rate"
 Algebra and Trigonometry 2e Ch6 Key Terms ,"carrying capacity - in a logistic model, the limiting value of the output"
 Algebra and Trigonometry 2e Ch6 Key Terms ,"change-of-base formula - a formula for converting a logarithm with any base to a quotient of logarithms with any other base."
 Algebra and Trigonometry 2e Ch6 Key Terms ,"common logarithm - the exponent to which 10 must be raised to get x; is written simply as log10(x) or log(x)."
 Algebra and Trigonometry 2e Ch6 Key Terms ,"compound interest - interest earned on the total balance, not just the principal"
 Algebra and Trigonometry 2e Ch6 Key Terms ,"doubling time - the time it takes for a quantity to double"
 Algebra and Trigonometry 2e Ch6 Key Terms ,"exponential growth - a model that grows by a rate proportional to the amount present"
 Algebra and Trigonometry 2e Ch6 Key Terms ,"extraneous solution - a solution introduced while solving an equation that does not satisfy the conditions of the original equation"
 Algebra and Trigonometry 2e Ch6 Key Terms ,"half-life - the length of time it takes for a substance to exponentially decay to half of its original quantity"
 Algebra and Trigonometry 2e Ch6 Key Terms ,"logarithm - the exponent to which b must be raised to get x; written as y=logb(x)"
 Algebra and Trigonometry 2e Ch6 Key Terms ,"logistic growth model - a function of the form f(x)=c/(1+ae^{-bx}) where c/(1+a) is the initial value, c is the carrying capacity, or limiting value, and b is a constant determined by the rate of growth"
 Algebra and Trigonometry 2e Ch6 Key Terms ,"natural logarithm - the exponent to which the number e must be raised to get x; is written as loge(x) or ln(x)."
 Algebra and Trigonometry 2e Ch6 Key Terms ,"Newton’s Law of Cooling - the scientific formula for temperature as a function of time as an object’s temperature is equalized with the ambient temperature"
 Algebra and Trigonometry 2e Ch6 Key Terms ,"nominal rate - the yearly interest rate earned by an investment account, also called annual percentage rate"
 Algebra and Trigonometry 2e Ch6 Key Terms ,"order of magnitude - the power of ten, when a number is expressed in scientific notation, with one non-zero digit to the left of the decimal"
 Algebra and Trigonometry 2e Ch6 Key Terms ,"power rule for logarithms - a rule of logarithms that states that the log of a power is equal to the product of the exponent and the log of its base"
 Algebra and Trigonometry 2e Ch6 Key Terms ,"product rule for logarithms - a rule of logarithms that states that the log of a product is equal to a sum of logarithms"
 Algebra and Trigonometry 2e Ch6 Key Terms ,"quotient rule for logarithms - a rule of logarithms that states that the log of a quotient is equal to a difference of logarithms"
 Algebra and Trigonometry 2e Ch6 Key Concepts ,"An exponential function is defined as a function with a positive constant other than 1 raised to a variable exponent. See Example 1."
 Algebra and Trigonometry 2e Ch6 Key Concepts ,"A function is evaluated by solving at a specific value. See Example 2 and Example 3."
 Algebra and Trigonometry 2e Ch6 Key Concepts ,"An exponential model can be found when the growth rate and initial value are known. See Example 4."
 Algebra and Trigonometry 2e Ch6 Key Concepts ,"An exponential model can be found when the two data points from the model are known. See Example 5."
 Algebra and Trigonometry 2e Ch6 Key Concepts ,"An exponential model can be found using two data points from the graph of the model. See Example 6."
 Algebra and Trigonometry 2e Ch6 Key Concepts ,"An exponential model can be found using two data points from the graph and a calculator. See Example 7."
 Algebra and Trigonometry 2e Ch6 Key Concepts ,"The value of an account at any time t can be calculated using the compound interest formula when the principal, annual interest rate, and compounding periods are known. See Example 8."
 Algebra and Trigonometry 2e Ch6 Key Concepts ,"The initial investment of an account can be found using the compound interest formula when the value of the account, annual interest rate, compounding periods, and life span of the account are known. See Example 9."
 Algebra and Trigonometry 2e Ch6 Key Concepts ,"The number e is a mathematical constant often used as the base of real world exponential growth and decay models. Its decimal approximation is e≈2.718282."
 Algebra and Trigonometry 2e Ch6 Key Concepts ,"Scientific and graphing calculators have the key [e^x] or [exp(x)] for calculating powers of e. See Example 10."
 Algebra and Trigonometry 2e Ch6 Key Concepts ,"Continuous growth or decay models are exponential models that use e as the base. Continuous growth and decay models can be found when the initial value and growth or decay rate are known. See Example 11 and Example 12."
 Algebra and Trigonometry 2e Ch6 Key Concepts ,"The graph of the function f(x)=b^x has a y-intercept at (0,1), domain (−∞,∞), range (0,∞), and horizontal asymptote y=0. See Example 1."
 Algebra and Trigonometry 2e Ch6 Key Concepts ,"If b>1, the function is increasing. The left tail of the graph will approach the asymptote y=0, and the right tail will increase without bound."
 Algebra and Trigonometry 2e Ch6 Key Concepts ,"If 0<b<1, the function is decreasing. The left tail of the graph will increase without bound, and the right tail will approach the asymptote y=0."
 Algebra and Trigonometry 2e Ch6 Key Concepts ,"The equation f(x)=b^x + d can be used to shift the graph vertically. See Example 2."
 Algebra and Trigonometry 2e Ch6 Key Concepts ,"The equation f(x)=b^{x+c} can be used to shift the graph horizontally. See Example 3."
 Algebra and Trigonometry 2e Ch6 Key Concepts ,"The equation f(x)=ab^x can be used to stretch or compress the graph vertically. See Example 4."
 Algebra and Trigonometry 2e Ch6 Key Concepts ,"The equation y=logb(x) is the logarithmic function with base b. It is the inverse of the exponential function y=b^x. See Example 5."
 Algebra and Trigonometry 2e Ch6 Key Concepts ,"The common logarithm has base 10 and is written as y=log(x). The natural logarithm has base e and is written as y=ln(x). See Example 6."
 Algebra and Trigonometry 2e Ch6 Key Concepts ,"The product rule for logarithms states that logb(MN)=logb(M)+logb(N). See Example 7."
 Algebra and Trigonometry 2e Ch6 Key Concepts ,"The quotient rule for logarithms states that logb(M/N)=logb(M)−logb(N). See Example 8."
 Algebra and Trigonometry 2e Ch6 Key Concepts ,"The power rule for logarithms states that logb(M^p)=p logb(M). See Example 9."
 Algebra and Trigonometry 2e Ch6 Key Concepts ,"The change-of-base formula can be used to evaluate a logarithm with any base. See Example 10."
 Algebra and Trigonometry 2e Ch6 Key Concepts ,"Logarithmic equations can be solved by rewriting them in exponential form. See Example 11 and Example 12."
 Algebra and Trigonometry 2e Ch6 Key Concepts ,"Exponential equations can be solved by taking the logarithm of both sides. See Example 13 and Example 14."
 Algebra and Trigonometry 2e Ch6 Key Concepts ,"The logistic growth model can be used to model population growth that approaches a carrying capacity. See Example 15."
 Algebra and Trigonometry 2e Ch7 Key Terms ,"adjacent side - in a right triangle, the side between a given angle and the right angle"
 Algebra and Trigonometry 2e Ch7 Key Terms ,"angle - the union of two rays having a common endpoint"
 Algebra and Trigonometry 2e Ch7 Key Terms ,"angle of depression - the angle between the horizontal and the line from the object to the observer’s eye, assuming the object is positioned lower than the observer"
 Algebra and Trigonometry 2e Ch7 Key Terms ,"angle of elevation - the angle between the horizontal and the line from the object to the observer’s eye, assuming the object is positioned higher than the observer"
 Algebra and Trigonometry 2e Ch7 Key Terms ,"angular speed - the angle through which a rotating object travels in a unit of time"
 Algebra and Trigonometry 2e Ch7 Key Terms ,"arc length - the length of the curve formed by an arc"
 Algebra and Trigonometry 2e Ch7 Key Terms ,"area of a sector - area of a portion of a circle bordered by two radii and the intercepted arc; the fraction θ/2π multiplied by the area of the entire circle"
 Algebra and Trigonometry 2e Ch7 Key Terms ,"cosecant - the reciprocal of the sine function: on the unit circle, csc t = 1/y, y≠0"
 Algebra and Trigonometry 2e Ch7 Key Terms ,"cosine function - the x-value of the point on a unit circle corresponding to a given angle"
 Algebra and Trigonometry 2e Ch7 Key Terms ,"cotangent - the reciprocal of the tangent function: on the unit circle, cot t = x/y, y≠0"
 Algebra and Trigonometry 2e Ch7 Key Terms ,"coterminal angles - description of positive and negative angles in standard position sharing the same terminal side"
 Algebra and Trigonometry 2e Ch7 Key Terms ,"degree - a unit of measure describing the size of an angle as one-360th of a full revolution of a circle"
 Algebra and Trigonometry 2e Ch7 Key Terms ,"hypotenuse - the side of a right triangle opposite the right angle"
 Algebra and Trigonometry 2e Ch7 Key Terms ,"identities - statements that are true for all values of the input on which they are defined"
 Algebra and Trigonometry 2e Ch7 Key Terms ,"initial side - the side of an angle from which rotation begins"
 Algebra and Trigonometry 2e Ch7 Key Terms ,"linear speed - the distance along a straight path a rotating object travels in a unit of time; determined by the arc length"
 Algebra and Trigonometry 2e Ch7 Key Terms ,"measure of an angle - the amount of rotation from the initial side to the terminal side"
 Algebra and Trigonometry 2e Ch7 Key Terms ,"negative angle - description of an angle measured clockwise from the positive x-axis"
 Algebra and Trigonometry 2e Ch7 Key Terms ,"opposite side - in a right triangle, the side most distant from a given angle"
 Algebra and Trigonometry 2e Ch7 Key Terms ,"period - the smallest interval P of a repeating function f such that f(x+P)=f(x)"
 Algebra and Trigonometry 2e Ch7 Key Terms ,"positive angle - description of an angle measured counterclockwise from the positive x-axis"
 Algebra and Trigonometry 2e Ch7 Key Terms ,"Pythagorean Identity - a corollary of the Pythagorean Theorem stating that the square of the cosine of a given angle plus the square of the sine of that angle equals 1"
 Algebra and Trigonometry 2e Ch7 Key Terms ,"quadrantal angle - an angle whose terminal side lies on an axis"
 Algebra and Trigonometry 2e Ch7 Key Terms ,"radian - the measure of a central angle of a circle that intercepts an arc equal in length to the radius of that circle"
 Algebra and Trigonometry 2e Ch7 Key Terms ,"radian measure - the ratio of the arc length formed by an angle divided by the radius of the circle"
 Algebra and Trigonometry 2e Ch7 Key Terms ,"ray - one point on a line and all points extending in one direction from that point; one side of an angle"
 Algebra and Trigonometry 2e Ch7 Key Terms ,"reference angle - the measure of the acute angle formed by the terminal side of the angle and the horizontal axis"
 Algebra and Trigonometry 2e Ch7 Key Terms ,"secant - the reciprocal of the cosine function: on the unit circle, sec t = 1/x, x≠0"
 Algebra and Trigonometry 2e Ch7 Key Terms ,"sine function - the y-value of the point on a unit circle corresponding to a given angle"
 Algebra and Trigonometry 2e Ch7 Key Terms ,"standard position - the position of an angle having the vertex at the origin and the initial side along the positive x-axis"
 Algebra and Trigonometry 2e Ch7 Key Terms ,"tangent - the quotient of the sine and cosine: on the unit circle, tan t = y/x, x≠0"
 Algebra and Trigonometry 2e Ch7 Key Terms ,"terminal side - the side of an angle at which rotation ends"
 Algebra and Trigonometry 2e Ch7 Key Terms ,"unit circle - a circle with a center at (0,0) and radius 1"
 Algebra and Trigonometry 2e Ch7 Key Terms ,"vertex - the common endpoint of two rays that form an angle"
 Algebra and Trigonometry 2e Ch7 Key Concepts ,"An angle is formed from the union of two rays, by keeping the initial side fixed and rotating the terminal side. The amount of rotation determines the measure of the angle."
 Algebra and Trigonometry 2e Ch7 Key Concepts ,"An angle is in standard position if its vertex is at the origin and its initial side lies along the positive x-axis. A positive angle is measured counterclockwise from the initial side and a negative angle is measured clockwise."
 Algebra and Trigonometry 2e Ch7 Key Concepts ,"To draw an angle in standard position, draw the initial side along the positive x-axis and then place the terminal side according to the fraction of a full rotation the angle represents. See Example 1."
 Algebra and Trigonometry 2e Ch7 Key Concepts ,"In addition to degrees, the measure of an angle can be described in radians. See Example 2."
 Algebra and Trigonometry 2e Ch7 Key Concepts ,"To convert between degrees and radians, use the proportion θ/180 = θ_R/π. See Example 3 and Example 4."
 Algebra and Trigonometry 2e Ch7 Key Concepts ,"Two angles that have the same terminal side are called coterminal angles."
 Algebra and Trigonometry 2e Ch7 Key Concepts ,"We can find coterminal angles by adding or subtracting 360° or 2π. See Example 5 and Example 6."
 Algebra and Trigonometry 2e Ch7 Key Concepts ,"Coterminal angles can be found using radians just as they are for degrees. See Example 7."
 Algebra and Trigonometry 2e Ch7 Key Concepts ,"The length of a circular arc is a fraction of the circumference of the entire circle. See Example 8."
 Algebra and Trigonometry 2e Ch7 Key Concepts ,"The area of sector is a fraction of the area of the entire circle. See Example 9."
 Algebra and Trigonometry 2e Ch7 Key Concepts ,"An object moving in a circular path has both linear and angular speed."
 Algebra and Trigonometry 2e Ch7 Key Concepts ,"The angular speed of an object traveling in a circular path is the measure of the angle through which it turns in a unit of time. See Example 10."
 Algebra and Trigonometry 2e Ch7 Key Concepts ,"The linear speed of an object traveling along a circular path is the distance it travels in a unit of time. See Example 11."
 Algebra and Trigonometry 2e Ch7 Key Concepts ,"We can define trigonometric functions as ratios of the side lengths of a right triangle. See Example 1."
 Algebra and Trigonometry 2e Ch7 Key Concepts ,"The same side lengths can be used to evaluate the trigonometric functions of either acute angle in a right triangle. See Example 2."
 Algebra and Trigonometry 2e Ch7 Key Concepts ,"We can evaluate the trigonometric functions of special angles, knowing the side lengths of the triangles in which they occur. See Example 3."
 Algebra and Trigonometry 2e Ch7 Key Concepts ,"Any two complementary angles could be the two acute angles of a right triangle."
 Algebra and Trigonometry 2e Ch7 Key Concepts ,"If two angles are complementary, the cofunction identities state that the sine of one equals the cosine of the other and vice versa. See Example 4."
 Algebra and Trigonometry 2e Ch7 Key Concepts ,"We can use trigonometric functions of an angle to find unknown side lengths."
 Algebra and Trigonometry 2e Ch7 Key Concepts ,"Select the trigonometric function representing the ratio of the unknown side to the known side. See Example 5."
 Algebra and Trigonometry 2e Ch8 Key Terms ,"amplitude - the vertical height of a function; the constant A appearing in the definition of a sinusoidal function"
 Algebra and Trigonometry 2e Ch8 Key Terms ,"arccosine - another name for the inverse cosine; arccos x = cos^{-1}x"
 Algebra and Trigonometry 2e Ch8 Key Terms ,"arcsine - another name for the inverse sine; arcsin x = sin^{-1}x"
 Algebra and Trigonometry 2e Ch8 Key Terms ,"arctangent - another name for the inverse tangent; arctan x = tan^{-1}x"
 Algebra and Trigonometry 2e Ch8 Key Terms ,"inverse cosine function - the function which is the inverse of the cosine function and the angle that has a cosine equal to a given number, cos^{-1}x"
 Algebra and Trigonometry 2e Ch8 Key Terms ,"inverse sine function - the function which is the inverse of the sine function and the angle that has a sine equal to a given number, sin^{-1}x"
 Algebra and Trigonometry 2e Ch8 Key Terms ,"inverse tangent function - the function which is the inverse of the tangent function and the angle that has a tangent equal to a given number, tan^{-1}x"
 Algebra and Trigonometry 2e Ch8 Key Terms ,"midline - the horizontal line y = D, where D appears in the general form of a sinusoidal function"
 Algebra and Trigonometry 2e Ch8 Key Terms ,"periodic function - a function f(x) that satisfies f(x+P)=f(x) for a specific constant P and any value of x"
 Algebra and Trigonometry 2e Ch8 Key Terms ,"phase shift - the horizontal displacement of the basic sine or cosine function; the constant C/B"
 Algebra and Trigonometry 2e Ch8 Key Terms ,"sinusoidal function - any function that can be expressed in the form f(x)=A sin(Bx−C)+D or f(x)=A cos(Bx−C)+D"
 Algebra and Trigonometry 2e Ch8 Key Concepts ,"Periodic functions repeat after a given value. The smallest such value is the period. The basic sine and cosine functions have a period of 2π."
 Algebra and Trigonometry 2e Ch8 Key Concepts ,"The function sin x is odd, so its graph is symmetric about the origin. The function cos x is even, so its graph is symmetric about the y-axis."
 Algebra and Trigonometry 2e Ch8 Key Concepts ,"The graph of a sinusoidal function has the same general shape as a sine or cosine function."
 Algebra and Trigonometry 2e Ch8 Key Concepts ,"In the general formula for a sinusoidal function, the period is P = 2π/"
 Algebra and Trigonometry 2e Ch8 Key Concepts ,"In the general formula for a sinusoidal function,"
 Algebra and Trigonometry 2e Ch8 Key Concepts ,"The value C/B in the general formula for a sinusoidal function indicates the phase shift. See Example 3."
 Algebra and Trigonometry 2e Ch8 Key Concepts ,"The value D in the general formula for a sinusoidal function indicates the vertical shift from the midline. See Example 4."
 Algebra and Trigonometry 2e Ch8 Key Concepts ,"Combinations of variations of sinusoidal functions can be detected from an equation. See Example 5."
 Algebra and Trigonometry 2e Ch8 Key Concepts ,"The equation for a sinusoidal function can be determined from a graph. See Example 6 and Example 7."
 Algebra and Trigonometry 2e Ch8 Key Concepts ,"A function can be graphed by identifying its amplitude and period. See Example 8 and Example 9."
 Algebra and Trigonometry 2e Ch8 Key Concepts ,"A function can also be graphed by identifying its amplitude, period, phase shift, and horizontal shift. See Example 10."
 Algebra and Trigonometry 2e Ch8 Key Concepts ,"Sinusoidal functions can be used to solve real-world problems. See Example 11, Example 12, and Example 13."
 Algebra and Trigonometry 2e Ch8 Key Concepts ,"The tangent function has period π."
 Algebra and Trigonometry 2e Ch8 Key Concepts ,"f(x)=A tan(Bx−C)+D is a tangent with vertical and/or horizontal stretch/compression and shift. See Example 1, Example 2, and Example 3."
 Algebra and Trigonometry 2e Ch8 Key Concepts ,"The reciprocal trigonometric functions are cosecant, secant, and cotangent. See Example 4."
 Algebra and Trigonometry 2e Ch8 Key Concepts ,"The inverse sine, cosine, and tangent functions are denoted as sin^{-1}x, cos^{-1}x, and tan^{-1}x, respectively. See Example 5."
 Algebra and Trigonometry 2e Ch9 Key Terms ,"double-angle formulas - identities derived from the sum formulas for sine, cosine, and tangent in which the angles are equal"
 Algebra and Trigonometry 2e Ch9 Key Terms ,"even-odd identities - set of equations involving trigonometric functions such that if f(−x)=−f(x), the identity is odd, and if f(−x)=f(x), the identity is even"
 Algebra and Trigonometry 2e Ch9 Key Terms ,"half-angle formulas - identities derived from the reduction formulas and used to determine half-angle values of trigonometric functions"
 Algebra and Trigonometry 2e Ch9 Key Terms ,"product-to-sum formula - a trigonometric identity that allows the writing of a product of trigonometric functions as a sum or difference of trigonometric functions"
 Algebra and Trigonometry 2e Ch9 Key Terms ,"Pythagorean identities - set of equations involving trigonometric functions based on the right triangle properties"
 Algebra and Trigonometry 2e Ch9 Key Terms ,"quotient identities - pair of identities based on the fact that tangent is the ratio of sine and cosine, and cotangent is the ratio of cosine and sine"
 Algebra and Trigonometry 2e Ch9 Key Terms ,"reciprocal identities - set of equations involving the reciprocals of basic trigonometric definitions"
 Algebra and Trigonometry 2e Ch9 Key Terms ,"reduction formulas - identities derived from the double-angle formulas and used to reduce the power of a trigonometric function"
 Algebra and Trigonometry 2e Ch9 Key Terms ,"sum-to-product formula - a trigonometric identity that allows, by using substitution, the writing of a sum of trigonometric functions as a product of trigonometric functions"
 Algebra and Trigonometry 2e Ch9 Key Concepts ,"There are multiple ways to represent a trigonometric expression. Verifying the identities illustrates how expressions can be rewritten to simplify a problem."
 Algebra and Trigonometry 2e Ch9 Key Concepts ,"Graphing both sides of an identity will verify it. See Example 1."
 Algebra and Trigonometry 2e Ch9 Key Concepts ,"Simplifying one side of the equation to equal the other side is another method for verifying an identity. See Example 2 and Example 3."
 Algebra and Trigonometry 2e Ch9 Key Concepts ,"The approach to verifying an identity depends on the nature of the identity. It is often useful to begin on the more complex side of the equation. See Example 4."
 Algebra and Trigonometry 2e Ch9 Key Concepts ,"We can create an identity and then verify it. See Example 5."
 Algebra and Trigonometry 2e Ch9 Key Concepts ,"Verifying an identity may involve algebra with the fundamental identities. See Example 6 and Example 7."
 Algebra and Trigonometry 2e Ch9 Key Concepts ,"Algebraic techniques can be used to simplify trigonometric expressions. We use algebraic techniques throughout this text, as they consist of the fundamental rules of mathematics. See Example 8, Example 9, and Example 10."
 Algebra and Trigonometry 2e Ch9 Key Concepts ,"The sum formula for cosines states that the cosine of the sum of two angles equals the product of the cosines of the angles minus the product of the sines of the angles. The difference formula for cosines states that the cosine of the difference of two angles equals the product of the cosines of the angles plus the product of the sines of the angles."
 Algebra and Trigonometry 2e Ch9 Key Concepts ,"The sum and difference formulas can be used to find the exact values of the sine, cosine, or tangent of an angle. See Example 1 and Example 2."
 Algebra and Trigonometry 2e Ch9 Key Concepts ,"The sum formula for sines states that the sine of the sum of two angles equals the product of the sine of the first angle and cosine of the second angle plus the product of the cosine of the first angle and the sine of the second angle. The difference formula for sines states that the sine of the difference of two angles equals the product of the sine of the first angle and cosine of the second angle minus the product of the cosine of the first angle and the sine of the second angle."
 Algebra and Trigonometry 2e Ch9 Key Concepts ,"The sum and difference formulas for tangent can be derived from the sum and difference formulas for sine and cosine. See Example 3."
 Algebra and Trigonometry 2e Ch9 Key Concepts ,"The double-angle formulas are a special case of the sum formulas where α=β. They can be used to find the exact values of double angles. See Example 4."
 Algebra and Trigonometry 2e Ch9 Key Concepts ,"The half-angle formulas can be derived from the reduction formulas and can be used to find the exact values of half angles. See Example 5."
 Algebra and Trigonometry 2e Ch9 Key Concepts ,"The product-to-sum formulas can be used to rewrite products of trigonometric functions as sums. See Example 6."
 Algebra and Trigonometry 2e Ch9 Key Concepts ,"The sum-to-product formulas can be used to rewrite sums of trigonometric functions as products. See Example 7."
 Algebra and Trigonometry 2e Ch10 Key Terms ,"altitude - a perpendicular line from one vertex of a triangle to the opposite side, or in the case of an obtuse triangle, to the line containing the opposite side, forming two right triangles"
 Algebra and Trigonometry 2e Ch10 Key Terms ,"ambiguous case - a scenario in which more than one triangle is a valid solution for a given oblique SSA triangle"
 Algebra and Trigonometry 2e Ch10 Key Terms ,"Archimedes’ spiral - a polar curve given by r=θ. When multiplied by a constant, the equation appears as r=aθ. As θ increases, the curve continues to widen in a spiral path over the domain."
 Algebra and Trigonometry 2e Ch10 Key Terms ,"argument - the angle associated with a complex number; the angle between the line from the origin to the point and the positive real axis"
 Algebra and Trigonometry 2e Ch10 Key Terms ,"cardioid - a member of the limaçon family of curves, named for its resemblance to a heart; its equation is given as r=a±b cosθ and r=a±b sinθ where a/b=1"
 Algebra and Trigonometry 2e Ch10 Key Terms ,"convex limaҫon - a type of one-loop limaçon represented by r=a±b cosθ and r=a±b sinθ such that a/b≥2"
 Algebra and Trigonometry 2e Ch10 Key Terms ,"De Moivre’s Theorem - formula used to find the nth power or nth roots of a complex number; states that, for a positive integer n, z^n is found by raising the modulus to the nth power and multiplying the angles by n"
 Algebra and Trigonometry 2e Ch10 Key Terms ,"dimpled limaҫon - a type of one-loop limaçon represented by r=a±b cosθ and r=a±b sinθ such that 1<a/b<2"
 Algebra and Trigonometry 2e Ch10 Key Terms ,"inner-loop limaçon - a type of limaçon represented by r=a±b cosθ and r=a±b sinθ such that a/b<1"
 Algebra and Trigonometry 2e Ch10 Key Terms ,"limaçon - the graph of the equation r=a+b sinθ or r=a+b cosθ. If a=b, the graph is a cardioid; if a<b, there is an inner loop; if a>b, the graph is dimpled or convex; does not pass through the pole"
 Algebra and Trigonometry 2e Ch10 Key Terms ,"parameter - a variable, often representing time, upon which x and y are both dependent"
 Algebra and Trigonometry 2e Ch10 Key Terms ,"polar axis - on the polar grid, the equivalent of the positive x-axis on the rectangular grid"
 Algebra and Trigonometry 2e Ch10 Key Terms ,"polar coordinates - on the polar grid, the coordinates of a point labeled (r,θ), where θ indicates the angle of rotation from the polar axis and r represents the radius, or the distance of the point from the pole in the direction of θ"
 Algebra and Trigonometry 2e Ch10 Key Terms ,"polar equation - an equation describing a curve on the polar grid."
 Algebra and Trigonometry 2e Ch10 Key Terms ,"polar form of a complex number - a complex number expressed in terms of an angle θ and its distance from the origin r; can be found by using conversion formulas x=r cosθ, y=r sinθ, and r=√(x^2+y^2)"
 Algebra and Trigonometry 2e Ch10 Key Terms ,"pole - the origin of the polar grid"
 Algebra and Trigonometry 2e Ch10 Key Terms ,"resultant - a vector that results from addition or subtraction of two vectors, or from scalar multiplication"
 Algebra and Trigonometry 2e Ch10 Key Terms ,"rose curve - a polar equation resembling a flower, given by the equations r=a cos(nθ) and r=a sin(nθ); when n is even there are 2n petals, and when n is odd there are n petals."
 Algebra and Trigonometry 2e Ch10 Key Terms ,"scalar - a quantity associated with magnitude but not direction; a constant"
 Algebra and Trigonometry 2e Ch10 Key Terms ,"scalar multiplication - the product of a constant and each component of a vector"
 Algebra and Trigonometry 2e Ch10 Key Terms ,"standard position - the placement of a vector with the initial point at (0,0) and the terminal point (a,b), represented by the change in the x-coordinates and the change in the y-coordinates of the original vector"
 Algebra and Trigonometry 2e Ch10 Key Terms ,"terminal point - the end point of a vector, usually represented by an arrow indicating its direction"
 Algebra and Trigonometry 2e Ch10 Key Terms ,"unit vector - a vector that begins at the origin and has magnitude of 1; the horizontal unit vector runs along the x-axis and is defined as i_ and the vertical unit vector runs along the y-axis and is defined as j_"
 Algebra and Trigonometry 2e Ch10 Key Terms ,"vector - a quantity that has both magnitude and direction; typically represented by a directed line segment"
 Algebra and Trigonometry 2e Ch10 Key Concepts ,"The Law of Sines can be used to solve oblique triangles, which are non-right triangles."
 Algebra and Trigonometry 2e Ch10 Key Concepts ,"According to the Law of Sines, the ratio of the measurement of one of the angles to the length of its opposite side equals the other two ratios of angle measure to opposite side."
 Algebra and Trigonometry 2e Ch10 Key Concepts ,"There are three possible cases: ASA, AAS, SSA. Depending on the information given, we can choose the appropriate equation to find the requested solution. See Example 1."
 Algebra and Trigonometry 2e Ch10 Key Concepts ,"The ambiguous case arises when an oblique triangle can have different outcomes."
 Algebra and Trigonometry 2e Ch10 Key Concepts ,"There are three possible cases that arise from SSA arrangement—a single solution, two possible solutions, and no solution. See Example 2 and Example 3."
 Algebra and Trigonometry 2e Ch10 Key Concepts ,"The Law of Sines can be used to solve triangles with given criteria. See Example 4."
 Algebra and Trigonometry 2e Ch10 Key Concepts ,"The general area formula for triangles translates to oblique triangles by first finding the appropriate height value. See Example 5."
 Algebra and Trigonometry 2e Ch10 Key Concepts ,"There are many trigonometric applications. They can often be solved by first drawing a diagram of the given information and then using the appropriate equation. See Example 6."
 Algebra and Trigonometry 2e Ch10 Key Concepts ,"The Law of Cosines defines the relationship among angle measurements and lengths of sides in oblique triangles."
 Algebra and Trigonometry 2e Ch10 Key Concepts ,"The Generalized Pythagorean Theorem is the Law of Cosines for two cases of oblique triangles: SAS and SSS. Dropping an imaginary perpendicular splits the oblique triangle into two right triangles or forms one right triangle, which allows sides to be related and measurements to be calculated. See Example 1 and Example 2."
 Algebra and Trigonometry 2e Ch10 Key Concepts ,"The Law of Cosines is useful for many types of applied problems. The first step in solving such problems is generally to draw a sketch of the problem presented. If the information given fits one of the three models (the three equations), then apply the Law of Cosines to find a solution. See Example 3 and Example 4."
 Algebra and Trigonometry 2e Ch10 Key Concepts ,"Heron’s formula allows the calculation of area in oblique triangles. All three sides must be known to apply Heron’s formula. See Example 5 and See Example 6."
 Algebra and Trigonometry 2e Ch10 Key Concepts ,"The polar grid is represented as a series of concentric circles radiating out from the pole, or origin."
 Algebra and Trigonometry 2e Ch10 Key Concepts ,"To plot a point in the form (r,θ), θ>0, move in a counterclockwise direction from the polar axis by an angle of θ, and then extend a directed line segment from the pole at that angle for a length of r."
 Algebra and Trigonometry 2e Ch11 Key Terms ,"addition method - an algebraic technique used to solve systems of linear equations in which the equations are added in a way that eliminates one variable, allowing the resulting equation to be solved for the remaining variable; substitution is then used to solve for the first variable"
 Algebra and Trigonometry 2e Ch11 Key Terms ,"augmented matrix - a coefficient matrix adjoined with the constant column separated by a vertical line within the matrix brackets"
 Algebra and Trigonometry 2e Ch11 Key Terms ,"break-even point - the point at which a cost function intersects a revenue function; where profit is zero"
 Algebra and Trigonometry 2e Ch11 Key Terms ,"coefficient matrix - a matrix that contains only the coefficients from a system of equations"
 Algebra and Trigonometry 2e Ch11 Key Terms ,"column - a set of numbers aligned vertically in a matrix"
 Algebra and Trigonometry 2e Ch11 Key Terms ,"consistent system - a system for which there is a single solution to all equations in the system and it is an independent system, or if there are an infinite number of solutions and it is a dependent system"
 Algebra and Trigonometry 2e Ch11 Key Terms ,"cost function - the function used to calculate the costs of doing business; it usually has two parts, fixed costs and variable costs"
 Algebra and Trigonometry 2e Ch11 Key Terms ,"Cramer’s Rule - a method for solving systems of equations that have the same number of equations as variables using determinants"
 Algebra and Trigonometry 2e Ch11 Key Terms ,"dependent system - a system of linear equations in which the two equations represent the same line; there are an infinite number of solutions to a dependent system"
 Algebra and Trigonometry 2e Ch11 Key Terms ,"determinant - a number calculated using the entries of a square matrix that determines such information as whether there is a solution to a system of equations"
 Algebra and Trigonometry 2e Ch11 Key Terms ,"entry - an element, coefficient, or constant in a matrix"
 Algebra and Trigonometry 2e Ch11 Key Terms ,"feasible region - the solution to a system of nonlinear inequalities that is the region of the graph where the shaded regions of each inequality intersect"
 Algebra and Trigonometry 2e Ch11 Key Terms ,"Gaussian elimination - using elementary row operations to obtain a matrix in row-echelon form"
 Algebra and Trigonometry 2e Ch11 Key Terms ,"identity matrix - a square matrix containing ones down the main diagonal and zeros everywhere else; it acts as a 1 in matrix algebra"
 Algebra and Trigonometry 2e Ch11 Key Terms ,"inconsistent system - a system of linear equations with no common solution because they represent parallel lines, which have no point or line in common"
 Algebra and Trigonometry 2e Ch11 Key Terms ,"independent system - a system of linear equations with exactly one solution pair (x,y)"
 Algebra and Trigonometry 2e Ch11 Key Terms ,"main diagonal - entries from the upper left corner diagonally to the lower right corner of a square matrix"
 Algebra and Trigonometry 2e Ch11 Key Terms ,"matrix - a rectangular array of numbers"
 Algebra and Trigonometry 2e Ch11 Key Terms ,"multiplicative inverse of a matrix - a matrix that, when multiplied by the original, equals the identity matrix"
 Algebra and Trigonometry 2e Ch11 Key Terms ,"nonlinear inequality - an inequality containing a nonlinear expression"
 Algebra and Trigonometry 2e Ch11 Key Terms ,"partial fraction decomposition - the process of returning a simplified rational expression to its original form, a sum or difference of simpler rational expressions"
 Algebra and Trigonometry 2e Ch11 Key Terms ,"partial fractions - the individual fractions that make up the sum or difference of a rational expression before combining them into a simplified rational expression"
 Algebra and Trigonometry 2e Ch11 Key Terms ,"profit function - the profit function is written as revenue minus cost, P(x)=R(x)−C(x)"
 Algebra and Trigonometry 2e Ch11 Key Terms ,"revenue function - the function that is used to calculate revenue, simply written as R=xp, where x=quantity and p=price"
 Algebra and Trigonometry 2e Ch11 Key Terms ,"row - a set of numbers aligned horizontally in a matrix"
 Algebra and Trigonometry 2e Ch11 Key Terms ,"row operations - adding one row to another row, multiplying a row by a constant, interchanging rows, and so on, with the goal of achieving row-echelon form"
 Algebra and Trigonometry 2e Ch11 Key Terms ,"row-echelon form - after performing row operations, the matrix form that contains ones down the main diagonal and zeros at every space below the diagonal"
 Algebra and Trigonometry 2e Ch11 Key Terms ,"row-equivalent - two matrices A and B are row-equivalent if one can be obtained from the other by performing basic row operations"
 Algebra and Trigonometry 2e Ch11 Key Terms ,"scalar multiple - an entry of a matrix that has been multiplied by a scalar"
 Algebra and Trigonometry 2e Ch11 Key Terms ,"solution set - the set of all ordered pairs or triples that satisfy all equations in a system of equations"
 Algebra and Trigonometry 2e Ch11 Key Terms ,"substitution method - an algebraic technique used to solve systems of linear equations in which one of the two equations is solved for one variable and then substituted into the second equation to solve for the second variable"
 Algebra and Trigonometry 2e Ch11 Key Concepts ,"A system of linear equations consists of two or more equations made up of two or more variables such that all equations in the system are considered simultaneously."
 Algebra and Trigonometry 2e Ch11 Key Concepts ,"The solution to a system of linear equations in two variables is any ordered pair that satisfies each equation independently. See Example 1."
 Algebra and Trigonometry 2e Ch11 Key Concepts ,"Systems of equations are classified as independent with one solution, dependent with an infinite number of solutions, or inconsistent with no solution."
 Algebra and Trigonometry 2e Ch11 Key Concepts ,"One method of solving a system of linear equations in two variables is by graphing. In this method, we graph the equations on the same set of axes. See Example 2."
 Algebra and Trigonometry 2e Ch11 Key Concepts ,"Another method of solving a system of linear equations is by substitution. In this method, we solve for one variable in one equation and substitute the result into the second equation. See Example 3."
 Algebra and Trigonometry 2e Ch11 Key Concepts ,"A third method of solving a system of linear equations is by addition, in which we can eliminate a variable by adding opposite coefficients of corresponding variables. See Example 4."
 Algebra and Trigonometry 2e Ch11 Key Concepts ,"It is often necessary to multiply one or both equations by a constant to facilitate elimination of a variable when adding the two equations together. See Example 5, Example 6, and Example 7."
 Algebra and Trigonometry 2e Ch11 Key Concepts ,"Either method of solving a system of equations results in a false statement for inconsistent systems because they are made up of parallel lines that never intersect. See Example 8."
 Algebra and Trigonometry 2e Ch11 Key Concepts ,"The solution to a system of dependent equations will always be true because both equations describe the same line. See Example 9."
 Algebra and Trigonometry 2e Ch11 Key Concepts ,"Systems of equations can be used to solve real-world problems that involve more than one variable, such as those relating to revenue, cost, and profit. See Example 10 and Example 11."
 Algebra and Trigonometry 2e Ch11 Key Concepts ,"A solution set is an ordered triple {(x,y,z)} that represents the intersection of three planes in space. See Example 1."
 Algebra and Trigonometry 2e Ch11 Key Concepts ,"A system of three equations in three variables can be solved by using a series of steps that forces a variable to be eliminated. The steps include interchanging the order of equations, multiplying both sides of an equation by a nonzero constant, and adding a nonzero multiple of one equation to another equation. See Example 2."
 Algebra and Trigonometry 2e Ch11 Key Concepts ,"Systems of three equations in three variables are useful for solving many different types of real-world problems. See Example 3."
 Algebra and Trigonometry 2e Ch11 Key Concepts ,"A system of equations in three variables can be solved by using a series of steps that forces a variable to be eliminated. The steps include interchanging the order of equations, multiplying both sides of an equation by a nonzero constant, and adding a nonzero multiple of one equation to another equation. See Example 2."
 Algebra and Trigonometry 2e Ch11 Key Concepts ,"Systems of three equations in three variables are useful for solving many different types of real-world problems. See Example 3."
 Algebra and Trigonometry 2e Ch11 Key Concepts ,"Matrices can be used to represent systems of linear equations. Gaussian elimination is a method for solving systems of linear equations using matrices. See Example 4."
 Algebra and Trigonometry 2e Ch11 Key Concepts ,"Row operations can be used to put a matrix in row-echelon form. Once a matrix is in row-echelon form, back-substitution can be used to solve the system. See Example 5."
 Algebra and Trigonometry 2e Ch11 Key Concepts ,"Cramer’s Rule is a method for solving systems of linear equations using determinants. See Example 6."
 Algebra and Trigonometry 2e Ch11 Key Concepts ,"Nonlinear systems of equations can be solved by substitution or elimination. See Example 7."
 Algebra and Trigonometry 2e Ch12 Key Terms ,"angle of rotation - an acute angle formed by a set of axes rotated from the Cartesian plane where, if cot(2θ)>0, then θ is between (0°,45°); if cot(2θ)<0, then θ is between (45°,90°); if cot(2θ)=0, then θ=45°"
 Algebra and Trigonometry 2e Ch12 Key Terms ,"center of a hyperbola - the midpoint of both the transverse and conjugate axes of a hyperbola"
 Algebra and Trigonometry 2e Ch12 Key Terms ,"center of an ellipse - the midpoint of both the major and minor axes"
 Algebra and Trigonometry 2e Ch12 Key Terms ,"conic section - any shape resulting from the intersection of a right circular cone with a plane"
 Algebra and Trigonometry 2e Ch12 Key Terms ,"conjugate axis - the axis of a hyperbola that is perpendicular to the transverse axis and has the co-vertices as its endpoints"
 Algebra and Trigonometry 2e Ch12 Key Terms ,"degenerate conic sections - any of the possible shapes formed when a plane intersects a double cone through the apex. Types of degenerate conic sections include a point, a line, and intersecting lines."
 Algebra and Trigonometry 2e Ch12 Key Terms ,"directrix - a line perpendicular to the axis of symmetry of a parabola; a line such that the ratio of the distance between the points on the conic and the focus to the distance to the directrix is constant"
 Algebra and Trigonometry 2e Ch12 Key Terms ,"eccentricity - the ratio of the distances from a point P on the graph to the focus F and to the directrix D represented by e=PF/PD, where e is a positive real number"
 Algebra and Trigonometry 2e Ch12 Key Terms ,"ellipse - the set of all points (x,y) in a plane such that the sum of their distances from two fixed points is a constant"
 Algebra and Trigonometry 2e Ch12 Key Terms ,"foci - plural of focus"
 Algebra and Trigonometry 2e Ch12 Key Terms ,"focus (of a parabola) - a fixed point in the interior of a parabola that lies on the axis of symmetry"
 Algebra and Trigonometry 2e Ch12 Key Terms ,"focus (of an ellipse) - one of the two fixed points on the major axis of an ellipse such that the sum of the distances from these points to any point (x,y) on the ellipse is a constant"
 Algebra and Trigonometry 2e Ch12 Key Terms ,"hyperbola - the set of all points (x,y) in a plane such that the difference of the distances between (x,y) and the foci is a positive constant"
 Algebra and Trigonometry 2e Ch12 Key Terms ,"latus rectum - the line segment that passes through the focus of a parabola parallel to the directrix, with endpoints on the parabola"
 Algebra and Trigonometry 2e Ch12 Key Terms ,"major axis - the longer of the two axes of an ellipse"
 Algebra and Trigonometry 2e Ch12 Key Terms ,"minor axis - the shorter of the two axes of an ellipse"
 Algebra and Trigonometry 2e Ch12 Key Terms ,"nondegenerate conic section - a shape formed by the intersection of a plane with a double right cone such that the plane does not pass through the apex; nondegenerate conics include circles, ellipses, hyperbolas, and parabolas"
 Algebra and Trigonometry 2e Ch12 Key Terms ,"parabola - the set of all points (x,y) in a plane that are the same distance from a fixed line, called the directrix, and a fixed point (the focus) not on the directrix"
 Algebra and Trigonometry 2e Ch12 Key Terms ,"polar equation - an equation of a curve in polar coordinates r and θ"
 Algebra and Trigonometry 2e Ch12 Key Terms ,"transverse axis - the axis of a hyperbola that includes the foci and has the vertices as its endpoints"
 Algebra and Trigonometry 2e Ch12 Key Concepts ,"An ellipse is the set of all points (x,y) in a plane such that the sum of their distances from two fixed points is a constant. Each fixed point is called a focus (plural: foci)."
 Algebra and Trigonometry 2e Ch12 Key Concepts ,"When given the coordinates of the foci and vertices of an ellipse, we can write the equation of the ellipse in standard form. See Example 1 and Example 2."
 Algebra and Trigonometry 2e Ch12 Key Concepts ,"When given an equation for an ellipse centered at the origin in standard form, we can identify its vertices, co-vertices, foci, and the lengths and positions of the major and minor axes in order to graph the ellipse. See Example 3 and Example 4."
 Algebra and Trigonometry 2e Ch12 Key Concepts ,"When given the equation for an ellipse centered at some point other than the origin, we can identify its key features and graph the ellipse. See Example 5 and Example 6."
 Algebra and Trigonometry 2e Ch12 Key Concepts ,"Real-world situations can be modeled using the standard equations of ellipses and then evaluated to find key features, such as lengths of axes and distance between foci. See Example 7."
 Algebra and Trigonometry 2e Ch12 Key Concepts ,"A hyperbola is the set of all points (x,y) in a plane such that the difference of the distances between (x,y) and the foci is a positive constant."
 Algebra and Trigonometry 2e Ch12 Key Concepts ,"The standard form of a hyperbola can be used to locate its vertices and foci. See Example 1."
 Algebra and Trigonometry 2e Ch12 Key Concepts ,"When given the coordinates of the foci and vertices of a hyperbola, we can write the equation of the hyperbola in standard form. See Example 2 and Example 3."
 Algebra and Trigonometry 2e Ch12 Key Concepts ,"When given an equation for a hyperbola, we can identify its vertices, co-vertices, foci, asymptotes, and lengths and positions of the transverse and conjugate axes in order to graph the hyperbola. See Example 4 and Example 5."
 Algebra and Trigonometry 2e Ch12 Key Concepts ,"Real-world situations can be modeled using the standard equations of hyperbolas. For instance, given the dimensions of a natural draft cooling tower, we can find a hyperbolic equation that models its sides. See Example 6."
 Algebra and Trigonometry 2e Ch12 Key Concepts ,"A parabola is the set of all points (x,y) in a plane that are the same distance from a fixed line, called the directrix, and a fixed point (the focus) not on the directrix."
 Algebra and Trigonometry 2e Ch12 Key Concepts ,"The standard form of a parabola with vertex (0,0) and the x-axis as its axis of symmetry can be used to graph the parabola. If p>0, the parabola opens right. If p<0, the parabola opens left. See Example 1."
 Algebra and Trigonometry 2e Ch12 Key Concepts ,"The standard form of a parabola with vertex (0,0) and the y-axis as its axis of symmetry can be used to graph the parabola. If p>0, the parabola opens up. If p<0, the parabola opens down. See Example 2."
 Algebra and Trigonometry 2e Ch12 Key Concepts ,"When given the focus and directrix of a parabola, we can write its equation in standard form. See Example 3."
 Algebra and Trigonometry 2e Ch12 Key Concepts ,"The standard form of a parabola with vertex (h,k) can be used to graph the parabola. See Example 4."
 Algebra and Trigonometry 2e Ch13 Key Terms ,"Addition Principle - if one event can occur in m ways and a second event with no common outcomes can occur in n ways, then the first or second event can occur in m+n ways"
 Algebra and Trigonometry 2e Ch13 Key Terms ,"annuity - an investment in which the purchaser makes a sequence of periodic, equal payments"
 Algebra and Trigonometry 2e Ch13 Key Terms ,"arithmetic sequence - a sequence in which the difference between any two consecutive terms is a constant"
 Algebra and Trigonometry 2e Ch13 Key Terms ,"arithmetic series - the sum of the terms in an arithmetic sequence"
 Algebra and Trigonometry 2e Ch13 Key Terms ,"binomial coefficient - the number of ways to choose r objects from n objects where order does not matter; equivalent to C(n,r) or (nr)"
 Algebra and Trigonometry 2e Ch13 Key Terms ,"binomial expansion - the result of expanding (x+y)^n by multiplying"
 Algebra and Trigonometry 2e Ch13 Key Terms ,"Binomial Theorem - a formula that can be used to expand any binomial"
 Algebra and Trigonometry 2e Ch13 Key Terms ,"combination - a selection of objects in which order does not matter"
 Algebra and Trigonometry 2e Ch13 Key Terms ,"common difference - the difference between any two consecutive terms in an arithmetic sequence"
 Algebra and Trigonometry 2e Ch13 Key Terms ,"common ratio - the ratio between any two consecutive terms in a geometric sequence"
 Algebra and Trigonometry 2e Ch13 Key Terms ,"complement of an event - the set of outcomes in the sample space that are not in the event E"
 Algebra and Trigonometry 2e Ch13 Key Terms ,"diverge - a series is said to diverge if the sum is not a real number"
 Algebra and Trigonometry 2e Ch13 Key Terms ,"event - any subset of a sample space"
 Algebra and Trigonometry 2e Ch13 Key Terms ,"experiment - an activity with an observable result"
 Algebra and Trigonometry 2e Ch13 Key Terms ,"explicit formula - a formula that defines each term of a sequence in terms of its position in the sequence"
 Algebra and Trigonometry 2e Ch13 Key Terms ,"finite sequence - a function whose domain consists of a finite subset of the positive integers {1,2,…,n} for some positive integer n"
 Algebra and Trigonometry 2e Ch13 Key Terms ,"Fundamental Counting Principle - if one event can occur in m ways and a second event can occur in n ways after the first event has occurred, then the two events can occur in m×n ways; also known as the Multiplication Principle"
 Algebra and Trigonometry 2e Ch13 Key Terms ,"geometric sequence - a sequence in which the ratio of a term to a previous term is a constant"
 Algebra and Trigonometry 2e Ch13 Key Terms ,"geometric series - the sum of the terms in a geometric sequence"
 Algebra and Trigonometry 2e Ch13 Key Terms ,"index of summation - in summation notation, the variable used in the explicit formula for the terms of a series and written below the sigma with the lower limit of summation"
 Algebra and Trigonometry 2e Ch13 Key Terms ,"infinite sequence - a function whose domain is the set of positive integers"
 Algebra and Trigonometry 2e Ch13 Key Terms ,"infinite series - the sum of the terms in an infinite sequence"
 Algebra and Trigonometry 2e Ch13 Key Terms ,"lower limit of summation - the number used in the explicit formula to find the first term in a series"
 Algebra and Trigonometry 2e Ch13 Key Terms ,"Multiplication Principle - if one event can occur in m ways and a second event can occur in n ways after the first event has occurred, then the two events can occur in m×n ways; also known as the Fundamental Counting Principle"
 Algebra and Trigonometry 2e Ch13 Key Terms ,"mutually exclusive events - events that have no outcomes in common"
 Algebra and Trigonometry 2e Ch13 Key Terms ,"n factorial - the product of all the positive integers from 1 to n"
 Algebra and Trigonometry 2e Ch13 Key Terms ,"nth partial sum - the sum of the first n terms of a sequence"
 Algebra and Trigonometry 2e Ch13 Key Terms ,"nth term of a sequence - a formula for the general term of a sequence"
 Algebra and Trigonometry 2e Ch13 Key Terms ,"outcomes - the possible results of an experiment"
 Algebra and Trigonometry 2e Ch13 Key Terms ,"permutation - a selection of objects in which order matters"
 Algebra and Trigonometry 2e Ch13 Key Terms ,"probability - a number from 0 to 1 indicating the likelihood of an event"
 Algebra and Trigonometry 2e Ch13 Key Terms ,"probability model - a mathematical description of an experiment listing all possible outcomes and their associated probabilities"
 Algebra and Trigonometry 2e Ch13 Key Terms ,"recursive formula - a formula that defines each term of a sequence using previous term(s)"
 Algebra and Trigonometry 2e Ch13 Key Terms ,"sample space - the set of all possible outcomes of an experiment"
 Algebra and Trigonometry 2e Ch13 Key Terms ,"sequence - a function whose domain is a subset of the positive integers"
 Algebra and Trigonometry 2e Ch13 Key Terms ,"series - the sum of the terms in a sequence"
 Algebra and Trigonometry 2e Ch13 Key Terms ,"summation notation - a notation for series using the Greek letter sigma; it includes an explicit formula and specifies the first and last terms in the series"
 Algebra and Trigonometry 2e Ch13 Key Terms ,"term - a number in a sequence"
 Algebra and Trigonometry 2e Ch13 Key Terms ,"union of two events - the event that occurs if either or both events occur"
 Algebra and Trigonometry 2e Ch13 Key Terms ,"upper limit of summation - the number used in the explicit formula to find the last term in a series"
 Algebra and Trigonometry 2e Ch13 Key Concepts ,"A sequence is a list of numbers, called terms, written in a specific order."
 Algebra and Trigonometry 2e Ch13 Key Concepts ,"Explicit formulas define each term of a sequence using the position of the term. See Example 1, Example 2, and Example 3."
 Algebra and Trigonometry 2e Ch13 Key Concepts ,"An explicit formula for the nth term of a sequence can be written by analyzing the pattern of several terms. See Example 4."
 Algebra and Trigonometry 2e Ch13 Key Concepts ,"Recursive formulas define each term of a sequence using previous terms."
 Algebra and Trigonometry 2e Ch13 Key Concepts ,"Recursive formulas must state the initial term, or terms, of a sequence."
 Algebra and Trigonometry 2e Ch13 Key Concepts ,"A set of terms can be written by using a recursive formula. See Example 5 and Example 6."
 Algebra and Trigonometry 2e Ch13 Key Concepts ,"A factorial is a mathematical operation that can be defined recursively."
 Algebra and Trigonometry 2e Ch13 Key Concepts ,"The factorial of n is the product of all integers from 1 to n. See Example 7."
 Algebra and Trigonometry 2e Ch13 Key Concepts ,"An arithmetic sequence is a sequence where the difference between any two consecutive terms is a constant."
 Algebra and Trigonometry 2e Ch13 Key Concepts ,"The constant between two consecutive terms is called the common difference."
 Algebra and Trigonometry 2e Ch13 Key Concepts ,"The common difference is the number added to any one term of an arithmetic sequence that generates the subsequent term. See Example 1."
 Algebra and Trigonometry 2e Ch13 Key Concepts ,"The terms of an arithmetic sequence can be found by beginning with the initial term and adding the common difference repeatedly. See Example 2 and Example 3."
 Algebra and Trigonometry 2e Ch13 Key Concepts ,"A recursive formula for an arithmetic sequence with common difference d is given by an = a_{n-1} + d, n≥2. See Example 4."
 Algebra and Trigonometry 2e Ch13 Key Concepts ,"As with any recursive formula, the initial term of the sequence must be given."
 Algebra and Trigonometry 2e Ch13 Key Concepts ,"An explicit formula for an arithmetic sequence with common difference d is given by an = a1 + d(n-1). See Example 5."
 Algebra and Trigonometry 2e Ch13 Key Concepts ,"An explicit formula can be used to find the number of terms in a sequence. See Example 6."
 Algebra and Trigonometry 2e Ch13 Key Concepts ,"In application problems, we sometimes alter the explicit formula slightly to an = a0 + dn. See Example 7."
 Algebra and Trigonometry 2e Ch13 Key Concepts ,"A geometric sequence is a sequence in which the ratio between any two consecutive terms is a constant."
 Algebra and Trigonometry 2e Ch13 Key Concepts ,"The constant ratio between two consecutive terms is called the common ratio."
 Algebra and Trigonometry 2e Ch13 Key Concepts ,"The common ratio can be found by dividing any term in the sequence by the previous term. See Example 1."
 Algebra and Trigonometry 2e Ch13 Key Concepts ,"The terms of a geometric sequence can be found by beginning with the first term and multiplying by the common ratio repeatedly. See Example 2 and Example 4."
 Algebra and Trigonometry 2e Ch13 Key Concepts ,"A recursive formula for a geometric sequence with common ratio r is given by an = r a_{n-1} for n≥2. As with any recursive formula, the initial term of the sequence must be given. See Example 3."
 Algebra and Trigonometry 2e Ch13 Key Concepts ,"An explicit formula for a geometric sequence with common ratio r is given by an = a1 r^{n-1}. See Example 5."
 Algebra and Trigonometry 2e Ch13 Key Concepts ,"A series is the sum of the terms in a sequence. The sum of the terms in an arithmetic sequence is an arithmetic series. The sum of the terms in a geometric sequence is a geometric series. See Example 6."
 Algebra and Trigonometry 2e Ch13 Key Concepts ,"The sum of the first n terms of an arithmetic series can be found using the formula Sn = n/2 (a1 + an). See Example 7."
 Algebra and Trigonometry 2e Ch13 Key Concepts ,"The sum of the first n terms of a geometric series can be found using the formula Sn = a1 (1 - r^n) / (1 - r) for r≠1. See Example 8."
 Algebra and Trigonometry 2e Ch13 Key Concepts ,"An infinite geometric series converges to a sum if"
 Algebra and Trigonometry 2e Ch13 Key Concepts ,"The Binomial Theorem is a formula that can be used to expand any binomial. See Example 10."
 Algebra and Trigonometry 2e Ch13 Key Concepts ,"The Fundamental Counting Principle can be used to count the number of possible outcomes in a sample space. See Example 11."
 Algebra and Trigonometry 2e Ch13 Key Concepts ,"Permutations are used to count the number of ways to arrange objects where order matters. Combinations are used to count the number of ways to select objects where order does not matter. See Example 12."
 Algebra and Trigonometry 2e Ch13 Key Concepts ,"Probability is a measure of the likelihood of an event occurring. It is the ratio of the number of favorable outcomes to the total number of possible outcomes. See Example 13."
 Algebra and Trigonometry 2e Ch13 Key Concepts ,"The complement of an event E is the set of outcomes in the sample space that are not in E. The probability of the complement is P(E') = 1 - P(E). See Example 14."
 Algebra and Trigonometry 2e Ch13 Key Concepts ,"Two events are mutually exclusive if they have no outcomes in common. For mutually exclusive events, P(A or B) = P(A) + P(B). See Example 15."
 Algebra and Trigonometry 2e Ch13 Key Concepts ,"The Addition Principle states that if one event can occur in m ways and a second event with no common outcomes can occur in n ways, then the first or second event can occur in m+n ways. See Example 16."
 Algebra and Trigonometry 2e Ch13 Key Concepts ,"The Multiplication Principle states that if one event can occur in m ways and a second event can occur in n ways after the first event has occurred, then the two events can occur in m×n ways. See Example 17."
The Strategy of Protest and Revolution 1: Basic Elements (04/05/2020),"Hi, and welcome to Strategy Stuff."
The Strategy of Protest and Revolution 1: Basic Elements (04/05/2020),"This is a video series on The Strategy of Protest and Revolution, where we’ll look at how successful revolutionary and protest movements have strategized to achieve their political goals."
The Strategy of Protest and Revolution 1: Basic Elements (04/05/2020),"To do that, we’ll be focusing on the following questions:"
The Strategy of Protest and Revolution 1: Basic Elements (04/05/2020)," - First: How do activists turn public discontent into a political movement?"
The Strategy of Protest and Revolution 1: Basic Elements (04/05/2020)," - Second: How do movements plan their action out to achieve their political goals?"
The Strategy of Protest and Revolution 1: Basic Elements (04/05/2020)," - And third, how have successful strategies changed with time?"
The Strategy of Protest and Revolution 1: Basic Elements (04/05/2020),"Over this series, we’ll answer these questions by looking at various historical movements."
The Strategy of Protest and Revolution 1: Basic Elements (04/05/2020),"But before we do that, let’s first structure our thinking by examining the basic elements within a strategy of protest and revolution."
The Strategy of Protest and Revolution 1: Basic Elements (04/05/2020),"Definitions"
The Strategy of Protest and Revolution 1: Basic Elements (04/05/2020),"Protests and revolutions are both what sociologists call social movements."
The Strategy of Protest and Revolution 1: Basic Elements (04/05/2020),"The key characteristic they share is collective action, where ordinary people band together to push political demands against establishment interests, which are usually backed by state power."
The Strategy of Protest and Revolution 1: Basic Elements (04/05/2020),"Members of the establishment may lead a movement, but it is ordinary people who ultimately provide the driving force, and that’s what differentiates social movements from coups, which are completely driven by members of the establishment."
The Strategy of Protest and Revolution 1: Basic Elements (04/05/2020),"There are many ways to explain why a social movement succeeds, but since this is a strategy channel, we’ll focus on the process of protest and revolution, looking at how movements took what they had and turned it into victory."
The Strategy of Protest and Revolution 1: Basic Elements (04/05/2020),"At the most basic level, the social movement process takes the input of public participation and converts it into the output of political power."
The Strategy of Protest and Revolution 1: Basic Elements (04/05/2020),"The establishment looks at that power and has two options: it can decide that it’s not possible or worth it to match that power, leading to negotiation and compromise; or it can increase its own power to outmatch the movement, leading to suppression or, in the event of complete failure, a revolution."
The Strategy of Protest and Revolution 1: Basic Elements (04/05/2020),"Either way, the more power a movement has, the higher its chances of success."
The Strategy of Protest and Revolution 1: Basic Elements (04/05/2020),"So how can a movement increase its power? Looking again at the social movement process, we see two ways to do so: we either increase the amount of input, or we increase the rate of conversion into output."
The Strategy of Protest and Revolution 1: Basic Elements (04/05/2020),"In practical terms, this means we either get more of the public to participate, or we get our existing participants to contribute more political power."
The Strategy of Protest and Revolution 1: Basic Elements (04/05/2020),"These two fundamental options form the skeleton of a social movement grand strategy."
The Strategy of Protest and Revolution 1: Basic Elements (04/05/2020),"Grand Strategy: Issues vs Organization"
The Strategy of Protest and Revolution 1: Basic Elements (04/05/2020),"Movements don’t have unlimited resources, so they have to make choices on what they will prioritize to maximize power."
The Strategy of Protest and Revolution 1: Basic Elements (04/05/2020),"At the highest, most abstract level of grand strategy, movements look at the social movement process and choose whether they want to prioritize participation, or prioritize contribution."
The Strategy of Protest and Revolution 1: Basic Elements (04/05/2020),"This corresponds to the two basic elements within a social movement: Issues and Organization."
The Strategy of Protest and Revolution 1: Basic Elements (04/05/2020),"Issues focus on participation."
The Strategy of Protest and Revolution 1: Basic Elements (04/05/2020),"An issue is a problem-and-solution combo: the movement highlights a problem, proposes a solution, and sells the package to the public."
"CET-4 2018年12月第一套 Passage One","California has been facing a drought for many years now, with certain areas even having to pump freshwater hundreds of miles to their distribution system."
"CET-4 2018年12月第一套 Passage One","The problem is growing as the population of the state continues to expand."
"CET-4 2018年12月第一套 Passage One","New research has found deep water reserves under the state which could help solve their drought crisis."
"CET-4 2018年12月第一套 Passage One","Previous drilling of wells could only reach depths of 1,000 feet, but due to new pumping practices, water deeper than this can now be extracted."
"CET-4 2018年12月第一套 Passage One","The team at Stanford investigated the aquifers below this depth and found that reserves may be triple what was previously thought."
"CET-4 2018年12月第一套 Passage One","It is profitable to drill to depths more than 1,000 feet for oil and gas extraction, but only recently in California has it become profitable to pump water from this depth."
"CET-4 2018年12月第一套 Passage One","The aquifers range from 1,000 to 3,000 feet below the ground, which means that pumping will be expensive and there are other concerns."
"CET-4 2018年12月第一套 Passage One","The biggest concern of pumping out water from this deep is the gradual settling down of the land surface."
"CET-4 2018年12月第一套 Passage One","As the water is pumped out, the vacant space left is compacted by the weight of the earth above."
"CET-4 2018年12月第一套 Passage One","Even though pumping from these depths is expensive, it is still cheaper than desalinating the ocean water in the largely coastal state."
"CET-4 2018年12月第一套 Passage One","Some desalination plants exist where feasible, but they are costly to run and can need constant repairs."
"CET-4 2018年12月第一套 Passage One","Wells are much more reliable sources of freshwater, and California is hoping that these deep wells may be the answer to their severe water shortage."
"CET-4 2018年12月第一套 Passage One","One problem with these sources is that the deep water also has a higher level of salt than shallower aquifers."
"CET-4 2018年12月第一套 Passage One","This means that some wells may even need to undergo desalination after extraction, thus increasing the cost."
"CET-4 2018年12月第一套 Passage One","Research from the exhaustive study of groundwater from over 950 drilling logs has just been published."
"CET-4 2018年12月第一套 Passage One","New estimates of the water reserves now go up to 2,700 billion cubic meters of freshwater."
"CET-4 2018年12月第一套 Passage Two","The AlphaGo program’s victory is an example of how smart computers have become."
"CET-4 2018年12月第一套 Passage Two","But can artificial intelligence (AI) machines act ethically, meaning can they be honest and fair?"
"CET-4 2018年12月第一套 Passage Two","One example of AI is driverless cars."
"CET-4 2018年12月第一套 Passage Two","They are already on California roads, so it is not too soon to ask whether we can program a machine to act ethically."
"CET-4 2018年12月第一套 Passage Two","As driverless cars improve, they will save lives."
"CET-4 2018年12月第一套 Passage Two","They will make fewer mistakes than human drivers do."
"CET-4 2018年12月第一套 Passage Two","Sometimes, however, they will face a choice between lives."
"CET-4 2018年12月第一套 Passage Two","Should the cars be programmed to avoid hitting a child running across the road, even if that will put their passengers at risk?"
"CET-4 2018年12月第一套 Passage Two","What about making a sudden turn to avoid a dog?"
"CET-4 2018年12月第一套 Passage Two","What if the only risk is damage to the car itself, not to the passengers?"
"CET-4 2018年12月第一套 Passage Two","Perhaps there will be lessons to learn from driverless cars, but they are not super-intelligent beings."
"CET-4 2018年12月第一套 Passage Two","Teaching ethics to a machine even more intelligent than we are will be the bigger challenge."
"CET-4 2018年12月第一套 Passage Two","About the same time as AlphaGo’s triumph, Microsoft’s ‘chatbot’ took a bad turn."
"CET-4 2018年12月第一套 Passage Two","The software, named Taylor, was designed to answer messages from people aged 18-24."
"CET-4 2018年12月第一套 Passage Two","Taylor was supposed to be able to learn from the messages she received."
"CET-4 2018年12月第一套 Passage Two","She was designed to slowly improve her ability to handle conversations, but some people were teaching Taylor racist ideas."
"CET-4 2018年12月第一套 Passage Two","When she started saying nice things about Hitler, Microsoft turned her off and deleted her ugliest messages."
"CET-4 2018年12月第一套 Passage Two","AlphaGo’s victory and Taylor’s defeat happened at about the same time."
"CET-4 2018年12月第一套 Passage Two","This should be a warning to us."
"CET-4 2018年12月第一套 Passage Two","It is one thing to use AI within a game with clear rules and clear goals."
"CET-4 2018年12月第一套 Passage Two","It is something very different to use AI in the real world."
"CET-4 2018年12月第一套 Passage Two","The unpredictability of the real world may bring to the surface a troubling software problem."
"CET-4 2018年12月第一套 Passage Two","Eric Schmidt is one of the bosses of Google, which owns AlphaGo."
"CET-4 2018年12月第一套 Passage Two","He thinks AI will be positive for humans."
"CET-4 2018年12月第一套 Passage Two","He said people will be the winner, whatever the outcome."
"CET-4 2018年12月第一套 Passage Two","Advances in AI will make human beings smarter, more able and “just better human beings.”"
"CET-4 2018年12月第二套 Passage One","Roughly the size of a soda can, sitting on a bookshelf, a relatively harmless gadget may be turning friends away from your home."
"CET-4 2018年12月第二套 Passage One","The elephant in your living room is your Internet-connected security camera, a device people are increasingly using for peace of mind in their homes."
"CET-4 2018年12月第二套 Passage One","But few stop to think about the effect these devices may have on house guests."
"CET-4 2018年12月第二套 Passage One","Should you tell your friends, for instance, that they’re being recorded while you all watch the big game together?"
"CET-4 2018年12月第二套 Passage One","“It’s certainly new territory, especially as home security cameras become easier to install,” says Lizzie Post, president of the Emily Post Institute, America’s foremost manners advisors."
"CET-4 2018年12月第二套 Passage One","“I think it will be very interesting to see what etiquette emerges in terms of whether you tell people you have a camera or not, and whether guests have a right to ask that it be turned off, if it’s not a security issue.”"
"CET-4 2018年12月第二套 Passage One","Post wants to make clear that she’s not talking about legal rights, but rather personal preferences."
"CET-4 2018年12月第二套 Passage One","She also wants to explain that there are no right or wrong answers regarding manners on this front yet, because the technology is just now becoming mainstream."
"CET-4 2018年12月第二套 Passage One","Besides, the Emily Post Institute doesn’t dictate manners."
"CET-4 2018年12月第二套 Passage One","When it comes to security cameras, Post says it’s a host’s responsibility to make sure guests feel comfortable within their home."
"CET-4 2018年12月第二套 Passage One","“I’m always a fan of being open and honest.”"
"CET-4 2018年12月第二套 Passage One","For instance, if the host casually acknowledges that there is a camera in the room by telling a story about it, that may be enough to provide an opening for a guest to say if they are uncomfortable."
"CET-4 2018年12月第二套 Passage One","However, if a contractor is working in your home, you don’t need to tell them that there are cameras watching."
"CET-4 2018年12月第二套 Passage One","Then again, the air of accountability that the camera generates can also work in contractors’ favor."
"CET-4 2018年12月第二套 Passage One","“If anything does go wrong while they’re in the house, they don’t want to be blamed for it,” she says."
"CET-4 2018年12月第二套 Passage One","“In fact, the camera could be the thing that proves that they didn’t steal the $20, or knock the vase off the table.”"
"CET-4 2018年12月第二套 Passage Two","PepsiCo is to spend billions of dollars to develop drinks and snacks and reformulate existing ones with lower sugar, salt and fat, as consumers demand healthier options and regulatory pressure intensifies amid an obesity epidemic."
"CET-4 2018年12月第二套 Passage Two","The maker of Mountain Dew and Gatorade has been one of the earlier movers in the industry to offer products with reduced levels of unhealthy ingredients—PepsiCo claims a packet of its chips now contains less salt than a slice of white bread."
"CET-4 2018年12月第二套 Passage Two","However, its new 10-year plan makes clear it believes it still has a long way to go."
"CET-4 2018年12月第二套 Passage Two","Shifting eating habits, including a sharp drop in consumption of sparkling drinks, have forced radical change on the industry."
"CET-4 2018年12月第二套 Passage Two","But those shifts have yet to be reflected in record obesity levels, which stand at 36.5% overall in the US."
"CET-4 2018年12月第二套 Passage Two","Indra Nooyi, PepsiCo chairman, said the plan to make its products healthier was important for the company’s growth."
"CET-4 2018年12月第二套 Passage Two","But on the subject of obesity, she pointed out that consumers’ lifestyles have changed significantly, with many people being more sedentary not least because more time is spent in front of computers."
"CET-4 2018年12月第二套 Passage Two","She said PepsiCo’s contribution was to produce healthier snacks that still tasted good."
"CET-4 2018年12月第二套 Passage Two","“Society has to change its habits,” she added."
"CET-4 2018年12月第二套 Passage Two","“We can’t do much to alter sedentary lifestyles, but we can provide consumers with great-tasting products, low in salt, sugar and fat."
"CET-4 2018年12月第二套 Passage Two","In the past we had to have a taste trade-off."
"CET-4 2018年12月第二套 Passage Two","But we’re breaking that trade-off.”"
"CET-4 2018年12月第二套 Passage Two","PepsiCo’s plan for its foods and drinks is based on guidelines from the World Health Organisation, which last week backed using taxes on sparkling drinks to reduce sugar consumption."
"CET-4 2018年12月第二套 Passage Two","Initiatives also include efforts to reduce its environmental impact, water consumption and materials used in packaging by 2025."
"CET-4 2018年12月第二套 Passage Two","PepsiCo did not say exactly how much it planned to invest to reach its goals."
"CET-4 2018年12月第二套 Passage Two","However, Dr Mehmood Khan, chief scientific officer, said the company had doubled research and development spending in the past five years and was “committed to sustaining investment”, adding that companies cannot cost-cut their way to increasing sales."
"CET-4 2018年12月第二套 Passage Two","PepsiCo’s research and development budget in 2015 was $754 million."
"CET-4 2018年12月第三套 Passage One","The latest in cat research reveals that the lovely animal seems to have a basic grasp on both the laws of physics and the ins and outs of cause and effect."
"CET-4 2018年12月第三套 Passage One","According to a newly published study, cats seem to be able to predict the location of hiding prey using both their ears and an inborn understanding of how the physical world works."
"CET-4 2018年12月第三套 Passage One","In a recent experiment, Japanese researchers taped 30 domestic cats reacting to a container that a team member shook."
"CET-4 2018年12月第三套 Passage One","Some containers rattled; others did not."
"CET-4 2018年12月第三套 Passage One","When the container was tipped over, sometimes an object fell out and sometimes it didn’t."
"CET-4 2018年12月第三套 Passage One","It turns out that the cats were remarkably smart about what would happen when a container was tipped over."
"CET-4 2018年12月第三套 Passage One","When an object did not drop out of the bottom of a rattling container, they looked at it for a longer time than they did when the container behaved as expected."
"CET-4 2018年12月第三套 Passage One","“Cats use a causal-logical understanding of noise or sounds to predict the appearance of invisible objects,” lead researcher Saho Takagi says in a press release."
"CET-4 2018年12月第三套 Passage One","The researchers conclude that cats’ hunting style may have developed based on their common-sense abilities to infer where prey is, using their hearing."
"CET-4 2018年12月第三套 Passage One","Scientists have explored this idea with other endearing creatures: babies."
"CET-4 2018年12月第三套 Passage One","Like cats, babies appear to engage in what’s called “preferential looking”—looking longer at things that are interesting or unusual than things they perceive as normal."
"CET-4 2018年12月第三套 Passage One","When babies’ expectations are violated in experiments like the ones performed with the cats, they react much like their animal friends."
"CET-4 2018年12月第三套 Passage One","Psychologists have shown that babies apparently expect their world to comply with the laws of physics and cause and effect as early as two months of age."
"CET-4 2018年12月第三套 Passage One","Does the study mean that cats will soon grasp the ins and outs of cause and effect?"
"CET-4 2018年12月第三套 Passage One","Maybe."
"CET-4 2018年12月第三套 Passage One","Okay, so cats may not be the next physics faculty members at America’s most important research universities."
"CET-4 2018年12月第三套 Passage One","But by demonstrating their common sense, they’ve shown that the divide between cats and humans may not be that great after all."
"CET-4 2018年12月第三套 Passage Two","Imagine you enter a car with no steering wheel, no brake or accelerator pedals."
"CET-4 2018年12月第三套 Passage Two","Under a voice-activated command, you say an address."
"CET-4 2018年12月第三套 Passage Two","“The fastest route will take us 15.3 minutes."
"CET-4 2018年12月第三套 Passage Two","Should I take it?”"
"CET-4 2018年12月第三套 Passage Two","You say “yes” and you are on your way."
"CET-4 2018年12月第三套 Passage Two","The car responds and starts moving all by itself."
"CET-4 2018年12月第三套 Passage Two","All you have to do is sit back and relax."
"CET-4 2018年12月第三套 Passage Two","How weird would it be if, one day in the future, everyone had such a car?"
"CET-4 2018年12月第三套 Passage Two","No crazy driving, no insults, no cutting in; traffic laws would be respected and driving much safer."
"CET-4 2018年12月第三套 Passage Two","On the other hand, imagine the cost savings for local police enforcement and town budgets without all those speeding and parking tickets."
"CET-4 2018年12月第三套 Passage Two","A new technology has the potential to change modern society in radical ways."
"CET-4 2018年12月第三套 Passage Two","There’s no question that self-driving vehicles could be an enormous benefit."
"CET-4 2018年12月第三套 Passage Two","The potential for safer cars means accident statistics would drop: some 94% of road accidents in the U.S. involve human error."
"CET-4 2018年12月第三套 Passage Two","Older drivers and visually- or physically-impaired people would gain a new level of freedom."
"CET-4 2018年12月第三套 Passage Two","Maintaining safe speeds and being electric, self-driving cars would drastically reduce pollution levels and dependency on non-renewable fuels."
"CET-4 2018年12月第三套 Passage Two","Roads would be quieter, people safer."
"CET-4 2018年12月第三套 Passage Two","But we must also consider the impact of the new technology on those who now depend on driving for their livelihoods."
"CET-4 2018年12月第三套 Passage Two","According to the U.S. Department of Labor, in May 2015 there were 505,560 registered school bus drivers."
"CET-4 2018年12月第三套 Passage Two","The American Trucking Association lists approximately 3.5 million professional truck drivers in the U.S."
"CET-4 2018年12月第三套 Passage Two","The companies developing self-driving vehicles should be partnering with state and federal authorities to offer retraining for this massive workforce, many of whom will be displaced by the new technology."
"CET-4 2018年12月第三套 Passage Two","This is similar to what’s happening in the coal and oil industries, a situation that fuels much of the current political discontent in this country."
"CET-4 2018年12月第三套 Passage Two","New technologies will, and should, be developed."
"CET-4 2018年12月第三套 Passage Two","This is how society moves forward."
"CET-4 2018年12月第三套 Passage Two","However, progress can’t be one-sided."
"CET-4 2018年12月第三套 Passage Two","It is necessary for the companies and state agencies involved to consider the ethical consequences of these potential changes to build a better future for all."
"CET-4 2018年6月第一套 Passage One","Living in an urban area with green spaces has a long-lasting positive impact on people’s mental well-being, a study has suggested."
"CET-4 2018年6月第一套 Passage One","UK researchers found moving to a green space had a sustained positive effect, unlike pay rises or promotions, which only provided a short-term boost."
"CET-4 2018年6月第一套 Passage One","Co-author Mathew White, from the University of Exeter, UK, explained that the study showed people living in greener urban areas were displaying fewer signs of depression or anxiety."
"CET-4 2018年6月第一套 Passage One","“There could be a number of reasons,” he said, “for example, people do many things to make themselves happier: they strive for promotion or pay rises, or they get married."
"CET-4 2018年6月第一套 Passage One","But the trouble with those things is that within six months to a year, people are back to their original baseline levels of well-being."
"CET-4 2018年6月第一套 Passage One","So these things are not sustainable; they don’t make us happy in the long term."
"CET-4 2018年6月第一套 Passage One","We found that for some lottery winners who had won more than £500,000 the positive effect was definitely there, but after six months to a year, they were back to the baseline.”"
"CET-4 2018年6月第一套 Passage One","Dr. White said his team wanted to see whether living in greener urban areas had a lasting positive effect on people’s sense of well-being or whether the effect also disappeared after a period of time."
"CET-4 2018年6月第一套 Passage One","To do this, the team used data from the British Household Panel Survey compiled by the University of Essex."
"CET-4 2018年6月第一套 Passage One","Explaining what the data revealed, he said: “What you see is that even after three years, mental health is still better, which is unlike many other things that we think will make us happy.”"
"CET-4 2018年6月第一套 Passage One","He observed that people living in green spaces were less stressed, and less stressed people made more sensible decisions and communicated better."
"CET-4 2018年6月第一套 Passage One","With a growing body of evidence establishing a link between urban green spaces and a positive impact on human well-being, Dr. White said, “There’s growing interest among public policy officials, but the trouble is who funds it."
"CET-4 2018年6月第一套 Passage One","What we really need at a policy level is to decide where the money will come from to help support good quality local green spaces.”"
"CET-4 2018年6月第一套 Passage Two","You probably know about the Titanic, but it was actually just one of three state-of-the-art ocean ships back in the day."
"CET-4 2018年6月第一套 Passage Two","The Olympic class ships were built by the Harland & Wolff ship makers in Northern Ireland for the White Star Line company."
"CET-4 2018年6月第一套 Passage Two","The Olympic class included the Olympic, the Britannic and the Titanic."
"CET-4 2018年6月第一套 Passage Two","What you may not know is that the Titanic wasn’t even the flagship of this class."
"CET-4 2018年6月第一套 Passage Two","All in all, the Olympic class ships were marvels of sea engineering, but they seemed cursed to suffer disastrous fates."
"CET-4 2018年6月第一套 Passage Two","The Olympic launched first in 1910, followed by the Titanic in 1911, and lastly the Britannic in 1914."
"CET-4 2018年6月第一套 Passage Two","The ships had nine decks, and White Star Line decided to focus on making them the most luxurious ships on the water."
"CET-4 2018年6月第一套 Passage Two","Stretching 269.13 meters, the Olympic class ships were wonders of naval technology, and everyone thought that they would continue to be so for quite some time."
"CET-4 2018年6月第一套 Passage Two","However, all suffered terrible accidents on the open seas."
"CET-4 2018年6月第一套 Passage Two","The Olympic got wrecked before the Titanic did, but it was the only one to survive and maintain a successful career of 24 years."
"CET-4 2018年6月第一套 Passage Two","The Titanic was the first to sink after famously hitting a huge iceberg in 1912."
"CET-4 2018年6月第一套 Passage Two","Following this disaster, the Britannic hit a naval mine in 1916 and subsequently sank as well."
"CET-4 2018年6月第一套 Passage Two","Each ship was coal-powered by several boilers constantly kept running by exhausted crews below deck."
"CET-4 2018年6月第一套 Passage Two","Most recognizable of the ship designs are the ship’s smoke stacks, but the fourth stack was actually just artistic in nature and served no functional purpose."
"CET-4 2018年6月第一套 Passage Two","While two of these ships sank, they were all designed with double hulls believed to make them “unsinkable”, perhaps a mistaken idea that led to the Titanic’s and the Britannic’s tragic end."
"CET-4 2018年6月第一套 Passage Two","The Olympic suffered two crashes with other ships and went on to serve as a hospital ship and troop transport in World War I."
"CET-4 2018年6月第一套 Passage Two","Eventually, she was taken out of service in 1935, ending the era of the luxurious Olympic class ocean liners."
"CET-4 2018年6月第二套 Passage One","Losing your ability to think and remember is pretty scary."
"CET-4 2018年6月第二套 Passage One","We know the risk of dementia increases with age."
"CET-4 2018年6月第二套 Passage One","But if you have memory slips, you probably needn’t worry."
"CET-4 2018年6月第二套 Passage One","There are pretty clear differences between signs of dementia and age-related memory loss."
"CET-4 2018年6月第二套 Passage One","After age 50, it’s quite common to have trouble remembering the names of people, places and things quickly, says Dr. Kirk Daffner of Brigham and Women’s Hospital in Boston."
"CET-4 2018年6月第二套 Passage One","The brain ages just like the rest of the body."
"CET-4 2018年6月第二套 Passage One","Certain parts shrink, especially areas in the brain that are important to learning, memory and planning."
"CET-4 2018年6月第二套 Passage One","Changes in brain cells can affect communication between different regions of the brain."
"CET-4 2018年6月第二套 Passage One","And blood flow can be reduced as blood vessels narrow."
"CET-4 2018年6月第二套 Passage One","Forgetting the name of an actor in a favorite movie, for example, is nothing to worry about."
"CET-4 2018年6月第二套 Passage One","But if you forget the plot of the movie or don’t remember even seeing it, that’s far more concerning, Daffner says."
"CET-4 2018年6月第二套 Passage One","When you forget entire experiences, he says, that’s “a red flag that something more serious may be involved.”"
"CET-4 2018年6月第二套 Passage One","Forgetting how to operate a familiar object like a microwave oven, or forgetting how to drive to the house of a friend you’ve visited many times before can also be signs of something going wrong."
"CET-4 2018年6月第二套 Passage One","But even then, Daffner says, people shouldn’t panic."
"CET-4 2018年6月第二套 Passage One","There are many things that can cause confusion and memory loss, including health problems like temporary stoppage of breathing during sleep, high blood pressure, or depression, as well as medications like antidepressants."
"CET-4 2018年6月第二套 Passage One","You don’t have to figure this out on your own."
"CET-4 2018年6月第二套 Passage One","Daffner suggests going to your doctor to check on medications, health problems and other issues that could be affecting memory."
"CET-4 2018年6月第二套 Passage One","And the best defense against memory loss is to try to prevent it by building up your brain’s cognitive reserve, Daffner says."
"CET-4 2018年6月第二套 Passage One","“Read books, go to movies, take on new hobbies or activities that force one to think in novel ways,” he says."
"CET-4 2018年6月第二套 Passage One","In other words, keep your brain busy and working."
"CET-4 2018年6月第二套 Passage One","And also get physically active, because exercise is a known brain booster."
"CET-4 2018年6月第二套 Passage Two","A letter written by Charles Darwin in 1875 has been returned to the Smithsonian Institution Archives by the FBI after being stolen twice."
"CET-4 2018年6月第二套 Passage Two","“We realized in the mid-1970s that it was missing,” says Effie Kapsalis, head of the Smithsonian Institution Archives."
"CET-4 2018年6月第二套 Passage Two","“It was noted as missing and likely taken by an intern, from what the FBI is telling us."
"CET-4 2018年6月第二套 Passage Two","Word got out that it was missing when someone asked to see the letter for research purposes,” and the intern put the letter back."
"CET-4 2018年6月第二套 Passage Two","“The intern likely took the letter again once nobody was watching it.”"
"CET-4 2018年6月第二套 Passage Two","Decades passed."
"CET-4 2018年6月第二套 Passage Two","Finally, the FBI received a tip that the stolen document was located very close to Washington, D.C."
"CET-4 2018年6月第二套 Passage Two","Their art crime team recovered the letter but were unable to press charges because the time of limitations had ended."
"CET-4 2018年6月第二套 Passage Two","The FBI worked closely with the Archives to determine that the letter was both authentic and definitely Smithsonian’s property."
"CET-4 2018年6月第二套 Passage Two","The letter was written by Darwin to thank an American geologist, Dr. Ferdinand Vandeveer Hayden, for sending him copies of his research into the geology of the region that would become Yellowstone National Park."
"CET-4 2018年6月第二套 Passage Two","The letter is in fairly good condition, in spite of being out of the care of trained museum staff for so long."
"CET-4 2018年6月第二套 Passage Two","“It was luckily in good shape,” says Kapsalis, “and we just have to do some minor things in order to be able to unfold it."
"CET-4 2018年6月第二套 Passage Two","It has some glue on it that has colored it slightly, but nothing that will prevent us from using it."
"CET-4 2018年6月第二套 Passage Two","After it is repaired, we will take digital photos of it and that will be available online."
"CET-4 2018年6月第二套 Passage Two","One of our goals is to get items of high research value or interest to the public online.”"
"CET-4 2018年6月第二套 Passage Two","It would now be difficult for an intern, visitor or a thief to steal a document like this."
"CET-4 2018年6月第二套 Passage Two","“Archiving practices have changed greatly since the 1970s,” says Kapsalis, “and we keep our high value documents in a safe that I don’t even have access to.”"
"CET-4 2018年6月第三套 Passage One","For thousands of years, people have known that the best way to understand a concept is to explain it to someone else."
"CET-4 2018年6月第三套 Passage One","“While we teach, we learn,” said Roman philosopher Seneca."
"CET-4 2018年6月第三套 Passage One","Now scientists are bringing this ancient wisdom up-to-date."
"CET-4 2018年6月第三套 Passage One","They’re documenting why teaching is such a fruitful way to learn, and designing innovative ways for young people to engage in instruction."
"CET-4 2018年6月第三套 Passage One","Researchers have found that students who sign up to tutor others work harder to understand the material, recall it more accurately and apply it more effectively."
"CET-4 2018年6月第三套 Passage One","Student teachers score higher on tests than pupils who’re learning only for their own sake."
"CET-4 2018年6月第三套 Passage One","But how can children, still learning themselves, teach others?"
"CET-4 2018年6月第三套 Passage One","One answer: They can tutor younger kids."
"CET-4 2018年6月第三套 Passage One","Some studies have found that first-born children are more intelligent than their later-born siblings."
"CET-4 2018年6月第三套 Passage One","This suggests their higher IQs result from the time they spend teaching their siblings."
"CET-4 2018年6月第三套 Passage One","Now educators are experimenting with ways to apply this model to academic subjects."
"CET-4 2018年6月第三套 Passage One","They engage college undergraduates to teach computer science to high school students, who in turn instruct middle school students on the topic."
"CET-4 2018年6月第三套 Passage One","But the most cutting-edge tool under development is the “teachable agent”—a computerized character who learns, tries, makes mistakes and asks questions just like a real-world pupil."
"CET-4 2018年6月第三套 Passage One","Computer scientists have created an animated figure called Betty’s Brain, who has been “taught” about environmental science by hundreds of middle school students."
"CET-4 2018年6月第三套 Passage One","Student teachers are motivated to help Betty master certain materials."
"CET-4 2018年6月第三套 Passage One","While preparing to teach, they organize their knowledge and improve their own understanding."
"CET-4 2018年6月第三套 Passage One","And as they explain the information to it, they identify problems in their own thinking."
"CET-4 2018年6月第三套 Passage One","Feedback from the teachable agents further enhances the tutors’ learning."
"CET-4 2018年6月第三套 Passage One","The agents’ questions compel student tutors to think and explain the materials in different ways, and watching the agent solve problems allows them to see their knowledge put into action."
"CET-4 2018年6月第三套 Passage One","Above all, it’s the emotions one experiences in teaching that facilitate learning."
"CET-4 2018年6月第三套 Passage One","Student tutors feel upset when their teachable agents fail, but happy when these virtual pupils succeed as they derive pride and satisfaction from someone else’s accomplishment."
"CET-4 2018年6月第三套 Passage Two","A new batch of young women—members of the so-called Millennial generation—has been entering the workforce for the past decade."
"CET-4 2018年6月第三套 Passage Two","At the starting line of their careers, they are better educated than their mothers and grandmothers had been—or than their young male counterparts are now."
"CET-4 2018年6月第三套 Passage Two","But when they look ahead, they see roadblocks to their success."
"CET-4 2018年6月第三套 Passage Two","They believe that women are paid less than men for doing the same job."
"CET-4 2018年6月第三套 Passage Two","They think it’s easier for men to get top executive jobs than it is for them."
"CET-4 2018年6月第三套 Passage Two","And they assume that if and when they have children, it will be even harder for them to advance in their careers."
"CET-4 2018年6月第三套 Passage Two","While the public sees greater workplace equality between men and women now than it did 20-30 years ago, most believe more change is needed."
"CET-4 2018年6月第三套 Passage Two","Among Millennial women, 75% say this country needs to continue making changes to achieve gender equality in the workplace, compared with 57% of Millennial men."
"CET-4 2018年6月第三套 Passage Two","Even so, relatively few young women (15%) say they have been discriminated against at work because of their gender."
"CET-4 2018年6月第三套 Passage Two","As Millennial women come of age they share many of the same views and values about work as their male counterparts."
"CET-4 2018年6月第三套 Passage Two","They want jobs that provide security and flexibility, and they place relatively little importance on high pay."
"CET-4 2018年6月第三套 Passage Two","At the same time, however, young working women are less likely than men to aim at top management jobs: 34% say they’re not interested in becoming a boss or top manager; only 24% of young men say the same."
"CET-4 2018年6月第三套 Passage Two","The gender gap on this question is even wider among working adults in their 30s and 40s, when many women face the trade-offs that go with work and motherhood."
"CET-4 2018年6月第三套 Passage Two","These findings are based on a new Pew Research Center survey of 2,002 adults, including 810 Millennials (ages 18-32), conducted Oct. 7-27, 2013."
"CET-4 2018年6月第三套 Passage Two","The survey finds that, in spite of the dramatic gains women have made in educational attainment and labor force participation in recent decades, young women view this as a man’s world—just as middle-aged and older women do."
"CET-4 2017年12月第一套 Passage One","That people often experience trouble sleeping in a different bed in unfamiliar surroundings is a phenomenon known as the “first-night” effect."
"CET-4 2017年12月第一套 Passage One","If a person stays in the same room the following night they tend to sleep more soundly."
"CET-4 2017年12月第一套 Passage One","Yuka Sasaki and her colleagues at Brown University set out to investigate the origins of this effect."
"CET-4 2017年12月第一套 Passage One","Dr. Sasaki knew the first-night effect probably has something to do with how humans evolved."
"CET-4 2017年12月第一套 Passage One","The puzzle was what benefit would be gained from it when performance might be affected the following day."
"CET-4 2017年12月第一套 Passage One","She also knew from previous work conducted on birds and dolphins that these animals put half of their brains to sleep at a time so that they can rest while remaining alert enough to avoid predators."
"CET-4 2017年12月第一套 Passage One","This led her to wonder if people might be doing the same thing."
"CET-4 2017年12月第一套 Passage One","To take a closer look, her team studied 35 healthy people as they slept in the unfamiliar environment of the university’s Department of Psychological Sciences."
"CET-4 2017年12月第一套 Passage One","The participants each slept in the department for two nights and were carefully monitored with techniques that looked at the activity of their brains."
"CET-4 2017年12月第一套 Passage One","Dr. Sasaki found, as expected, the participants slept less well on their first night than they did on their second, taking more than twice as long to fall asleep and sleeping less overall."
"CET-4 2017年12月第一套 Passage One","During deep sleep, the participants’ brains behaved in a similar manner seen in birds and dolphins."
"CET-4 2017年12月第一套 Passage One","On the first night only, the left hemispheres of their brains did not sleep nearly as deeply as their right hemispheres did."
"CET-4 2017年12月第一套 Passage One","Curious if the left hemispheres were indeed remaining awake to process information detected in the surrounding environment, Dr. Sasaki re-ran the experiment while presenting the sleeping participants with a mix of regularly timed beeps of the same tone and irregular beeps of a different tone during the night."
"CET-4 2017年12月第一套 Passage One","She worked out that, if the left hemisphere was staying alert to keep guard in a strange environment, then it would react to the irregular beeps by stirring people from sleep and would ignore the regularly timed ones."
"CET-4 2017年12月第一套 Passage One","This is precisely what she found."
"CET-4 2017年12月第一套 Passage Two","It’s time to reevaluate how women handle conflict at work."
"CET-4 2017年12月第一套 Passage Two","Being overworked or over-committed at home and on the job will not get you where you want to be in life."
"CET-4 2017年12月第一套 Passage Two","It will only slow you down and hinder your career goals."
"CET-4 2017年12月第一套 Passage Two","Did you know women are more likely than men to feel exhausted?"
"CET-4 2017年12月第一套 Passage Two","Nearly twice as many women than men ages 18-44 reported feeling “very tired” or “exhausted”, according to a recent study."
"CET-4 2017年12月第一套 Passage Two","This may not be surprising given that this is the age range when women have children."
"CET-4 2017年12月第一套 Passage Two","It’s also the age range when many women are trying to balance careers and home."
"CET-4 2017年12月第一套 Passage Two","One reason women may feel exhausted is that they have a hard time saying “no.”"
"CET-4 2017年12月第一套 Passage Two","Women want to be able to do it all—volunteer for school parties or cook delicious meals—and so their answer to any request is often “Yes, I can.”"
"CET-4 2017年12月第一套 Passage Two","Women struggle to say “no” in the workplace for similar reasons, including the desire to be liked by their colleagues."
"CET-4 2017年12月第一套 Passage Two","Unfortunately, this inability to say “no” may be hurting women’s health as well as their career."
"CET-4 2017年12月第一套 Passage Two","At the workplace, men use conflict as a way to position themselves, while women often avoid conflict or strive to be the peacemaker, because they don’t want to be viewed as aggressive or disruptive at work."
"CET-4 2017年12月第一套 Passage Two","For example, there’s a problem that needs to be addressed immediately, resulting in a dispute over who should be the one to fix it."
"CET-4 2017年12月第一套 Passage Two","Men are more likely to face that dispute from the perspective of what benefits them most, whereas women may approach the same dispute from the perspective of what’s the easiest and quickest way to resolve the problem—even if that means doing the boring work themselves."
"CET-4 2017年12月第一套 Passage Two","This difference in handling conflict could be the deciding factor on who gets promoted to a leadership position and who does not."
"CET-4 2017年12月第一套 Passage Two","Leaders have to be able to delegate and manage resources wisely—including staff expertise."
"CET-4 2017年12月第一套 Passage Two","Shouldering more of the workload may not earn you that promotion."
"CET-4 2017年12月第一套 Passage Two","Instead, it may highlight your inability to delegate effectively."
"CET-4 2017年12月第二套 Passage One","Aging happens to all of us, and is generally thought of as a natural part of life."
"CET-4 2017年12月第二套 Passage One","It would seem silly to call such a thing a “disease.”"
"CET-4 2017年12月第二套 Passage One","On the other hand, scientists are increasingly learning that aging and biological age are two different things, and that the former is a key risk factor for conditions such as heart disease, cancer and many more."
"CET-4 2017年12月第二套 Passage One","In that light, aging itself might be seen as something treatable, the way you would treat high blood pressure or a vitamin deficiency."
"CET-4 2017年12月第二套 Passage One","Biophysicist Alex Zhavoronkov believes that aging should be considered a disease."
"CET-4 2017年12月第二套 Passage One","He said that describing aging as a disease creates incentives to develop treatments."
"CET-4 2017年12月第二套 Passage One","“It unties the hands of the pharmaceutical industry so that they can begin treating the disease and not just the side effects,” he said."
"CET-4 2017年12月第二套 Passage One","“Right now, people think of aging as natural and something you can’t control,” he said."
"CET-4 2017年12月第二套 Passage One","“In academic circles, people take aging research as just an interest area where they can try to develop interventions."
"CET-4 2017年12月第二套 Passage One","The medical community also takes aging for granted, and can do nothing about it except keep people within a certain health range.”"
"CET-4 2017年12月第二套 Passage One","But if aging were recognized as a disease, he said, “It would attract funding and change the way we do health care."
"CET-4 2017年12月第二套 Passage One","What matters is understanding that aging is curable.”"
"CET-4 2017年12月第二套 Passage One","“It was always known that the body accumulates damage,” he added."
"CET-4 2017年12月第二套 Passage One","“The only way to cure aging is to find ways to repair that damage."
"CET-4 2017年12月第二套 Passage One","I think of it as preventive medicine for age-related conditions.”"
"CET-4 2017年12月第二套 Passage One","Leonard Hayflick, a professor at the University of California, San Francisco, said the idea that aging can be cured implies the human lifespan can be increased, which some researchers suggest is possible."
"CET-4 2017年12月第二套 Passage One","Hayflick is not among them."
"CET-4 2017年12月第二套 Passage One","“There’re many people who recover from cancer, stroke or heart disease."
"CET-4 2017年12月第二套 Passage One","But they continue to age, because aging is separate from their disease,” Hayflick said."
"CET-4 2017年12月第二套 Passage One","“Even if those causes of death were eliminated, life expectancy would still not go much beyond 92 years.”"
"CET-4 2017年12月第二套 Passage Two","Female applicants to postdoctoral positions in geosciences were nearly half as likely to receive excellent letters of recommendation, compared with their male counterparts."
"CET-4 2017年12月第二套 Passage Two","Christopher Intagliata reports."
"CET-4 2017年12月第二套 Passage Two","As in many other fields, gender bias is widespread in the sciences."
"CET-4 2017年12月第二套 Passage Two","Men score higher starting salaries, have more mentoring, and have better odds of being hired."
"CET-4 2017年12月第二套 Passage Two","Studies show they’re also perceived as more competent than women in STEM (Science, Technology, Engineering, and Mathematics) fields."
"CET-4 2017年12月第二套 Passage Two","And new research reveals that men are more likely to receive excellent letters of recommendation, too."
"CET-4 2017年12月第二套 Passage Two","“Say, you know, this is the best student I’ve ever had,” says Kuheli Dutt, a social scientist and diversity officer at Columbia University’s Lamont campus."
"CET-4 2017年12月第二套 Passage Two","“Compare those excellent letters with a merely good letter: ‘The candidate was productive, or intelligent, or a solid scientist or something that’s clearly solid praise,’ but nothing that singles out the candidate as exceptional or one of a kind.”"
"CET-4 2017年12月第二套 Passage Two","Dutt and her colleagues studied more than 1,200 letters of recommendation for postdoctoral positions in geoscience."
"CET-4 2017年12月第二套 Passage Two","They were all edited for gender and other identifying information, so Dutt and her team could assign them a score without knowing the gender of the student."
"CET-4 2017年12月第二套 Passage Two","They found that female applicants were only half as likely to get outstanding letters, compared with their male counterparts."
"CET-4 2017年12月第二套 Passage Two","That includes letters of recommendation from all over the world, and written by, yes, men and women."
"CET-4 2017年12月第二套 Passage Two","The findings are in the journal Nature Geoscience."
"CET-4 2017年12月第二套 Passage Two","Dutt says they were not able to evaluate the actual scientific qualifications of the applicants using the data in the files."
"CET-4 2017年12月第二套 Passage Two","But she says the results still suggest women in geoscience are at a potential disadvantage from the very beginning of their careers starting with those less than outstanding letters of recommendation."
"CET-4 2017年12月第二套 Passage Two","“We’re not trying to assign blame or criticize anyone or call anyone consciously sexist."
"CET-4 2017年12月第二套 Passage Two","Rather, the point is to use the results of this study to open up meaningful dialogues on implicit gender bias, be it at a departmental level or an institutional level or even a discipline level.”"
"CET-4 2017年12月第二套 Passage Two","Which may lead to some recommendations for the letter writers themselves."
"CET-4 2017年12月第三套 Passage One","Nobody really knows how big Lagos is."
"CET-4 2017年12月第三套 Passage One","What’s indisputable is that it’s growing very quickly."
"CET-4 2017年12月第三套 Passage One","Between now and 2050, the urban population of Africa could triple."
"CET-4 2017年12月第三套 Passage One","Yet cities in sub-Saharan Africa are not getting richer the way cities in the rest of the world have."
"CET-4 2017年12月第三套 Passage One","Most urban Africans live in slums; migrants are often not much better off than they were in the countryside."
"CET-4 2017年12月第三套 Passage One","Why?"
"CET-4 2017年12月第三套 Passage One","The immediate problem is poverty."
"CET-4 2017年12月第三套 Passage One","Most of Africa is urbanising at a lower level of income than other regions of the world did."
"CET-4 2017年12月第三套 Passage One","That means there’s little money around for investment that would make cities liveable and more productive."
"CET-4 2017年12月第三套 Passage One","Without upgrades and new capacity, bridges, roads and power systems are unable to cope with expanding populations."
"CET-4 2017年12月第三套 Passage One","With the exception of South Africa, the only light rail metro system in sub-Saharan Africa is in Addis Ababa, Ethiopia."
"CET-4 2017年12月第三套 Passage One","Traffic jam leads to expense and unpredictability, things that keep investors away."
"CET-4 2017年12月第三套 Passage One","In other parts of the world, increasing agricultural productivity and industrialisation went together."
"CET-4 2017年12月第三套 Passage One","More productive farmers meant there was a surplus that could feed cities; in turn, that created a pool of labour for factories."
"CET-4 2017年12月第三套 Passage One","But African cities are different."
"CET-4 2017年12月第三套 Passage One","They are too often built around consuming natural resources."
"CET-4 2017年12月第三套 Passage One","Government is concentrated in capitals, so is the money."
"CET-4 2017年12月第三套 Passage One","Most urban Africans work for a small minority of the rich, who tend to be involved in either cronyish businesses or politics."
"CET-4 2017年12月第三套 Passage One","Since African agriculture is still broadly unproductive, food is imported, consuming a portion of revenue."
"CET-4 2017年12月第三套 Passage One","So what can be done?"
"CET-4 2017年12月第三套 Passage One","Though African countries are poor, not all African cities are."
"CET-4 2017年12月第三套 Passage One","In Lagos, foreign oil workers can pay as much as $65,000 per year in rent for a modest apartment in a safe part of town."
"CET-4 2017年12月第三套 Passage One","If that income were better taxed, it might provide the revenue for better infrastructure."
"CET-4 2017年12月第三套 Passage One","If city leaders were more accountable to their residents, they might favour projects designed to help them more."
"CET-4 2017年12月第三套 Passage One","Yet even as new roads are built, new people arrive."
"CET-4 2017年12月第三套 Passage One","When a city’s population grows by 5% a year, it is difficult to keep up."
"CET-4 2017年12月第三套 Passage Two","For the past several decades, it seems there’s been a general consensus on how to get ahead in America: Get a college education, find a reliable job, and buy your own home."
"CET-4 2017年12月第三套 Passage Two","But do Americans still believe in that path, and if they do, is it attainable?"
"CET-4 2017年12月第三套 Passage Two","The most recent National Journal poll asked respondents about the American dream, what it takes to achieve their goals, and whether or not they felt a significant amount of control over their ability to be successful."
"CET-4 2017年12月第三套 Passage Two","Overwhelmingly, the results show that today, the idea of the American dream—and what it takes to achieve it—looks quite different than it did in the late 20th century."
"CET-4 2017年12月第三套 Passage Two","By and large, people felt that their actions and hard work—not outside forces—were the deciding factor in how their lives turned out."
"CET-4 2017年12月第三套 Passage Two","But respondents had decidedly mixed feelings about what actions make for a better life in the current economy."
"CET-4 2017年12月第三套 Passage Two","In the last seven years, Americans have grown more pessimistic about the power of education to lead to success."
"CET-4 2017年12月第三套 Passage Two","Even though they see going to college as a fairly achievable goal, a majority—52 percent—think that young people do not need a four-year college education in order to be successful."
"CET-4 2017年12月第三套 Passage Two","Miguel Maeda, 42, who has a master’s degree and works in public health, was the first in his family to go to college, which has allowed him to achieve a sense of financial stability his parents and grandparents never did."
"CET-4 2017年12月第三套 Passage Two","While some, like Maeda, emphasized the value of the degree rather than the education itself, others still see college as a way to gain new perspectives and life experiences."
"CET-4 2017年12月第三套 Passage Two","Sixty-year-old Will Fendley, who had a successful career in the military and never earned a college degree, thinks “personal drive” is far more important than just going to college."
"CET-4 2017年12月第三套 Passage Two","To Fendley, a sense of drive and purpose, as well as an effective high-school education, and basic life skills, like balancing a checkbook, are the necessary ingredients for a successful life in America."
"CET-4 2017年6月第一套 Passage One","Urbanization—migration away from the suburbs to the city center—will be the biggest real estate trend in 2015, according to a new report."
"CET-4 2017年6月第一套 Passage One","The report says America’s urbanization will continue to be the most significant issue affecting the industry, as cities across the country imitate the walkability and transit-oriented development making cities like New York and San Francisco so successful."
"CET-4 2017年6月第一套 Passage One","As smaller cities copy the model of these “24-hour cities,” more affordable versions of these places will be created."
"CET-4 2017年6月第一套 Passage One","The report refers to this as the coming of the “18-hour city,” and uses the term to refer to cities like Houston, Austin, Charlotte, and Nashville, which are “positioning themselves as highly competitive, in terms of livability, employment offerings, and recreational and cultural facilities.”"
"CET-4 2017年6月第一套 Passage One","Another trend that looks significant in 2015 is that America’s largest population group, Millennials, will continue to put off buying a house."
"CET-4 2017年6月第一套 Passage One","Apartments will retain their appeal for a while for Millennials, haunted by what happened to home-owning parents."
"CET-4 2017年6月第一套 Passage One","This trend will continue into the 2020s, the report projects."
"CET-4 2017年6月第一套 Passage One","After that, survey respondents disagree over whether this generation will follow in their parents’ footsteps, moving to the suburbs to raise families, or will choose to remain in the city center."
"CET-4 2017年6月第一套 Passage One","Another issue affecting real estate in the coming year will be America’s failing infrastructure."
"CET-4 2017年6月第一套 Passage One","Most roads, bridges, transit, water systems, the electric grid, and communications networks were installed 50 to 100 years ago, and they are largely taken for granted until they fail."
"CET-4 2017年6月第一套 Passage One","The report’s writers state that America’s failure to invest in infrastructure impacts not only the health of the real-estate market, but also our ability to remain globally competitive."
"CET-4 2017年6月第一套 Passage One","Apart from the specific trends highlighted above, which cause some investors to worry, the report portrays an overall optimism borne by the recent healthy real-estate “upcycle” and improving economy."
"CET-4 2017年6月第一套 Passage One","Seventy-four percent of the respondents surveyed report a “good to excellent” expectation of real-estate profitability in 2015."
"CET-4 2017年6月第一套 Passage One","While excessive optimism can promote bad investment patterns, resulting in a real-estate “bubble,” the report’s writers downplay that potential outcome in that it has not yet occurred."
"CET-4 2017年6月第一套 Passage Two","The brain is a seemingly endless library, whose shelves house our most precious memories as well as our lifetime’s knowledge."
"CET-4 2017年6月第一套 Passage Two","But is there a point where it reaches capacity?"
"CET-4 2017年6月第一套 Passage Two","The answer is no, because brains are more sophisticated than that."
"CET-4 2017年6月第一套 Passage Two","Instead of just crowding in, old information is sometimes pushed out of the brain for new memories to form."
"CET-4 2017年6月第一套 Passage Two","Previous behavioural studies have shown that learning new information can lead to forgetting."
"CET-4 2017年6月第一套 Passage Two","But in a new study, researchers demonstrated for the first time how this effect occurs in the brain."
"CET-4 2017年6月第一套 Passage Two","In daily life, forgetting actually has clear advantages."
"CET-4 2017年6月第一套 Passage Two","Imagine, for instance, that you lost your bank card."
"CET-4 2017年6月第一套 Passage Two","The new card you receive will come with a new personal identification number (PIN)."
"CET-4 2017年6月第一套 Passage Two","Each time you remember the new PIN, you gradually forget the old one."
"CET-4 2017年6月第一套 Passage Two","This process improves access to relevant information, without old memories interfering."
"CET-4 2017年6月第一套 Passage Two","And most of us may sometimes feel the frustration of having old memories interfere with new, relevant memories."
"CET-4 2017年6月第一套 Passage Two","Consider trying to remember where you parked your car in the same car park you were at a week earlier."
"CET-4 2017年6月第一套 Passage Two","This type of memory (where you are trying to remember new, but similar information) is particularly vulnerable to interference."
"CET-4 2017年6月第一套 Passage Two","When we acquire new information, the brain automatically tries to incorporate it within existing information by forming associations."
"CET-4 2017年6月第一套 Passage Two","And when we retrieve information, both the desired and associated but irrelevant information is recalled."
"CET-4 2017年6月第一套 Passage Two","The majority of previous research has focused on how we learn and remember new information."
"CET-4 2017年6月第一套 Passage Two","But current studies are beginning to place greater emphasis on the conditions under which we forget, as its importance begins to be more appreciated."
"CET-4 2017年6月第一套 Passage Two","A very small number of people are able to remember almost every detail of their life."
"CET-4 2017年6月第一套 Passage Two","While it may sound like an advantage to many, people with this rare condition often find their unusual ability burdensome."
"CET-4 2017年6月第一套 Passage Two","In a sense, forgetting is our brain’s way of sorting memories, so the most relevant memories are ready for retrieval."
"CET-4 2017年6月第一套 Passage Two","Normal forgetting may even be a safety mechanism to ensure our brain doesn’t become too full."
"CET-6 2018年12月真题（第一套） Section C Passage One","Children with attention problems in early childhood were 40% less likely to graduate from high school, says a new study from Duke University."
"CET-6 2018年12月真题（第一套） Section C Passage One","The study included 386 kindergarteners from schools in the Fast Track Project, a multi-site clinical trial in the U.S. that in 1991 began tracking how children developed across their lives."
"CET-6 2018年12月真题（第一套） Section C Passage One","With this study, researchers examined early academic attention and socio-emotional skills and how each contributed to academic success into young adulthood."
"CET-6 2018年12月真题（第一套） Section C Passage One","They found that early attention skills were the most consistent predictor of academic success, and that likability by peers also had a modest effect on academic performance."
"CET-6 2018年12月真题（第一套） Section C Passage One","By fifth grade, children with early attention difficulties had lower grades and reading achievement scores than their peers."
"CET-6 2018年12月真题（第一套） Section C Passage One","As fifth-graders, children with early attention problems obtained average reading scores at least 3% lower than their contemporaries’ and grades at least 8% lower than those of their peers."
"CET-6 2018年12月真题（第一套） Section C Passage One","This was after controlling for IQ, socio-economic status and academic skills at school entry."
"CET-6 2018年12月真题（第一套） Section C Passage One","Although these may not seem like large effects, the impact of early attention problems continued throughout the children’s academic careers."
"CET-6 2018年12月真题（第一套） Section C Passage One","Lower reading achievement scores and grades in fifth grade contributed to reduced grades in middle school and thereby contributed to a 40% lower high school graduation rate."
"CET-6 2018年12月真题（第一套） Section C Passage One","“The children we identified as having attention difficulties were not diagnosed with attention deficit hyperactivity disorder (ADHD), although some may have had the disorder.”"
"CET-6 2018年12月真题（第一套） Section C Passage One","“Our findings suggest that even more modest attention difficulties can increase the risk of negative academic outcomes,” said David Rabiner, an associate dean of Duke’s Trinity College of Arts & Sciences, whose research has focused on ADHD and interventions to improve academic performance in children with attention difficulties."
"CET-6 2018年12月真题（第一套） Section C Passage One","Social acceptance by peers in early childhood also predicted grades in fifth grade."
"CET-6 2018年12月真题（第一套） Section C Passage One","Children not as liked by their first-grade peers had slightly lower grades in fifth grade, while those with higher social acceptance had higher grades."
"CET-6 2018年12月真题（第一套） Section C Passage One","“This study shows the importance of so-called ‘non-cognitive’ or soft skills in contributing to children’s positive peer relationships, which, in turn, contribute to their academic success,” said Kenneth Dodge, director of the Duke Center for Child and Family Policy."
"CET-6 2018年12月真题（第一套） Section C Passage One","The results highlight the need to develop effective early interventions to help those with attention problems stay on track academically and for educators to encourage positive peer relationships, the researchers said."
"CET-6 2018年12月真题（第一套） Section C Passage One","“We are learning that student success requires a more comprehensive approach, one that incorporates not only academic skills but also social, self-regulatory and attention skills,” Dodge said."
"CET-6 2018年12月真题（第一套） Section C Passage One","“If we neglect any of these areas, the child’s development lags.”"
"CET-6 2018年12月真题（第一套） Section C Passage One","“If we attend to these areas, a child’s success may reinforce itself with positive feedback loops.”"
"CET-6 2018年12月真题（第一套） Section C Passage Two","On Jan 9, 2007, Steve Jobs formally announced Apple’s “revolutionary mobile phone”—a device that combined the functionality of an iPod, phone and Internet communication into a single unit, navigated by touch."
"CET-6 2018年12月真题（第一套） Section C Passage Two","It was a huge milestone in the development of smartphones, which are now owned by a majority of American adults and are increasingly common across the globe."
"CET-6 2018年12月真题（第一套） Section C Passage Two","As smartphones have multiplied, so have questions about their impact on how we live and how we work."
"CET-6 2018年12月真题（第一套） Section C Passage Two","Often the advantages of convenient, mobile technology are both obvious and taken for granted, leaving more subtle topics for concerned discussion: Are smartphones disturbing children’s sleep?"
"CET-6 2018年12月真题（第一套） Section C Passage Two","Is an inability to get away from work having a negative impact on health?"
"CET-6 2018年12月真题（第一套） Section C Passage Two","And what are the implications for privacy?"
"CET-6 2018年12月真题（第一套） Section C Passage Two","But today, on the 10th anniversary of the iPhone, let’s take a moment to consider a less obvious advantage: the potential for smartphone technology to revolutionize behavioral science."
"CET-6 2018年12月真题（第一套） Section C Passage Two","That’s because, for the first time in human history, a large proportion of the species is in continuous contact with technology that can record key features of an individual’s behavior and environment."
"CET-6 2018年12月真题（第一套） Section C Passage Two","Researchers have already begun to use smartphones in social scientific research, either to query people regularly as they engage in their normal lives or to record activity using the device’s built-in sensors."
"CET-6 2018年12月真题（第一套） Section C Passage Two","These studies are confirming, challenging and extending what’s been found using more traditional approaches, in which people report how they behaved in real life or participate in relatively short and artificial laboratory-based tasks."
"CET-6 2018年12月真题（第一套） Section C Passage Two","Such studies are just first steps."
"CET-6 2018年12月真题（第一套） Section C Passage Two","As more data are collected and methods for analysis improve, researchers will be in a better position to identify how different experiences, behaviors and environments relate to each other and evolve over time, with the potential to improve people’s productivity and wellbeing in a variety of domains."
"CET-6 2018年12月真题（第一套） Section C Passage Two","Beyond revealing population-wide patterns, the right combination of data and analysis can also help individuals identify unique characteristics of their own behavior, including conditions that could indicate the need for some form of intervention—such as an unusual increase in behaviors that signal a period of depression."
"CET-6 2018年12月真题（第一套） Section C Passage Two","Smartphone-based data collection comes at an appropriate time in the evolution of psychological science."
"CET-6 2018年12月真题（第一套） Section C Passage Two","Today, the field is in transition, moving away from a focus on laboratory studies with undergraduate participants towards more complex, real-world situations studied with more diverse groups of people."
"CET-6 2018年12月真题（第一套） Section C Passage Two","Smartphones offer new tools for achieving these ambitions, providing rich data about everyday behaviors in a variety of contexts."
"CET-6 2018年12月真题（第一套） Section C Passage Two","So here’s another way in which smartphones might transform the way we live and work: by offering insights into human psychology and behavior and, thus, supporting smarter social science."
"CET-6 2019年6月真题（第一套） Section C Passage One","Professor Stephen Hawking has warned that the creation of powerful artificial intelligence (AI) will be “either the best, or the worst thing, ever to happen to humanity”, and praised the creation of an academic institute dedicated to researching the future of intelligence as “crucial to the future of our civilisation and our species”."
"CET-6 2019年6月真题（第一套） Section C Passage One","Hawking was speaking at the opening of the Leverhulme Centre for the Future of Intelligence (LCFI) at Cambridge University, a multi-disciplinary institute that will attempt to tackle some of the open-ended questions raised by the rapid pace of development in AI research."
"CET-6 2019年6月真题（第一套） Section C Passage One","“We spend a great deal of time studying history,” Hawking said, “which, let’s face it, is mostly the history of stupidity.”"
"CET-6 2019年6月真题（第一套） Section C Passage One","“So it’s a welcome change that people are studying instead the future of intelligence.”"
"CET-6 2019年6月真题（第一套） Section C Passage One","While the world-renowned physicist has often been cautious about AI, raising concerns that humanity could be the architect of its own destruction if it creates a super-intelligence with a will of its own, he was also quick to highlight the positives that AI research can bring."
"CET-6 2019年6月真题（第一套） Section C Passage One","“The potential benefits of creating intelligence are huge,” he said."
"CET-6 2019年6月真题（第一套） Section C Passage One","“We cannot predict what we might achieve when our own minds are amplified by AI.”"
"CET-6 2019年6月真题（第一套） Section C Passage One","“Perhaps with the tools of this new technological revolution, we will be able to undo some of the damage done to the natural world by the last one—industrialization.”"
"CET-6 2019年6月真题（第一套） Section C Passage One","“And surely we will aim to finally eradicate disease and poverty.”"
"CET-6 2019年6月真题（第一套） Section C Passage One","“And every aspect of our lives will be transformed.”"
"CET-6 2019年6月真题（第一套） Section C Passage One","“In short, success in creating AI could be the biggest event in the history of our civilisation.”"
"CET-6 2019年6月真题（第一套） Section C Passage One","Huw Price, the centre’s academic director and the Bertrand Russell professor of philosophy at Cambridge University, where Hawking is also an academic, said that the centre came about partially as a result of the university’s Centre for Existential Risk."
"CET-6 2019年6月真题（第一套） Section C Passage One","That institute examined a wider range of potential problems for humanity, while the LCFI has a narrow focus."
"CET-6 2019年6月真题（第一套） Section C Passage One","AI pioneer Margaret Boden, professor of cognitive science at the University of Sussex, praised the progress of such discussions."
"CET-6 2019年6月真题（第一套） Section C Passage One","As recently as 2009, she said, the topic wasn’t taken seriously, even among AI researchers."
"CET-6 2019年6月真题（第一套） Section C Passage One","“AI is hugely exciting,” she said, “but it has limitations, which present grave dangers given uncritical use.”"
"CET-6 2019年6月真题（第一套） Section C Passage One","The academic community is not alone in warning about the potential dangers of AI as well as the potential benefits."
"CET-6 2019年6月真题（第一套） Section C Passage One","A number of pioneers from the technology industry, most famously the entrepreneur Elon Musk, have also expressed their concerns about the damage that a super-intelligent AI could do to humanity."
"CET-6 2019年6月真题（第一套） Section C Passage Two","The market for products designed specifically for older adults could reach $30 billion by next year, and startups want in on the action."
"CET-6 2019年6月真题（第一套） Section C Passage Two","What they sometimes lack is feedback from the people who they hope will use their products."
"CET-6 2019年6月真题（第一套） Section C Passage Two","So Brookdale, the country’s largest owner of retirement communities, has been inviting a few select entrepreneurs just to move in for a few days, show off their products and hear what the residents have to say."
"CET-6 2019年6月真题（第一套） Section C Passage Two","That’s what brought Dayle Rodriguez, 28, all the way from England to the dining room of Brookdale South Bay in Torrance, California."
"CET-6 2019年6月真题（第一套） Section C Passage Two","Rodriguez is the community and marketing manager for a company called Sentab."
"CET-6 2019年6月真题（第一套） Section C Passage Two","The startup’s product, SentabTV, enables older adults who may not be comfortable with computers to access email, video chat and social media using just their televisions and a remote control."
"CET-6 2019年6月真题（第一套） Section C Passage Two","“It’s nothing new, it’s nothing too complicated and it’s natural because lots of people have TV remotes,” says Rodriguez."
"CET-6 2019年6月真题（第一套） Section C Passage Two","But none of that is the topic of conversation in the Brookdale dining room."
"CET-6 2019年6月真题（第一套） Section C Passage Two","Instead, Rodriguez solicits residents’ advice on what he should get on his cheeseburger and how he should spend the afternoon."
"CET-6 2019年6月真题（第一套） Section C Passage Two","Playing cards was on the agenda, as well as learning to play mahjong."
"CET-6 2019年6月真题（第一套） Section C Passage Two","Rodriguez says it’s important that residents here don’t feel like he’s selling them something."
"CET-6 2019年6月真题（第一套） Section C Passage Two","“I’ve had more feedback in a passive approach,” he says."
"CET-6 2019年6月真题（第一套） Section C Passage Two","“Playing pool, playing cards, having dinner, having lunch,” all work better “than going through a survey of questions.”"
"CET-6 2019年6月真题（第一套） Section C Passage Two","“When they get to know me and to trust me, knowing for sure I’m not selling them something—there’ll be more honest feedback from them.”"
"CET-6 2019年6月真题（第一套） Section C Passage Two","Rodriguez is just the seventh entrepreneur to move into one of Brookdale’s 1,100 senior living communities."
"CET-6 2019年6月真题（第一套） Section C Passage Two","Other new products in the program have included a kind of full-body blow dryer and specially designed clothing that allows people with disabilities to dress and undress themselves."
"CET-6 2019年6月真题（第一套） Section C Passage Two","Mary Lou Busch, 93, agreed to try the Sentab system."
"CET-6 2019年6月真题（第一套） Section C Passage Two","She tells Rodriguez that it might be good for someone, but not for her."
"CET-6 2019年6月真题（第一套） Section C Passage Two","“I have the computer and FaceTime, which I talk with my family on,” she explains."
"CET-6 2019年6月真题（第一套） Section C Passage Two","She also has an iPad and a smartphone."
"CET-6 2019年6月真题（第一套） Section C Passage Two","“So I do pretty much everything I need to do.”"
"CET-6 2019年6月真题（第一套） Section C Passage Two","To be fair, if Rodriguez had wanted feedback from some more technophobic seniors, he might have ended up in the wrong Brookdale community."
"CET-6 2019年6月真题（第一套） Section C Passage Two","This one is located in the heart of Southern California’s aerospace corridor."
"CET-6 2019年6月真题（第一套） Section C Passage Two","Many residents have backgrounds in engineering, business and academic circles."
"CET-6 2019年6月真题（第一套） Section C Passage Two","But Rodriguez says he’s still learning something important by moving into this Brookdale community: “People are more tech-proficient than we thought.”"
"CET-6 2019年6月真题（第一套） Section C Passage Two","And besides, where else would he learn to play mahjong?"
"CET-6 2019年6月真题（第二套） Section C Passage One","Effective Friday, Screen Actors Guild-American Federation of Television and Radio Artists (SAG-AFTRA) has declared a strike against 11 video game publishers over games that went into production after Feb. 17, 2015."
"CET-6 2019年6月真题（第二套） Section C Passage One","The companies include some of the heavyweights of the industry, like Electronic Arts Productions, Insomniac Games, Activision and Disney."
"CET-6 2019年6月真题（第二套） Section C Passage One","The strike comes in light of an unsuccessful 19 months of negotiations after the existing labor contract known as the Interactive Media Agreement expired in late 2014."
"CET-6 2019年6月真题（第二套） Section C Passage One","Overall, the strike is an effort to provide more secondary compensation along with other concerns, such as transparency upon hiring talent and on-set safety precautions."
"CET-6 2019年6月真题（第二套） Section C Passage One","The video gaming industry has ballooned in recent years."
"CET-6 2019年6月真题（第二套） Section C Passage One","The Los Angeles Times reports that the industry is in the midst of an intense increase in cash flow."
"CET-6 2019年6月真题（第二套） Section C Passage One","In 2015, gaming produced $23.5 billion in domestic revenue."
"CET-6 2019年6月真题（第二套） Section C Passage One","But SAG-AFTRA says voice actors don’t receive residuals for their gaming work."
"CET-6 2019年6月真题（第二套） Section C Passage One","Instead, they receive a fixed rate, which is typically about $825 for a standard four-hour vocal session."
"CET-6 2019年6月真题（第二套） Section C Passage One","So the voice actors are pushing for the idea of secondary compensation—a performance bonus every time a game sells 2 million copies or downloads, or reaches 2 million subscribers, with a cap at 8 million."
"CET-6 2019年6月真题（第二套） Section C Passage One","“It’s a very small number of games that would trigger this secondary compensation issue,” said voice actor Crispin Freeman, who’s a member of the union’s negotiating committee."
"CET-6 2019年6月真题（第二套） Section C Passage One","“This is an important aspect of what it means to be a freelance performer, who isn’t regularly employed every single day working on projects.”"
"CET-6 2019年6月真题（第二套） Section C Passage One","Another major complaint from the actors is the secrecy of the industry."
"CET-6 2019年6月真题（第二套） Section C Passage One","“I can’t imagine if there’s any other acting job in the world where you don’t know what show you’re in, when you’re hired,” says voice actor Keythe Farley, who chairs the SAG-AFTRA negotiating committee."
"CET-6 2019年6月真题（第二套） Section C Passage One","“And yet that happens every day in the video game world,” Farley told reporters during a press conference Friday."
"CET-6 2019年6月真题（第二套） Section C Passage One","“I was a main character in Fallout 4, a character by the name of Kellogg, and I never knew that I was doing vocal recording for that game throughout the year and a half.”"
"CET-6 2019年6月真题（第二套） Section C Passage One","Scott Witlin, the lawyer representing the video game companies, says voice actors “represent less than one tenth of 1 percent of the work that goes into making a video game.”"
"CET-6 2019年6月真题（第二套） Section C Passage One","So “even though they’re the top craftsmen in their field,” Witlin says, “if we pay them under a vastly different system than the people who do the 99.9 percent of the work, that’s going to create far more problems for the video game companies.”"
"CET-6 2019年6月真题（第二套） Section C Passage Two","Officials at the White House announced a new space policy focused on managing the increasing number of satellites that companies and governments are launching into space."
"CET-6 2019年6月真题（第二套） Section C Passage Two","Space Policy Directive-3 lays out general guidelines for the United States to mitigate the effects of space debris and track and manage traffic in space."
"CET-6 2019年6月真题（第二套） Section C Passage Two","This policy sets the stage for the Department of Commerce to take over the management of traffic in space."
"CET-6 2019年6月真题（第二套） Section C Passage Two","The department will make sure that newly launched satellites don’t use radio frequencies that would interfere with existing satellites, and schedule when such new satellites can be launched."
"CET-6 2019年6月真题（第二套） Section C Passage Two","This only applies to American space activities, but the hope is that it will help standardize a set of norms in the dawning commercial spaceflight industry throughout the world."
"CET-6 2019年6月真题（第二套） Section C Passage Two","Space, especially the space directly around our planet, is getting more crowded as more governments and companies launch satellites."
"CET-6 2019年6月真题（第二套） Section C Passage Two","One impetus for the policy is that companies are already starting to build massive constellations, comprising hundreds or thousands of satellites with many moving parts among them."
"CET-6 2019年6月真题（第二套） Section C Passage Two","With so much stuff in space, and a limited area around our planet, the government wants to reduce the chances of a collision."
"CET-6 2019年6月真题（第二套） Section C Passage Two","Two or more satellites slamming into each other could create many more out-of-control bits that would pose even more hazards to the growing collection of satellites in space."
"CET-6 2019年6月真题（第二套） Section C Passage Two","And it’s not like this hasn’t happened before."
"CET-6 2019年6月真题（第二套） Section C Passage Two","In 2009 an old Russian craft slammed into a communications satellite, creating a cloud of hundreds of pieces of debris and putting other hardware at risk."
"CET-6 2019年6月真题（第二套） Section C Passage Two","Journalist Sarah Scoles reports that NASA currently tracks about 24,000 objects in space, and in 2016 the Air Force had to issue 3,995,874 warnings to satellite owners alerting them to a potential nearby threat from another satellite or bit of debris."
"CET-6 2019年6月真题（第二套） Section C Passage Two","That’s why this new policy also includes directions to update the current U.S. Government Orbital Debris Mitigation Standard Practices, which already require any entity that launches a satellite or spacecraft to vigorously analyze the likelihood that any of their actions, from an unexpected failure or normal operations, will create more space debris."
"CET-6 2019年6月真题（第二套） Section C Passage Two","It includes accounting for any piece of debris they plan to release over 5mm that might stay in orbit for 25 years or more."
"CET-6 2019年6月真题（第二套） Section C Passage Two","It might seem surprising to think about an item staying in space for that long, but the oldest satellite still in orbit—Vanguard 1—turned 60 in 2018."
"CET-6 2019年6月真题（第二套） Section C Passage Two","Agencies and companies throughout the world are working on developing technology that would dispose of or capture space debris before it causes serious damage."
"CET-6 2019年6月真题（第二套） Section C Passage Two","But for now, the U.S. government is more focused on preventing new debris from forming than taking the trash out of orbit."
"CET-6 2019年6月真题（第三套） Section C Passage One","When I re-entered the full-time workforce a few years ago after a decade of solitary self-employment, there was one thing I was looking forward to the most: the opportunity to have work friends once again."
"CET-6 2019年6月真题（第三套） Section C Passage One","It wasn’t until I entered the corporate world that I realized, for me at least, being friends with colleagues didn’t emerge as a priority at all."
"CET-6 2019年6月真题（第三套） Section C Passage One","This is surprising when you consider the prevailing emphasis by scholars and trainers and managers on the importance of cultivating close interpersonal relationships at work."
"CET-6 2019年6月真题（第三套） Section C Passage One","So much research has explored the way in which collegial ties can help overcome a range of workplace issues affecting productivity and the quality of work output such as team-based conflict, jealousy, undermining, anger, and more."
"CET-6 2019年6月真题（第三套） Section C Passage One","Perhaps my expectations of lunches, water-cooler gossip and caring, deep-and-meaningful conversations were a legacy of the last time I was in that kind of office environment."
"CET-6 2019年6月真题（第三套） Section C Passage One","Whereas now, as I near the end of my fourth decade, I realize work can be fully functional and entirely fulfilling without needing to be best mates with the people sitting next to you."
"CET-6 2019年6月真题（第三套） Section C Passage One","In an academic analysis just published in the profoundly-respected Journal of Management, researchers have looked at the concept of “indifferent relationships”."
"CET-6 2019年6月真题（第三套） Section C Passage One","It’s a simple term that encapsulates the fact that relationships at work can reasonably be non-intimate, inconsequential, unimportant and even, dare I say it, disposable or substitutable."
"CET-6 2019年6月真题（第三套） Section C Passage One","Indifferent relationships are neither positive nor negative."
"CET-6 2019年6月真题（第三套） Section C Passage One","The limited research conducted thus far indicates they’re especially dominant among those who value independence over cooperation, and harmony over confrontation."
"CET-6 2019年6月真题（第三套） Section C Passage One","Indifference is also the preferred option among those who are socially lazy."
"CET-6 2019年6月真题（第三套） Section C Passage One","Maintaining relationships over the long term takes effort."
"CET-6 2019年6月真题（第三套） Section C Passage One","For some of us, too much effort."
"CET-6 2019年6月真题（第三套） Section C Passage One","As noted above, indifferent relationships may not always be the most helpful approach in resolving some of the issues that pop up at work."
"CET-6 2019年6月真题（第三套） Section C Passage One","But there are nonetheless several empirically proven benefits."
"CET-6 2019年6月真题（第三套） Section C Passage One","One of those is efficiency."
"CET-6 2019年6月真题（第三套） Section C Passage One","Less time chatting and socializing means more time working and churning."
"CET-6 2019年6月真题（第三套） Section C Passage One","The other is self-esteem."
"CET-6 2019年6月真题（第三套） Section C Passage One","As human beings, we’re primed to compare ourselves to each other in what is an anxiety-inducing phenomenon."
"CET-6 2019年6月真题（第三套） Section C Passage One","Apparently, we look down on acquaintances more so than friends."
"CET-6 2019年6月真题（第三套） Section C Passage One","Since the former is most common among those inclined towards indifferent relationships, their predominance can bolster individuals’ sense of self-worth."
"CET-6 2019年6月真题（第三套） Section C Passage One","Ego aside, a third advantage is that the emotional neutrality of indifferent relationships has been found to enhance critical evaluation, to strengthen one’s focus on task resolution, and to gain greater access to valuable information."
"CET-6 2019年6月真题（第三套） Section C Passage One","None of that might be as fun as after-work socializing but, hey, I’ll take it anyway."
"CET-6 2019年6月真题（第三套） Section C Passage Two","In a few decades, artificial intelligence (Al) will surpass many of the abilities that we believe make us special."
"CET-6 2019年6月真题（第三套） Section C Passage Two","This is a grand challenge for our age and it may require an “irrational” response."
"CET-6 2019年6月真题（第三套） Section C Passage Two","One of the most significant pieces of news from the US in early 2017 was the efforts of Google to make autonomous driving a reality."
"CET-6 2019年6月真题（第三套） Section C Passage Two","According to a report, Google’s self-driving cars clocked 1,023,330 km, and required human intervention 124 times."
"CET-6 2019年6月真题（第三套） Section C Passage Two","That is one intervention about every 8,047 km of autonomous driving."
"CET-6 2019年6月真题（第三套） Section C Passage Two","But even more impressive is the progress in just a single year: human interventions fell from 0.8 times per thousand miles to 0.2, a 400% improvement."
"CET-6 2019年6月真题（第三套） Section C Passage Two","With such progress, Google’s cars will easily surpass my own driving ability later this year."
"CET-6 2019年6月真题（第三套） Section C Passage Two","Driving once seemed to be a very human skill."
"CET-6 2019年6月真题（第三套） Section C Passage Two","But we said that about chess, too."
"CET-6 2019年6月真题（第三套） Section C Passage Two","Then a computer beat the human world champion, repeatedly."
"CET-6 2019年6月真题（第三套） Section C Passage Two","The board game Go took over from chess as a new test for human thinking in 2016, when a computer beat one of the world’s leading professional Go players."
"CET-6 2019年6月真题（第三套） Section C Passage Two","With computers conquering what used to be deeply human tasks, what will it mean in the future to be human?"
"CET-6 2019年6月真题（第三套） Section C Passage Two","I worry about my six-year-old son."
"CET-6 2019年6月真题（第三套） Section C Passage Two","What will his place be in a world where machines beat us in one area after another?"
"CET-6 2019年6月真题（第三套） Section C Passage Two","He’ll never calculate faster, never drive better, or even fly more safely."
"CET-6 2019年6月真题（第三套） Section C Passage Two","Actually, it all comes down to a fairly simple question: What’s so special about us?"
"CET-6 2019年6月真题（第三套） Section C Passage Two","It can’t be skills like arithmetic, which machines already excel in."
"CET-6 2019年6月真题（第三套） Section C Passage Two","So far, machines have a pretty hard time emulating creativity, arbitrary enough not to be predicted by a computer, and yet more than simple randomness."
"CET-6 2019年6月真题（第三套） Section C Passage Two","Perhaps, if we continue to improve information-processing machines, we’ll soon have helpful rational assistants."
"CET-6 2019年6月真题（第三套） Section C Passage Two","So we must aim to complement the rationality of the machine, rather than to compete with it."
"CET-6 2019年6月真题（第三套） Section C Passage Two","If I’m right, we should foster a creative spirit because a dose of illogical creativity will complement the rationality of the machine."
"CET-6 2019年6月真题（第三套） Section C Passage Two","Unfortunately, however, our education system has not caught up to the approaching reality."
"CET-6 2019年6月真题（第三套） Section C Passage Two","Indeed, our schools and universities are structured to mould pupils to be mostly obedient servants of rationality, and to develop outdated skills in interacting with outdated machines."
"CET-6 2019年6月真题（第三套） Section C Passage Two","We need to help our children learn how to best work with smart computers to improve human decision-making."
"CET-6 2019年6月真题（第三套） Section C Passage Two","But most of all we need to keep the long-term perspective in mind: that even if computers will outsmart us, we can still be the most creative."
"CET-6 2019年6月真题（第三套） Section C Passage Two","Because if we aren’t, we won’t be providing much value in future ecosystems, and that may put in question the foundation for our existence."
"CET-6 2019年12月真题（第一套） Section C Passage One","Schools are not just a microcosm of society; they mediate it too."
"CET-6 2019年12月真题（第一套） Section C Passage One","The best seek to alleviate the external pressures on their pupils while equipping them better to understand and handle the world outside—at once sheltering them and broadening their horizons."
"CET-6 2019年12月真题（第一套） Section C Passage One","This is ambitious in any circumstances, and in a divided and unequal society the two ideals can clash outright."
"CET-6 2019年12月真题（第一套） Section C Passage One","Trips that many adults would consider the adventure of a lifetime—treks in Borneo, a sports tour to Barbados—appear to have become almost routine at some state schools."
"CET-6 2019年12月真题（第一套） Section C Passage One","Parents are being asked for thousands of pounds."
"CET-6 2019年12月真题（第一套） Section C Passage One","Though schools cannot profit from these trips, the companies that arrange them do."
"CET-6 2019年12月真题（第一套） Section C Passage One","Meanwhile, pupils arrive at school hungry because their families can’t afford breakfast."
"CET-6 2019年12月真题（第一套） Section C Passage One","The Child Poverty Action Group says nine out of 30 in every classroom fall below the poverty line."
"CET-6 2019年12月真题（第一套） Section C Passage One","The discrepancy is startlingly apparent."
"CET-6 2019年12月真题（第一套） Section C Passage One","Introducing a fundraising requirement for students does not help, as better-off children can tap up richer aunts and neighbours."
"CET-6 2019年12月真题（第一套） Section C Passage One","Probing the rock pools of a local beach or practising French on a language exchange can fire children’s passions, boost their skills and open their eyes to life’s possibilities."
"CET-6 2019年12月真题（第一套） Section C Passage One","Educational outings help bright but disadvantaged students to get better scores in A-level tests."
"CET-6 2019年12月真题（第一套） Section C Passage One","In this globalised age, there is a good case for international travel, and some parents say they can manage the cost of a school trip abroad more easily than a family holiday."
"CET-6 2019年12月真题（第一套） Section C Passage One","Even in the face of immense and mounting financial pressures, some schools have shown remarkable determination and ingenuity in ensuring that all their pupils are able to take up opportunities that may be truly life-changing."
"CET-6 2019年12月真题（第一套） Section C Passage One","They should be applauded."
"CET-6 2019年12月真题（第一套） Section C Passage One","Methods such as whole-school fundraising, with the proceeds pooled, can help to extend opportunities and fuel community spirit."
"CET-6 2019年12月真题（第一套） Section C Passage One","But £3,000 trips cannot be justified when the average income for families with children is just over £30,000."
"CET-6 2019年12月真题（第一套） Section C Passage One","Such initiatives close doors for many pupils."
"CET-6 2019年12月真题（第一套） Section C Passage One","Some parents pull their children out of school because of expensive field trips."
"CET-6 2019年12月真题（第一套） Section C Passage One","Even parents who can see that a trip is little more than a party or celebration may well feel guilt that their child is left behind."
"CET-6 2019年12月真题（第一套） Section C Passage One","The Department for Education’s guidance says schools can charge only for board and lodging if the trip is part of the syllabus, and that students receiving government aid are exempt from these costs."
"CET-6 2019年12月真题（第一套） Section C Passage One","However, many schools seem to ignore the advice; and it does not cover the kind of glamorous, exotic trips, which are becoming increasingly common."
"CET-6 2019年12月真题（第一套） Section C Passage One","Schools cannot be expected to bring together communities single-handed."
"CET-6 2019年12月真题（第一套） Section C Passage One","But the least we should expect is that they do not foster divisions and exclude those who are already disadvantaged."
"CET-6 2019年12月真题（第一套） Section C Passage Two","Rising temperatures and overfishing in the pristine waters around the Antarctic could see king penguin populations pushed to the brink of extinction by the end of the century, according to a new study."
"CET-6 2019年12月真题（第一套） Section C Passage Two","The study’s report states that as global warming transforms the environment in the world’s last great wilderness, 70 percent of king penguins could either disappear or be forced to find new breeding grounds."
"CET-6 2019年12月真题（第一套） Section C Passage Two","Co-author Céline Le Bohec, from the University of Strasbourg in France, warned: “If there’re no actions aimed at halting or controlling global warming, and the pace of the current human-induced changes such as climate change and overfishing stays the same, the species may soon disappear.”"
"CET-6 2019年12月真题（第一套） Section C Passage Two","The findings come amid growing concern over the future of the Antarctic."
"CET-6 2019年12月真题（第一套） Section C Passage Two","Earlier this month a separate study found that a combination of climate change and industrial fishing is threatening the krill population in Antarctic waters, with a potentially disastrous impact on whales, seals and penguins."
"CET-6 2019年12月真题（第一套） Section C Passage Two","But today’s report is the starkest warning yet of the potentially devastating impact of climate change and human exploitation on the Antarctic’s delicate ecosystems."
"CET-6 2019年12月真题（第一套） Section C Passage Two","Le Bohec said: “Unless current greenhouse gas emissions drop, 70 percent of king penguins—1.1 million breeding pairs—will be forced to relocate their breeding grounds, or face extinction by 2100.”"
"CET-6 2019年12月真题（第一套） Section C Passage Two","King penguins are the second-largest type of penguin and only breed on specific isolated islands in the Southern Ocean where there is no ice cover and easy access to the sea."
"CET-6 2019年12月真题（第一套） Section C Passage Two","As the ocean warms, a body of water called the Antarctic Polar Front—an upward movement of nutrient-rich sea that supports a huge abundance of marine life—is being pushed further south."
"CET-6 2019年12月真题（第一套） Section C Passage Two","This means that king penguins, which feed on fish and krill in this body of water, have to travel further to their feeding grounds, leaving their hungry chicks for longer."
"CET-6 2019年12月真题（第一套） Section C Passage Two","And as the distance between their breeding grounds and their food grows, entire colonies could be wiped out."
"CET-6 2019年12月真题（第一套） Section C Passage Two","Le Bohec said: “The plight of the king penguin should serve as a warning about the future of the entire marine environment in the Antarctic.”"
"CET-6 2019年12月真题（第一套） Section C Passage Two","“Penguins, like other seabirds and marine mammals, occupy higher levels in the food chain and they are what we call bio-indicators of their ecosystems.”"
"CET-6 2019年12月真题（第一套） Section C Passage Two","Penguins are sensitive indicators of changes in marine ecosystems."
"CET-6 2019年12月真题（第一套） Section C Passage Two","As such, they are key species for understanding and predicting impacts of global change on Antarctic and sub-Antarctic marine ecosystems."
"CET-6 2019年12月真题（第一套） Section C Passage Two","The report found that although some king penguins may be able to relocate to new breeding grounds closer to their retreating food source, suitable new habitats would be scarce."
"CET-6 2019年12月真题（第一套） Section C Passage Two","Only a handful of islands in the Southern Ocean are suitable for sustaining large breeding colonies."
"CET-6 2019年12月真题（第二套） Section C Passage One","“The dangerous thing about lying is people don’t understand how the act changes us,” says Dan Ariely, behavioural psychologist at Duke University."
"CET-6 2019年12月真题（第二套） Section C Passage One","Psychologists have documented children lying as early as the age of two."
"CET-6 2019年12月真题（第二套） Section C Passage One","Some experts even consider lying a developmental milestone, like crawling and walking, because it requires sophisticated planning, attention and the ability to see a situation from someone else’s perspective to manipulate them."
"CET-6 2019年12月真题（第二套） Section C Passage One","But, for most people, lying gets limited as we develop a sense of morality and the ability to self-regulate."
"CET-6 2019年12月真题（第二套） Section C Passage One","Harvard cognitive neuroscientist Joshua Greene says, for most of us, lying takes work."
"CET-6 2019年12月真题（第二套） Section C Passage One","In studies, he gave subjects a chance to deceive for monetary gain while examining their brains in a functional MRI machine, which maps blood flow to active parts of the brain."
"CET-6 2019年12月真题（第二套） Section C Passage One","Some people told the truth instantly and instinctively."
"CET-6 2019年12月真题（第二套） Section C Passage One","But others opted to lie, and they showed increased activity in their frontal parietal control network, which is involved in difficult or complex thinking."
"CET-6 2019年12月真题（第二套） Section C Passage One","This suggests that they were deciding between truth and dishonesty—and ultimately opting for the latter."
"CET-6 2019年12月真题（第二套） Section C Passage One","For a follow-up analysis, he found that people whose neural reward centers were more active when they won money were also more likely to be among the group of liars—suggesting that lying may have to do with the inability to resist temptation."
"CET-6 2019年12月真题（第二套） Section C Passage One","External conditions also matter in terms of when and how often we lie."
"CET-6 2019年12月真题（第二套） Section C Passage One","We are more likely to lie, research shows, when we are able to rationalise it, when we are stressed and fatigued or see others being dishonest."
"CET-6 2019年12月真题（第二套） Section C Passage One","And we are less likely to lie when we have moral reminders or when we think others are watching."
"CET-6 2019年12月真题（第二套） Section C Passage One","“We as a society need to understand that, when we don’t punish lying, we increase the probability it will happen again,” Ariely said."
"CET-6 2019年12月真题（第二套） Section C Passage One","In a 2016 study published in the journal Nature Neuroscience, Ariely and colleagues showed how dishonesty alters people’s brains, making it easier to tell lies in the future."
"CET-6 2019年12月真题（第二套） Section C Passage One","When people uttered a falsehood, the scientists noticed a burst of activity in their amygdala."
"CET-6 2019年12月真题（第二套） Section C Passage One","The amygdala is a crucial part of the brain that produces fear, anxiety and emotional responses—including that sinking, guilty feeling you get when you lie."
"CET-6 2019年12月真题（第二套） Section C Passage One","But when scientists had their subjects play a game in which they won money by deceiving their partner, they noticed the negative signals from the amygdala began to decrease."
"CET-6 2019年12月真题（第二套） Section C Passage One","Not only that, but when people faced no consequences for dishonesty, their falsehoods tended to get even more sensational."
"CET-6 2019年12月真题（第二套） Section C Passage One","This means that if you give people multiple opportunities to lie for their own benefit, they start with little lies which get bigger over time."
"CET-6 2019年12月真题（第二套） Section C Passage Two","Here’s how the Pacific Northwest is preparing for “The Big One”."
"CET-6 2019年12月真题（第二套） Section C Passage Two","It’s the mother of all disaster drills for what could be the worst disaster in American history."
"CET-6 2019年12月真题（第二套） Section C Passage Two","California has spent years preparing for “The Big One”—the inevitable earthquake that will undoubtedly unleash all kinds of havoc along the famous San Andreas fault."
"CET-6 2019年12月真题（第二套） Section C Passage Two","But what if the fault that runs along the Pacific Northwest delivers a gigantic earthquake of its own?"
"CET-6 2019年12月真题（第二套） Section C Passage Two","If the people of the Cascadia region have anything to do with it, they won’t be caught unawares."
"CET-6 2019年12月真题（第二套） Section C Passage Two","The region is engaged in a multi-day earthquake-and-tsunami drill involving around 20,000 people."
"CET-6 2019年12月真题（第二套） Section C Passage Two","The Cascadia Rising drill gives area residents and emergency responders a chance to practice what to do in case of a 9.0-magnitude earthquake and tsunami along one of the nation’s dangerous—and underestimated—faults."
"CET-6 2019年12月真题（第二套） Section C Passage Two","The Cascadia Earthquake Zone is big enough to compete with San Andreas (it’s been called the most dangerous fault in America), but it’s much lesser known than its California cousin."
"CET-6 2019年12月真题（第二套） Section C Passage Two","Nearly 700 miles long, the earthquake zone is located by the North American Plate off the coast of Pacific British Columbia, Washington, Oregon and Northern California."
"CET-6 2019年12月真题（第二套） Section C Passage Two","Cascadia is what’s known as a “megathrust” fault."
"CET-6 2019年12月真题（第二套） Section C Passage Two","Megathrusts are created in earthquake zones—land plate boundaries where two plates converge."
"CET-6 2019年12月真题（第二套） Section C Passage Two","In the areas where one plate is beneath another, stress builds up over time."
"CET-6 2019年12月真题（第二套） Section C Passage Two","During a megathrust event, all of that stress releases and some of the world’s most powerful earthquakes occur."
"CET-6 2019年12月真题（第二套） Section C Passage Two","Remember the 9.1 earthquake and tsunami in the Indian Ocean off Sumatra in 2004?"
"CET-6 2019年12月真题（第二套） Section C Passage Two","It was caused by a megathrust event as the India plate moved beneath the Burma micro-plate."
"CET-6 2019年12月真题（第二套） Section C Passage Two","The last time a major earthquake occurred along the Cascadia fault was in 1700, so officials worry that another event could occur any time."
"CET-6 2019年12月真题（第二套） Section C Passage Two","To prevent that event from becoming a catastrophe, first responders will join members of the public in rehearsals that involve communication, evacuation, search and rescue, and other scenarios."
"CET-6 2019年12月真题（第二套） Section C Passage Two","Thousands of casualties are expected if a 9.0 earthquake were to occur."
"CET-6 2019年12月真题（第二套） Section C Passage Two","First, the earthquake would shake metropolitan areas including Seattle and Portland."
"CET-6 2019年12月真题（第二套） Section C Passage Two","This could trigger a tsunami that would create havoc along the coast."
"CET-6 2019年12月真题（第二套） Section C Passage Two","Not all casualties can necessarily be prevented—but by coordinating across local, state, and even national borders, officials hope that the worst-case scenario can be averted."
"CET-6 2019年12月真题（第二套） Section C Passage Two","On the exercise’s website, officials explain that the report they prepare during this rehearsal will inform disaster management for years to come."
"CET-6 2019年12月真题（第二套） Section C Passage Two","For hundreds of thousands of Cascadia residents, “The Big One” isn’t a question of if, only when."
"CET-6 2019年12月真题（第二套） Section C Passage Two","And it’s never too early to get ready for the inevitable."
"CET-6 2019年12月真题（第三套） Section C Passage One","Last year, a child was born at a hospital in the UK with her heart outside her body."
"CET-6 2019年12月真题（第三套） Section C Passage One","Few babies survive this rare condition, and those who do must endure numerous operations and are likely to have complex needs."
"CET-6 2019年12月真题（第三套） Section C Passage One","When her mother was interviewed, three weeks after her daughter’s birth, she was asked if she was prepared for what might be a daunting task caring for her."
"CET-6 2019年12月真题（第三套） Section C Passage One","She answered without hesitation that, as far as she was concerned, this would be a “privilege”."
"CET-6 2019年12月真题（第三套） Section C Passage One","Rarely has there been a better example of the power of attitude, one of our most powerful psychological tools."
"CET-6 2019年12月真题（第三套） Section C Passage One","Our attitudes allow us to turn mistakes into opportunities, and loss into the chance for new beginnings."
"CET-6 2019年12月真题（第三套） Section C Passage One","An attitude is a settled way of thinking, feeling and/or behaving towards particular objects, people, events or ideologies."
"CET-6 2019年12月真题（第三套） Section C Passage One","We use our attitudes to filter, interpret and react to the world around us."
"CET-6 2019年12月真题（第三套） Section C Passage One","You weren’t born with attitudes; rather they are all learned, and this happens in a number of ways."
"CET-6 2019年12月真题（第三套） Section C Passage One","The most powerful influences occur during early childhood and include both what happened to you directly, and what those around you did and said in your presence."
"CET-6 2019年12月真题（第三套） Section C Passage One","As you acquire a distinctive identity, your attitudes are further refined by the behavior of those with whom you identify—your family, those of your gender and culture, and the people you admire, even though you may not know them personally."
"CET-6 2019年12月真题（第三套） Section C Passage One","Friendships and other important relationships become increasingly important, particularly during adolescence."
"CET-6 2019年12月真题（第三套） Section C Passage One","About that same time and throughout adulthood, the information you receive, especially when ideas are repeated in association with goals and achievements you find attractive, also refines your attitudes."
"CET-6 2019年12月真题（第三套） Section C Passage One","Many people assume that our attitudes are internally consistent, that is, the way you think and feel about someone or something predicts your behavior towards them."
"CET-6 2019年12月真题（第三套） Section C Passage One","However, many studies have found that feelings and thoughts don’t necessarily predict behavior."
"CET-6 2019年12月真题（第三套） Section C Passage One","In general, your attitudes will be internally consistent only when the behavior is easy, and when those around you hold similar beliefs."
"CET-6 2019年12月真题（第三套） Section C Passage One","That’s why, for example, many say they believe in the benefits of recycling or exercise, but don’t behave in line with their views, because it takes awareness, effort and courage to go beyond merely stating that you believe something is a good idea."
"CET-6 2019年12月真题（第三套） Section C Passage One","One of the most effective ways to change an attitude is to start behaving as if you already feel and think the way you’d prefer to."
"CET-6 2019年12月真题（第三套） Section C Passage One","Take some time to reflect on your attitudes, to think about what you believe and why."
"CET-6 2019年12月真题（第三套） Section C Passage One","Is there anything you consider a burden rather than a privilege?"
"CET-6 2019年12月真题（第三套） Section C Passage One","If so, start behaving—right now—as if the latter is the case."
"CET-6 2019年12月真题（第三套） Section C Passage Two","Industrial fishing for krill in the unspoilt waters around Antarctica is threatening the future of one of the world’s last great wildernesses, according to a new report."
"CET-6 2019年12月真题（第三套） Section C Passage Two","The study by Greenpeace analysed the movements of krill fishing vessels in the region and found they were increasingly operating “in the immediate vicinity of penguin colonies and whale-feeding grounds”."
"CET-6 2019年12月真题（第三套） Section C Passage Two","It also highlights incidents of fishing boats being involved in groundings, oil spills and accidents, which posed a serious threat to the Antarctic ecosystem."
"CET-6 2019年12月真题（第三套） Section C Passage Two","The report, published on Tuesday, comes amid growing concern about the impact of fishing and climate change on the Antarctic."
"CET-6 2019年12月真题（第三套） Section C Passage Two","A global campaign has been launched to create a network of ocean sanctuaries to protect the seas in the region and Greenpeace is calling for an immediate halt to fishing in areas being considered for sanctuary status."
"CET-6 2019年12月真题（第三套） Section C Passage Two","Frida Bengtsson from Greenpeace’s Protect the Antarctic campaign said: “If the krill industry wants to show it’s a responsible player, then it should be voluntarily getting out of any area which is being proposed as an ocean sanctuary, and should instead be backing the protection of these huge tracts of the Antarctic.”"
"CET-6 2019年12月真题（第三套） Section C Passage Two","A global campaign has been launched to turn a huge tract of Antarctic seas into ocean sanctuaries, protecting wildlife and banning not just krill fishing, but all fishing."
"CET-6 2019年12月真题（第三套） Section C Passage Two","One was created in the Ross Sea in 2016, another reserve is being proposed in a vast area of the Weddell Sea, and a third sanctuary is under consideration in the area west of the Antarctic Peninsula—a key krill fishing area."
"CET-6 2019年12月真题（第三套） Section C Passage Two","The Commission for the Conservation of Antarctic Marine Living Resources (CCAMLR) manages the seas around Antarctica."
"CET-6 2019年12月真题（第三套） Section C Passage Two","It will decide on the Weddell Sea sanctuary proposal at a conference in Australia in October, although a decision on the peninsula sanctuary is not expected until later."
"CET-6 2019年12月真题（第三套） Section C Passage Two","Keith Reid, a science manager at CCAMLR, said that the organisation sought “a balance between protection, conservation and sustainable fishing in the Southern Ocean.”"
"CET-6 2019年12月真题（第三套） Section C Passage Two","He said although more fishing was taking place nearer penguin colonies it was often happening later in the season when these colonies were empty."
"CET-6 2019年12月真题（第三套） Section C Passage Two","“The creation of a system of marine protected areas is a key part of ongoing scientific and policy discussions in CCAMLR,” he added."
"CET-6 2019年12月真题（第三套） Section C Passage Two","“Our long-term operation in the region depends on a healthy and thriving Antarctic marine ecosystem, which is why we have always had an open dialogue with the environmental non-governmental organisations.”"
"CET-6 2019年12月真题（第三套） Section C Passage Two","“We strongly intend to continue this dialogue, including talks with Greenpeace, to discuss improvements based on the latest scientific data.”"
"CET-6 2019年12月真题（第三套） Section C Passage Two","“We are not the ones to decide on the establishment of marine protected areas, but we hope to contribute positively with our knowledge and experience.”"
"CET-6 2020年7月真题 Section C Passage One","People often discuss the dangers of too much stress, but lately a very different view of stress is gaining popularity: this view of stress, held by members of the positive stress movement, argues that stress might actually be beneficial."
"CET-6 2020年7月真题 Section C Passage One","The positive stress movement is made up of people such as Zachary Rapp who are looking for an edge in a competitive world, and Rapp’s routine is a good example of followers of the movement."
"CET-6 2020年7月真题 Section C Passage One","He wakes up most mornings at dawn, goes for a run, sips black coffee while ripping through emails, and then steps into a freezing cold shower."
"CET-6 2020年7月真题 Section C Passage One","This is a routine designed to reduce the stress of running simultaneously three different health and biotechnology companies for 18 hours a day."
"CET-6 2020年7月真题 Section C Passage One","Although Rapp’s practices may sound extreme, he is part of a growing movement, consisting largely of tech industry workers who claim that such radical tactics will help them live better and longer."
"CET-6 2020年7月真题 Section C Passage One","Inspired by influential figures in different fields, including entertainers, athletes, entrepreneurs and scientists, positive stress practitioners seek out some combination of extreme temperatures, restrictive diets, punishing exercise routines and general discomfort."
"CET-6 2020年7月真题 Section C Passage One","Rapp argues that positive stress keeps him balanced."
"CET-6 2020年7月真题 Section C Passage One","In addition to running and freezing showers, Rapp uses ice baths, hot yoga, and unconventional eating practices such as eliminating dairy, sugar, alcohol and various other foods high in carbohydrates."
"CET-6 2020年7月真题 Section C Passage One","He believes that these practices, which put stress on his body, actually make him feel less stress from work."
"CET-6 2020年7月真题 Section C Passage One","However, Rapp does not credit anyone in particular for his choices: he said he started using these methods in college, where he got into the habit of taking ice baths to recover from sports."
"CET-6 2020年7月真题 Section C Passage One","He got back into it while trying to get his three companies off the ground."
"CET-6 2020年7月真题 Section C Passage One","Rapp works long hours and sleeps only five to seven hours a night but he said he only gets sick once a year."
"CET-6 2020年7月真题 Section C Passage One","For him, the difference between day-to-day stress, like the kind we feel when moving apartments, and positive stress is that the latter involves pushing the body to extremes and forcing it to build up a tolerance."
"CET-6 2020年7月真题 Section C Passage One","One thought leader in the positive stress world is Dutch extreme athlete Wim Hof, who earned the name “ice man” for his ability to withstand severe cold using deep breathing exercises."
"CET-6 2020年7月真题 Section C Passage One","Hof’s ideas have become popular among tech industry elites and, thanks to Hof, cold showers are now a trend; indeed, some even call it a form of therapy."
"CET-6 2020年7月真题 Section C Passage One","But it is important to note that not everyone agrees with these practitioners; indeed, some medical professionals argue that positive stress is not for everyone, and that it might even be dangerous for people who are unhealthy or older."
"CET-6 2020年7月真题 Section C Passage Two","Is hunting good or bad for the environment?"
"CET-6 2020年7月真题 Section C Passage Two","Like so many hot button issues, the answer to this question depends upon who you ask."
"CET-6 2020年7月真题 Section C Passage Two","On the one hand, some say, nothing could be more natural than hunting, and indeed just about every animal species—including humans—has been either predator or prey at some point in its evolution."
"CET-6 2020年7月真题 Section C Passage Two","And, ironic as it sounds, since humans have wiped out many animal predators, some see hunting as a natural way to reduce the herds of prey animals that now reproduce beyond the environment’s carrying capacity."
"CET-6 2020年7月真题 Section C Passage Two","On the other hand, many environmental and animal advocates see hunting as savage, arguing that it is morally wrong to kill animals, regardless of practical considerations."
"CET-6 2020年7月真题 Section C Passage Two","According to Glenn Kirk of the California-based The Animals’ Voice, hunting “causes immense suffering to individual wild animals...” and is “irrationally cruel because unlike natural predation, hunters kill for pleasure...”"
"CET-6 2020年7月真题 Section C Passage Two","He adds that, despite hunters’ claims that hunting keeps wildlife populations in balance, hunters’ license fees are used to “manipulate a few game species into overpopulation at the expense of a much larger number of non-game species, resulting in the loss of biological diversity, genetic integrity and ecological balance.”"
"CET-6 2020年7月真题 Section C Passage Two","Beyond moral issues, others contend that hunting is not practical."
"CET-6 2020年7月真题 Section C Passage Two","According to the Humane Society of the United States, the vast majority of hunted species—such as waterfowl, rabbits, upland birds and mourning doves—“provide minimal nutrition and do not require population control.”"
"CET-6 2020年7月真题 Section C Passage Two","Author Gary E. Varner suggests in his book, In Nature’s Interests, that some types of hunting may be morally justifiable while others may not be."
"CET-6 2020年7月真题 Section C Passage Two","Hunting “designed to secure the aggregate welfare of the target species, the integrity of its ecosystem, or both”—what Varner terms “therapeutic hunting”—is defensible, while subsistence and sport hunting both of which only benefit human beings—is not."
"CET-6 2020年7月真题 Section C Passage Two","Regardless of one’s individual stance, fewer Americans hunt today than in recent history."
"CET-6 2020年7月真题 Section C Passage Two","Data gathered by the U.S. Fish & Wildlife Service in 2006 show that only five percent of Americans—some 12.5 million individuals—consider themselves hunters today, down from nine percent in 2001 and 15 percent in 1996."
"CET-6 2020年7月真题 Section C Passage Two","Public support for hunting, however, is on the rise."
"CET-6 2020年7月真题 Section C Passage Two","A 2007 survey by Responsive Management Inc. found that eighty percent of respondents agreed that “hunting has a legitimate place in modern society,” and the percentage of Americans indicating disapproval of hunting declined from 22 percent in 1995 to 16 percent in 2007."
"CET-6 2020年7月真题 Section C Passage Two","Perhaps matching the trend among the public, green leaders are increasingly advocating cooperation between hunters and environmental groups: After all, both deplore urban sprawl and habitat destruction."
"CET-6 2020年9月真题（第一套） Section C Passage One","It is not controversial to say that unhealthy diet causes bad health."
"CET-6 2020年9月真题（第一套） Section C Passage One","Nor are the basic elements of healthy eating disputed."
"CET-6 2020年9月真题（第一套） Section C Passage One","Obesity raises susceptibility to cancer, and Britain is the sixth most obese country on Earth."
"CET-6 2020年9月真题（第一套） Section C Passage One","That is a public health emergency."
"CET-6 2020年9月真题（第一套） Section C Passage One","But naming the problem is the easy part."
"CET-6 2020年9月真题（第一套） Section C Passage One","No one disputes the costs in quality of life and depleted health budgets of an obese population, but the quest for solutions gets diverted by ideological arguments around responsibility and choice."
"CET-6 2020年9月真题（第一套） Section C Passage One","And the water is muddied by lobbying from the industries that profit from consumption of obesity-inducing products."
"CET-6 2020年9月真题（第一套） Section C Passage One","Historical precedent suggests that science and politics can overcome resistance from businesses that pollute and poison but it takes time, and success often starts small."
"CET-6 2020年9月真题（第一套） Section C Passage One","So it is heartening to note that a programme in Leeds has achieved a reduction in childhood obesity, becoming the first UK city to reverse a fattening trend."
"CET-6 2020年9月真题（第一套） Section C Passage One","The best results were among younger children and in more deprived areas."
"CET-6 2020年9月真题（第一套） Section C Passage One","When 28% of English children aged two to 15 are obese, a national shift on the scale achieved by Leeds would lengthen hundreds of thousands of lives."
"CET-6 2020年9月真题（第一套） Section C Passage One","A significant factor in the Leeds experience appears to be a scheme called HENRY, which helps parents reward behaviours that prevent obesity in children."
"CET-6 2020年9月真题（第一套） Section C Passage One","Many members of parliament are uncomfortable even with their own government’s anti-obesity strategy, since it involves a “sugar tax” and a ban on the sale of energy drinks to under-16s."
"CET-6 2020年9月真题（第一套） Section C Passage One","Bans and taxes can be blunt instruments, but their harshest critics can rarely suggest better methods."
"CET-6 2020年9月真题（第一套） Section C Passage One","These critics just oppose regulation itself."
"CET-6 2020年9月真题（第一套） Section C Passage One","The relationship between poor health and inequality is too pronounced for governments to be passive about large-scale intervention."
"CET-6 2020年9月真题（第一套） Section C Passage One","People living in the most deprived areas are four times more prone to die from avoidable causes than counterparts in more affluent places."
"CET-6 2020年9月真题（第一套） Section C Passage One","As the structural nature of public health problems becomes harder to ignore, the complaint about overprotective government loses potency."
"CET-6 2020年9月真题（第一套） Section C Passage One","In fact, the polarised debate over public health interventions should have been abandoned long ago."
"CET-6 2020年9月真题（第一套） Section C Passage One","Government action works when individuals are motivated to respond."
"CET-6 2020年9月真题（第一套） Section C Passage One","Individuals need governments that expand access to good choices."
"CET-6 2020年9月真题（第一套） Section C Passage One","The HENRY programme was delivered in part through children’s centres."
"CET-6 2020年9月真题（第一套） Section C Passage One","Closing such centres and cutting council budgets doesn’t magically increase reserves of individual self-reliance."
"CET-6 2020年9月真题（第一套） Section C Passage One","The function of a well-designed state intervention is not to deprive people of liberty but to build social capacity and infrastructure that helps people take responsibility for their wellbeing."
"CET-6 2020年9月真题（第一套） Section C Passage One","The obesity crisis will not have a solution devised by left or right ideology—but experience indicates that the private sector needs the incentive of regulation before it starts taking public health emergencies seriously."
"CET-6 2020年9月真题（第一套） Section C Passage Two","Home to virgin reefs, rare sharks and vast numbers of exotic fish, the Coral Sea is a unique haven of biodiversity off the northeastern coast of Australia."
"CET-6 2020年9月真题（第一套） Section C Passage Two","If a proposal by the Australian government goes ahead, the region will also become the world’s largest marine protected area, with restrictions or bans on fishing, mining and marine farming."
"CET-6 2020年9月真题（第一套） Section C Passage Two","The Coral Sea reserve would cover almost 990,000 square kilometres and stretch as far as 1,100 kilometres from the coast."
"CET-6 2020年9月真题（第一套） Section C Passage Two","Unveiled recently by environment minister Tony Burke, the proposal would be the last in a series of proposed marine reserves around Australia’s coast."
"CET-6 2020年9月真题（第一套） Section C Passage Two","But the scheme is attracting criticism from scientists and conservation groups, who argue that the government hasn’t gone far enough in protecting the Coral Sea, or in other marine reserves in the coastal network."
"CET-6 2020年9月真题（第一套） Section C Passage Two","Hugh Possingham, director of the Centre of Excellence for Environmental Decisions at the University of Queensland, points out that little more than half of the Coral Sea reserve is proposed as a ‘no take’ area, in which all fishing would be banned."
"CET-6 2020年9月真题（第一套） Section C Passage Two","The world’s largest existing marine reserve, established last year by the British government in the Indian Ocean, spans 544,000 km2 and is a no-take zone throughout."
"CET-6 2020年9月真题（第一套） Section C Passage Two","An alliance of campaigning conservation groups argues that more of the Coral Sea should receive this level of protection."
"CET-6 2020年9月真题（第一套） Section C Passage Two","“I would like to have seen more protection for coral reefs,” says Terry Hughes, director of the Centre of Excellence for Coral Reef Studies at James Cook University in Queensland."
"CET-6 2020年9月真题（第一套） Section C Passage Two","“More than 20 of them would be outside the no-take area and vulnerable to catch-and-release fishing”."
"CET-6 2020年9月真题（第一套） Section C Passage Two","As Nature went to press, the Australian government had not responded to specific criticisms of the plan."
"CET-6 2020年9月真题（第一套） Section C Passage Two","But Robin Beaman, a marine geologist at James Cook University, says that the reserve does “broadly protect the range of habitats” in the sea."
"CET-6 2020年9月真题（第一套） Section C Passage Two","“I can testify to the huge effort that government agencies and other organisations have put into trying to understand the ecological values of this vast area,” he says."
"CET-6 2020年9月真题（第一套） Section C Passage Two","Reserves proposed earlier this year for Australia’s southwestern and northwestern coastal regions have also been criticised for failing to give habitats adequate protection."
"CET-6 2020年9月真题（第一套） Section C Passage Two","In August, 173 marine scientists signed an open letter to the government saying they were “greatly concerned” that the proposals for the southwestern region had not been based on the “core science principles” of reserves—the protected regions were not, for instance, representative of all the habitats in the region, they said."
"CET-6 2020年9月真题（第一套） Section C Passage Two","Critics say that the southwestern reserve offers the greatest protection to the offshore areas where commercial opportunities are fewest and where there is little threat to the environment, a contention also levelled at the Coral Sea plan."
"CET-6 2020年9月真题（第二套） Section C Passage One","Danielle Steel, the 71-year-old romance novelist is notoriously productive, having published 179 books at a rate of up to seven a year."
"CET-6 2020年9月真题（第二套） Section C Passage One","But a passing reference in a recent profile by Glamour magazine to her 20-hour workdays prompted an outpouring of admiration."
"CET-6 2020年9月真题（第二套） Section C Passage One","Steel has given that 20-hour figure when describing her “exhausting” process in the past: “I start the book and don’t leave my desk until the first draft is finished.”"
"CET-6 2020年9月真题（第二套） Section C Passage One","She goes from bed, to desk, to bath, to bed, avoiding all contact aside from phone calls with her nine children."
"CET-6 2020年9月真题（第二套） Section C Passage One","“I don’t comb my hair for weeks,” she says."
"CET-6 2020年9月真题（第二套） Section C Passage One","Meals are brought to her desk, where she types until her fingers swell and her nails bleed."
"CET-6 2020年9月真题（第二套） Section C Passage One","The business news website Quartz held Steel up as an inspiration, writing that if only we all followed her “actually extremely liberating” example of industrious sleeplessness, we would be quick to see results."
"CET-6 2020年9月真题（第二套） Section C Passage One","Well, indeed."
"CET-6 2020年9月真题（第二套） Section C Passage One","With research results showing the cumulative effects of sleep loss and its impact on productivity, doubt has been voiced about the accuracy of Steel’s self-assessment."
"CET-6 2020年9月真题（第二套） Section C Passage One","Her output may be undeniable, but sceptics have suggested that she is guilty of erasing the role of ghostwriters at worst, gross exaggeration at best."
"CET-6 2020年9月真题（第二套） Section C Passage One","Steel says working 20 hours a day is “pretty brutal physically.”"
"CET-6 2020年9月真题（第二套） Section C Passage One","But is it even possible?"
"CET-6 2020年9月真题（第二套） Section C Passage One","“No,” says Maryanne Taylor of the Sleep Works."
"CET-6 2020年9月真题（第二套） Section C Passage One","While you could work that long, the impact on productivity would make it hardly worthwhile."
"CET-6 2020年9月真题（第二套） Section C Passage One","If Steel was routinely sleeping for four hours a night, she would be drastically underestimating the negative impact, says Alison Gardiner, founder of the sleep improvement program Sleepstation."
"CET-6 2020年9月真题（第二套） Section C Passage One","“It’s akin to being drunk.”"
"CET-6 2020年9月真题（第二套） Section C Passage One","It’s possible that Steel is exaggerating the demands of her schedule."
"CET-6 2020年9月真题（第二套） Section C Passage One","Self-imposed sleeplessness has “become a bit of a status symbol”, says Taylor, a misguided measure to prove how powerful and productive you are."
"CET-6 2020年9月真题（第二套） Section C Passage One","Margaret Thatcher was also said to get by on four hours a night, while the 130-hour work weeks endured by tech heads has been held up as key to their success."
"CET-6 2020年9月真题（第二套） Section C Passage One","That is starting to change with increased awareness of the importance of sleep for mental health."
"CET-6 2020年9月真题（第二套） Section C Passage One","“People are starting to realize that sleep should not be something that you fit in between everything else,” says Taylor."
"CET-6 2020年9月真题（第二套） Section C Passage One","But it is possible—if statistically extremely unlikely—that Steel could be born a “short sleeper” with an unusual body clock, says sleep expert Dr. Sophie Bostock."
"CET-6 2020年9月真题（第二套） Section C Passage One","“It’s probably present in fewer than 1% of the population.”"
"CET-6 2020年9月真题（第二套） Section C Passage One","Even if Steel does happen to be among that tiny minority, says Bostock, it’s “pretty irresponsible” to suggest that 20-hour days are simply a question of discipline for the rest of us."
"CET-6 2020年9月真题（第二套） Section C Passage Two","Organic agriculture is a relatively untapped resource for feeding the Earth’s population, especially in the face of climate change and other global challenges."
"CET-6 2020年9月真题（第二套） Section C Passage Two","That’s the conclusion I reached in reviewing 40 years of science comparing the long-term prospects of organic and conventional farming."
"CET-6 2020年9月真题（第二套） Section C Passage Two","The review study, “Organic Agriculture in the 21st Century,” is featured as the cover story for the February issue of the journal Nature Plants."
"CET-6 2020年9月真题（第二套） Section C Passage Two","It is the first to compare organic and conventional agriculture across the main goals of sustainability identified by the National Academy of Sciences: productivity, economics, and environment."
"CET-6 2020年9月真题（第二套） Section C Passage Two","Critics have long argued that organic agriculture is inefficient, requiring more land to yield the same amount of food."
"CET-6 2020年9月真题（第二套） Section C Passage Two","It’s true that organic farming produces lower yields, averaging 10 to 20 percent less than conventional."
"CET-6 2020年9月真题（第二套） Section C Passage Two","Advocates contend that the environmental advantages of organic agriculture far outweigh the lower yields, and that increasing research and breeding resources for organic systems would reduce the yield gap."
"CET-6 2020年9月真题（第二套） Section C Passage Two","Sometimes excluded from these arguments is the fact that we already produce enough food to more than feed the world’s 7.4 billion people but do not provide adequate access to all individuals."
"CET-6 2020年9月真题（第二套） Section C Passage Two","In some cases, organic yields can be higher than conventional."
"CET-6 2020年9月真题（第二套） Section C Passage Two","For example, in severe drought conditions, which are expected to increase with climate change in many areas, organic farms can produce as good, if not better, yields because of the higher water-holding capacity of organically farmed soils."
"CET-6 2020年9月真题（第二套） Section C Passage Two","What science does tell us is that mainstream conventional farming systems have provided growing supplies of food and other products but often at the expense of other sustainability goals."
"CET-6 2020年9月真题（第二套） Section C Passage Two","Conventional agriculture may produce more food, but it often comes at a cost to the environment."
"CET-6 2020年9月真题（第二套） Section C Passage Two","Biodiversity loss, environmental degradation, and severe impacts on ecosystem services have not only accompanied conventional farming systems but have often extended well beyond their field boundaries."
"CET-6 2020年9月真题（第二套） Section C Passage Two","With organic agriculture, environmental costs tend to be lower and the benefits greater."
"CET-6 2020年9月真题（第二套） Section C Passage Two","Overall, organic farms tend to store more soil carbon, have better soil quality, and reduce soil erosion compared to their conventional counterparts."
"CET-6 2020年9月真题（第二套） Section C Passage Two","Organic agriculture also creates less soil and water pollution and lower greenhouse gas emissions."
"CET-6 2020年9月真题（第二套） Section C Passage Two","And it’s more energy-efficient because it doesn’t rely on synthetic fertilizers or pesticides."
"CET-6 2020年9月真题（第二套） Section C Passage Two","Organic agriculture is also associated with greater biodiversity of plants, animals, insects and microorganisms as well as genetic diversity."
"CET-6 2020年9月真题（第二套） Section C Passage Two","Biodiversity increases the services that nature provides and improves the ability of farming systems to adapt to changing conditions."
"CET-6 2020年9月真题（第二套） Section C Passage Two","Despite lower yields, organic agriculture is more profitable for farmers because consumers are willing to pay more."
"CET-6 2020年9月真题（第二套） Section C Passage Two","Higher prices, called price premiums, can be justified as a way to compensate farmers for providing ecosystem services and avoiding environmental damage or external costs."
The Strategy of Protest and Revolution 1: Basic Elements (04/05/2020),"Because issues are ideas, they can reach people who are normally beyond a movement’s social or geographic environment."
The Strategy of Protest and Revolution 1: Basic Elements (04/05/2020),"A good issue turns those people into participants, allowing a movement to rapidly gain scale and establish a large base of support that establishments will find hard to ignore."
The Strategy of Protest and Revolution 1: Basic Elements (04/05/2020),"So what’s a good issue? The best problems tend to be things that the public actually recognizes as a problem, and an urgent one at that."
The Strategy of Protest and Revolution 1: Basic Elements (04/05/2020),"This combination usually only happens when there is some dramatic failure that focuses attention on the issue at hand."
The Strategy of Protest and Revolution 1: Basic Elements (04/05/2020),"Examples could be the Stonewall Riots for the US gay rights movement, or the Shah’s violent suppression of religious students in the Iranian Revolution."
The Strategy of Protest and Revolution 1: Basic Elements (04/05/2020),"A good solution is a bit more complicated."
The Strategy of Protest and Revolution 1: Basic Elements (04/05/2020),"One hypothesis is that the public compares the movement’s policy position with what the establishment is offering, which is usually the status quo."
The Strategy of Protest and Revolution 1: Basic Elements (04/05/2020),"If the movement’s solution isn’t that different to the establishment position, people won’t see enough benefit to overcome the costs of fighting the establishment."
The Strategy of Protest and Revolution 1: Basic Elements (04/05/2020),"On the other hand, if there is too much change, people will also worry that the result will wipe out the benefits they do get from the status quo, and again they won’t join."
The Strategy of Protest and Revolution 1: Basic Elements (04/05/2020),"So in the end, the most attractive solution is usually one that offers a moderate amount of change from the establishment position."
The Strategy of Protest and Revolution 1: Basic Elements (04/05/2020),"This is, of course, not what ideological purists want to hear."
The Strategy of Protest and Revolution 1: Basic Elements (04/05/2020),"But there are ways for them to win on issues."
The Strategy of Protest and Revolution 1: Basic Elements (04/05/2020),"They can, for example, radicalize in phases like the French Revolution, shifting into major changes one moderate step at a time; or they can frame their demands in moderate terms: Lenin’s Land, Bread and Peace instead of the Communist Manifesto."
The Strategy of Protest and Revolution 1: Basic Elements (04/05/2020),"Cynical, perhaps, but in the end, it’s all to maximize public participation, and that’s what issues are all about."
The Strategy of Protest and Revolution 1: Basic Elements (04/05/2020),"Let’s now turn to Organization, which focuses on the contribution part of the social movement process."
The Strategy of Protest and Revolution 1: Basic Elements (04/05/2020),"The idea of contribution works like this: a movement can attract a million participants, but if all they do is give verbal support, then that’s no real threat to the establishment."
The Strategy of Protest and Revolution 1: Basic Elements (04/05/2020),"It’s certainly less of a threat than 10,000 participants that reliably vote or strike or bomb if their demands are not met."
The Strategy of Protest and Revolution 1: Basic Elements (04/05/2020),"So contribution is basically how much and how far participants will act for the movement."
The Strategy of Protest and Revolution 1: Basic Elements (04/05/2020),"But action is inherently costly, whether in terms of sacrificing leisure time or facing down state suppression, and the average participant is generally not fanatical enough to bear this cost by themselves."
The Strategy of Protest and Revolution 1: Basic Elements (04/05/2020),"Organization helps by pooling, coordinating and distributing the collective resources that participants bring to the movement."
The Strategy of Protest and Revolution 1: Basic Elements (04/05/2020),"Good organization lowers the cost of action, which increases the frequency and extent of action and, in the end, the power that the movement generates per participant."
The Strategy of Protest and Revolution 1: Basic Elements (04/05/2020),"So what’s good organization? As this video series will show, it depends on the circumstances."
The Strategy of Protest and Revolution 1: Basic Elements (04/05/2020),"By themselves, top-town hierarchies with specializations and command structures tend to use resources more efficiently, especially compared with bottom-up networks of independent cells that duplicate processes and have to negotiate with each other to get things done."
The Strategy of Protest and Revolution 1: Basic Elements (04/05/2020),"That’s why movements in tolerant political environments tend to become bureaucracies, like European trade unions or the US National Rifle Association."
The Strategy of Protest and Revolution 1: Basic Elements (04/05/2020),"But in an intolerant environment, centralization would expose the movement to a crippling leadership strike, and in any case, the establishment wouldn’t have let the movement raise the resources to develop and maintain these expensive bureaucracies."
The Strategy of Protest and Revolution 1: Basic Elements (04/05/2020),"There is also an ideological aspect to organization."
The Strategy of Protest and Revolution 1: Basic Elements (04/05/2020),"Because bottom-up organization have weak or no centralized leadership, decisions tend to reflect a more moderate and flexible ideology that represents the majority of participants, which is, of course, an ideologue’s nightmare."
The Strategy of Protest and Revolution 1: Basic Elements (04/05/2020),"One thing to remember in social movements is that activists don’t just fight the establishment, they also fight each other, and that will be a recurring theme in this video series."
The Strategy of Protest and Revolution 1: Basic Elements (04/05/2020),"3 Types of Grand Strategy"
The Strategy of Protest and Revolution 1: Basic Elements (04/05/2020),"So, we’ve seen how issues and organization influence the social movement process."
The Strategy of Protest and Revolution 1: Basic Elements (04/05/2020),"Now, we’ll use them to analyze the three stages of social movement grand strategy, each exemplified by a major historical revolution."
The Strategy of Protest and Revolution 1: Basic Elements (04/05/2020),"The first stage is Spontaneous Uprising, exemplified by the French Revolution."
The Strategy of Protest and Revolution 1: Basic Elements (04/05/2020),"This is a high issue, low-organization grand strategy, where the movement positions itself on such a hot-button issue, that the public spontaneously and massively rises up in an explosion of support."
The Strategy of Protest and Revolution 1: Basic Elements (04/05/2020),"Because there is little organization, the movement doesn’t have much control over how participants act."
The Strategy of Protest and Revolution 1: Basic Elements (04/05/2020),"But if it works, it’s a simple and cheap path to victory."
The Strategy of Protest and Revolution 1: Basic Elements (04/05/2020),"The second stage is Mass Agitation, exemplified by the Russian Bolshevik Revolution."
The Strategy of Protest and Revolution 1: Basic Elements (04/05/2020),"This is a medium-issue, medium-organization grand strategy, where there is general discontent, but the public isn’t motivated or organized enough to deliver victory on the movement’s terms."
The Strategy of Protest and Revolution 1: Basic Elements (04/05/2020),"So the movement invests in a small ‘vanguard’, whose job is to, first, raise the public’s motivation on the issues; and second, to organize participants’ actions in a more effective direction."
The Strategy of Protest and Revolution 1: Basic Elements (04/05/2020),"What vanguards don’t do is order participants to act: instead, it makes the public’s spontaneous action more likely, more powerful, and more in line with the movement’s goals."
The Strategy of Protest and Revolution 1: Basic Elements (04/05/2020),"The final stage is Ideological Mobilization, exemplified by the Chinese Communist Revolution."
The Strategy of Protest and Revolution 1: Basic Elements (04/05/2020),"This is a low-issue, high-organization grand strategy, in that the movement doesn’t expect the public to act spontaneously on the issues."
The Strategy of Protest and Revolution 1: Basic Elements (04/05/2020),"Instead, people are brought into the movement for whatever reason, and only then will an extensive organization politically educate them on the issues."
The Strategy of Protest and Revolution 1: Basic Elements (04/05/2020),"This same organization will also direct all movement actions, acting like a mini-bureaucracy or army ready to pounce on the establishment whenever opportunity beckons."
The Strategy of Protest and Revolution 1: Basic Elements (04/05/2020),"Spontaneous Uprising, Mass Agitation, and Ideological Mobilization: it’s easy to treat them as evolutionary stages in movement grand strategy, and some sociologists do indeed see it that way."
The Strategy of Protest and Revolution 1: Basic Elements (04/05/2020),"But in practice, most successful movements, while focusing on one grand strategy, still contained elements of the other two; this is because each option has its own unique advantage, and anything that might make the formidable task of defeating the establishment easier should probably be pursued."
The Strategy of Protest and Revolution 1: Basic Elements (04/05/2020),"Action: Elements, Goals, WUNC"
The Strategy of Protest and Revolution 1: Basic Elements (04/05/2020),"Now that we’ve discussed social movement strategy at the most abstract level, and the decisions that have to be made within the social movement process, we can now go one level of analysis lower, and examine what social movements should prioritize when putting these decisions into practice."
The Strategy of Protest and Revolution 1: Basic Elements (04/05/2020),"Specifically, we’ll be focusing on the elements within social movement action."
The Strategy of Protest and Revolution 1: Basic Elements (04/05/2020),"A movement’s grand strategy will naturally come with a set of actions that are best suited to that grand strategy."
The Strategy of Protest and Revolution 1: Basic Elements (04/05/2020),"Spontaneous Uprisings prioritize actions that get the message out; Ideological Mobilizations, on the other hand, should leverage their organizational strength to conduct complex or long-term action."
The Strategy of Protest and Revolution 1: Basic Elements (04/05/2020),"Mass Agitations fall somewhere in between, focusing on limited coordinated actions, perhaps like a local strike."
The Strategy of Protest and Revolution 1: Basic Elements (04/05/2020),"We also need to acknowledge that effective actions rely quite a bit on luck and opportunity."
The Strategy of Protest and Revolution 1: Basic Elements (04/05/2020),"Because social movements can’t usually match the full strength or longevity of establishments, their success depends on having the right opportunities to exploit, particularly those where the establishment somehow cannot draw on its full power."
The Strategy of Protest and Revolution 1: Basic Elements (04/05/2020),"The best opportunities tend to arise within a broader extended window of opportunity, where the establishment’s power has already been on the downtrend for some time."
The Strategy of Protest and Revolution 1: Basic Elements (04/05/2020),"So grand strategy and opportunity structure what actions a movement should pursue and how effective they can be."
The Strategy of Protest and Revolution 1: Basic Elements (04/05/2020),"Within that structure, how can a movement ensure that its actions are as effective as possible?"
The Strategy of Protest and Revolution 1: Basic Elements (04/05/2020),"For this, we need to take an abstract concept that we’ve been using so far – power – and translate it into practical terms."
The Strategy of Protest and Revolution 1: Basic Elements (04/05/2020),"When a movement overpowers the establishment to achieve its political goals, that means two things."
The Strategy of Protest and Revolution 1: Basic Elements (04/05/2020),"Either the movement has coerced the establishment, by threatening costs on them if they refuse; or the movement has coopted the establishment, by promising benefits to them if they agree."
The Strategy of Protest and Revolution 1: Basic Elements (04/05/2020),"As usual, movements can and have done both things simultaneously."
The Strategy of Protest and Revolution 1: Basic Elements (04/05/2020),"A movement imposes costs on the establishment by disrupting normal routine, upsetting the process of daily life and forcing the establishment to take steps to restore order."
The Strategy of Protest and Revolution 1: Basic Elements (04/05/2020),"We all know how physical disruption looks like in the form of boycotting or rioting, but disruption can also be non-physical, like how the MeToo movement is forcing a re-examination of what was once accepted as part of work or life."
The Strategy of Protest and Revolution 1: Basic Elements (04/05/2020),"A few movements try and directly target the establishment for disruption, but the vast majority tend to indirectly target the establishment by going after its role as a manager of society, and disrupt the general public instead, in the hopes of forcing the establishment to get involved."
The Strategy of Protest and Revolution 1: Basic Elements (04/05/2020),"An establishment facing disruption has essentially 3 ways to respond."
The Strategy of Protest and Revolution 1: Basic Elements (04/05/2020),"If it believes that the costs of suppression don’t outweigh the costs of giving in, it’s likely to try and shut down the movement action."
The Strategy of Protest and Revolution 1: Basic Elements (04/05/2020),"But it can also believe that the costs of the disruption don’t outweigh the costs of giving in, in which case it might simply ignore the disruption."
The Strategy of Protest and Revolution 1: Basic Elements (04/05/2020),"What this means for a movement is this: to successfully coerce the establishment to give in – the third option – it’s not enough to just convince them that they will pay a heavy price for suppression, which is already an accepted fact in most political systems."
The Strategy of Protest and Revolution 1: Basic Elements (04/05/2020),"Movements also have to convince establishments that giving in is less costly than letting the disruption continue, which is probably the harder task these days, because the disruptive effects of so many traditional actions – protests, riots, boycotts – have been reduced, thanks to specialized crowd control, PR and other such techniques which have been developed for this very purpose."
The Strategy of Protest and Revolution 1: Basic Elements (04/05/2020),"Disruptive actions that are repeated for too long become normalized, and so movements have to constantly innovate and find new pressure points against the establishment."
The Strategy of Protest and Revolution 1: Basic Elements (04/05/2020),"On the other hand, a movement can deliver benefits to the establishment in two major ways."
The Strategy of Protest and Revolution 1: Basic Elements (04/05/2020),"The most obvious one is, of course, political support, but even then, movements have to work to ensure that that support is actually valuable."
The Strategy of Protest and Revolution 1: Basic Elements (04/05/2020),"Hundreds of issues vie for establishment or public attention every day, so a large part of co-opting the establishment is making the movement relevant in the first place."
The Strategy of Protest and Revolution 1: Basic Elements (04/05/2020),"Sometimes, this is about doing something to push your issue up the agenda; other times, this is about strategically consolidating and positioning the movement as a major voting bloc."
The Strategy of Protest and Revolution 1: Basic Elements (04/05/2020),"A less-obvious benefit is policy support."
The Strategy of Protest and Revolution 1: Basic Elements (04/05/2020),"Because establishments have a lot on their plate, they usually like it when experts give them pre-packaged policies that they can adopt and successfully sell to the public."
The Strategy of Protest and Revolution 1: Basic Elements (04/05/2020),"So some movements instead try and present themselves as an authority on their issue field: there are the think tanks and the lobby groups, but the more interesting ones are those movements who get the public to adopt a standard they themselves defined."
The Strategy of Protest and Revolution 1: Basic Elements (04/05/2020),"An example of this is the Organic Foods Movement, who successfully got the public to distinguish between organic and non-organic foods, and so now have become an authority in the realm of Genetically-Modified food labelling and even within agricultural policy."
The Strategy of Protest and Revolution 1: Basic Elements (04/05/2020),"Whether the goal is on coercion or cooptation, there are several characteristics that good action should have, which are summed up in the sociological acronym of WUNC: Worthiness-Unity-Numbers-Commitment."
The Strategy of Protest and Revolution 1: Basic Elements (04/05/2020),"Worthiness used to be defined as ‘respectability’, as in social movement participants should demonstrate to the establishment that they are worthy of having their demands met, by for example being peaceful and deferential."
The Strategy of Protest and Revolution 1: Basic Elements (04/05/2020),"But even by the end of the 19th Century, social movements such as the suffragettes were reinterpreting the meaning of ‘worthiness’ by engaging in deliberately provocative and undeferential action, a trend that continues to this day with movements such as Black Lives Matter."
The Strategy of Protest and Revolution 1: Basic Elements (04/05/2020),"For them, the worthiness of their demands are self-evident, and action here is more to highlight the hypocrisy involved when the establishment criticizes their action, while upholding the greater injustice that the movement is fighting against."
The Strategy of Protest and Revolution 1: Basic Elements (04/05/2020),"Unity and Numbers are self-explanatory, while Commitment is about demonstrating the extent and the duration of the sacrifice movement participants are ready to make."
The Strategy of Protest and Revolution 1: Basic Elements (04/05/2020),"This discussion of Commitment brings us to the final element that we’ll discuss in this video, which is violence."
The Strategy of Protest and Revolution 1: Basic Elements (04/05/2020),"Violence is often seen as a supreme demonstration of the movement’s commitment towards disrupting the establishment, and sometimes even as a grand strategic orientation where the movement decides to sacrifice some of its public support in order to boost its power output."
The Strategy of Protest and Revolution 1: Basic Elements (04/05/2020),"On the other hand, as we’ll see in the video series, violence can also be used to bolster public participation, by shutting down people and organizations who voice contrary opinions."
The Strategy of Protest and Revolution 1: Basic Elements (04/05/2020),"That’s assuming that the level of violence is actually something that social movements can dictate, instead of it being a cycle of escalation that is triggered by clashes at the local level."
The Strategy of Protest and Revolution 1: Basic Elements (04/05/2020),"For what is probably the most defining characteristic of action, the effect of violence is probably one of the more ambiguous things within the social movement process."
The Strategy of Protest and Revolution 1: Basic Elements (04/05/2020),"All in all, what we’ve done here, in this brief overview of the elements within a strategy of protest and revolutions, is to separate out and describe individual aspects within a movement, so that viewers can better understand how the process works as a whole."
The Strategy of Protest and Revolution 1: Basic Elements (04/05/2020),"But real life is never as neat as theory, and this is why we still need to analyze actual history."
The Strategy of Protest and Revolution 1: Basic Elements (04/05/2020),"Thank you for watching the video, please do give a like and subscribe."
The Strategy of Protest and Revolution 1: Basic Elements (04/05/2020),"If you have any questions, I’ll be happy to answer them in the comments section."
The Strategy of Protest and Revolution 1: Basic Elements (04/05/2020),"Also check out my Facebook page, where I review the literature and post some additional thoughts regarding the video."
The Strategy of Protest and Revolution 2: The French Revolution (05/05/2020),"Hi, and welcome to Strategy Stuff."
The Strategy of Protest and Revolution 2: The French Revolution (05/05/2020),"This is a video series on The Strategy of Protest and Revolution, where we’ll look at how successful revolutionary, protest and other social movements have strategized in order to achieve their political goals."
The Strategy of Protest and Revolution 2: The French Revolution (05/05/2020),"To do that, we’ll be focusing on the following questions:"
The Strategy of Protest and Revolution 2: The French Revolution (05/05/2020)," - First: How can activists turn public discontent into a political movement?"
The Strategy of Protest and Revolution 2: The French Revolution (05/05/2020)," - Second: What do successful movements do to achieve their political goals?"
The Strategy of Protest and Revolution 2: The French Revolution (05/05/2020)," - And third, how have successful strategies changed with time?"
The Strategy of Protest and Revolution 2: The French Revolution (05/05/2020),"Over this series, we’ll answer these questions by looking at various historical movements, starting with the French Revolution of 1789."
The Strategy of Protest and Revolution 2: The French Revolution (05/05/2020),"Introduction"
The Strategy of Protest and Revolution 2: The French Revolution (05/05/2020),"The French Revolution of 1789, which overthrew the absolute monarchy of King Louis XVI, is seen as the prime example of a Spontaneous Uprising grand strategy."
The Strategy of Protest and Revolution 2: The French Revolution (05/05/2020),"Under this narrative, decades of mismanagement by the absolutist establishment, initially meaning the King and his court at Versailles, triggered an explosive anti-absolutist uprising amongst the King’s subjects: first from the aristocracy, then from the bourgeoisie and finally the urban workers."
The Strategy of Protest and Revolution 2: The French Revolution (05/05/2020),"This narrative isn’t wrong, but it overlooks the extent to which anti-absolutist groups organized and prepared for 1789."
The Strategy of Protest and Revolution 2: The French Revolution (05/05/2020),"They organized into a broad coalition that, while very loose, very informal and very conflicted, nevertheless managed to overcome the establishment’s political and physical power."
The Strategy of Protest and Revolution 2: The French Revolution (05/05/2020),"Focusing on the experience of Paris, we want to focus on three questions:"
The Strategy of Protest and Revolution 2: The French Revolution (05/05/2020),"- One."
The Strategy of Protest and Revolution 2: The French Revolution (05/05/2020),"How did activists convince the aristocracy, bourgeoisie and workers to join the movement?"
The Strategy of Protest and Revolution 2: The French Revolution (05/05/2020),"- Two."
The Strategy of Protest and Revolution 2: The French Revolution (05/05/2020),"How did the movement stay together long enough to overcome the establishment?"
The Strategy of Protest and Revolution 2: The French Revolution (05/05/2020),"- and Three."
The Strategy of Protest and Revolution 2: The French Revolution (05/05/2020),"How did the movement actually overcome establishment power?"
The Strategy of Protest and Revolution 2: The French Revolution (05/05/2020),"Establishment and Movement"
The Strategy of Protest and Revolution 2: The French Revolution (05/05/2020),"Because social movements can’t usually match an establishment at full strength, their success depends on political opportunities."
The Strategy of Protest and Revolution 2: The French Revolution (05/05/2020),"The best opportunities occur within an extended window of opportunity, where an already-declining establishment receives a further blow to its power."
The Strategy of Protest and Revolution 2: The French Revolution (05/05/2020),"This was what the Versailles establishment was facing on the eve of Revolution."
The Strategy of Protest and Revolution 2: The French Revolution (05/05/2020),"Throughout the 18th Century, the French state had failed to raise enough tax to cover its expenses, preferring to take on debt instead."
The Strategy of Protest and Revolution 2: The French Revolution (05/05/2020),"By 1787, France was struggling to pay the interest on its debt – if it was to avoid a humiliating default, Versailles had to reform the tax system, and especially get rid of the aristocracy’s – meaning the clergy and nobility’s – tax privileges."
The Strategy of Protest and Revolution 2: The French Revolution (05/05/2020),"But this action broke the implicit agreement that tied the aristocracy to Versailles, and – not for the first time – the establishment split apart, with aristocrats deploying their power not for the King, but against him."
The Strategy of Protest and Revolution 2: The French Revolution (05/05/2020),"In this way, reform periods present a particularly powerful opportunity for social movements."
The Strategy of Protest and Revolution 2: The French Revolution (05/05/2020),"But even then, the obstacles to success were high."
The Strategy of Protest and Revolution 2: The French Revolution (05/05/2020),"Within Paris, Versailles had a formidable internal security force: to police a city of 600 thousand, it had a Paris Guard of 1."
The Strategy of Protest and Revolution 2: The French Revolution (05/05/2020),"5 thousand and the 6 thousand strong regiment of the Gardes Francaises, which would give a force-to-civilian ratio higher than modern cities."
The Strategy of Protest and Revolution 2: The French Revolution (05/05/2020),"Of course, these units were hardly professional police, but they were well-experienced in managing public anger."
The Strategy of Protest and Revolution 2: The French Revolution (05/05/2020),"While political assemblies were officially banned, the police recognized the value in letting people gather in quote-unquote celebrations to blow off steam."
The Strategy of Protest and Revolution 2: The French Revolution (05/05/2020),"This was the case even for riots, where a few minor villains – usually price-gouging bakers – were sacrificed to mobs, preserving the larger system and reminding the well-off of the value of order."
The Strategy of Protest and Revolution 2: The French Revolution (05/05/2020),"The police would even offer to escort protests to Versailles, encouraging the population to see the King, rather than fellow citizens, as their only savior."
The Strategy of Protest and Revolution 2: The French Revolution (05/05/2020),"Thanks to their management, Paris before the 1780s had not seen a movement last longer than 3 months."
The Strategy of Protest and Revolution 2: The French Revolution (05/05/2020),"The police were helped by the segmented nature of French society."
The Strategy of Protest and Revolution 2: The French Revolution (05/05/2020),"We can simplify things into three social classes: first, there was the aristocracy of the clergy and nobility."
The Strategy of Protest and Revolution 2: The French Revolution (05/05/2020),"Their goal was to defend their existing privileges, and to achieve that, they would deploy the political power they held to disrupt Versailles and force it to give in."
The Strategy of Protest and Revolution 2: The French Revolution (05/05/2020),"At the other end were the workers, made up of the skilled and unskilled laborers of Paris."
The Strategy of Protest and Revolution 2: The French Revolution (05/05/2020),"They wanted to get rid of aristocratic privilege, but at the same time they also wanted to protect their own privileges, most often in the form of guilds and wage levels."
The Strategy of Protest and Revolution 2: The French Revolution (05/05/2020),"Disruption was also their standard method, but this time in the form of physical violence, like riots."
The Strategy of Protest and Revolution 2: The French Revolution (05/05/2020),"In the middle were the bourgeoisie or middle-class, made up of non-aristocratic professionals and merchants."
The Strategy of Protest and Revolution 2: The French Revolution (05/05/2020),"They wanted to eliminate both the aristocratic and working-class privileges that limited their economic and social power."
The Strategy of Protest and Revolution 2: The French Revolution (05/05/2020),"Unlike the other two classes, they preferred to coopt rather than disrupt the establishment, exploiting the fact that French society valued their expertise and money to influence others to grant their demands."
The Strategy of Protest and Revolution 2: The French Revolution (05/05/2020),"From this overview, we can see that these classes were not natural partners – on the contrary, each class had every reason to see the King as their defender against the threat posed by the others."
The Strategy of Protest and Revolution 2: The French Revolution (05/05/2020),"So how could a movement even get going like this?"
The Strategy of Protest and Revolution 2: The French Revolution (05/05/2020),"A Good Issue: Mismanagement and Citizenhood"
The Strategy of Protest and Revolution 2: The French Revolution (05/05/2020),"A Spontaneous Uprising is a high-issue, low organization movement, made up of independent cells that loosely work together because they share similar demands."
The Strategy of Protest and Revolution 2: The French Revolution (05/05/2020),"Until the very end, the French anti-absolutist movement of 1789, had no central command."
The Strategy of Protest and Revolution 2: The French Revolution (05/05/2020),"Nobody had the authority to order others to do something; instead, participants were motivated by the issues to do whatever they thought would be useful."
The Strategy of Protest and Revolution 2: The French Revolution (05/05/2020),"So the key thing for the movement was to find an issue that would motivate as many people as possible to join the movement and act in its name."
The Strategy of Protest and Revolution 2: The French Revolution (05/05/2020),"Usually, this is the point where we start talking about the Rights of Man."
The Strategy of Protest and Revolution 2: The French Revolution (05/05/2020),"But a good issue requires more than just abstract philosophy: it needs to identify a pressing societal problem, and offer a solution to said problem that works for the public."
The Strategy of Protest and Revolution 2: The French Revolution (05/05/2020),"In true low-organization form, the movement’s issue slowly formed as individual activists published, debated, reacted to events, and received feedback, and gradually, everybody came to some conclusions as to what would best motivate the public."
The Strategy of Protest and Revolution 2: The French Revolution (05/05/2020),"The problem was relatively simple – it was the self-evident mismanagement of France by the absolutist establishment."
The Strategy of Protest and Revolution 2: The French Revolution (05/05/2020),"Repeated debt crises, economic recessions, defeat in war and royal scandals made it easy for the public to accept that the establishment was not running the country well."
The Strategy of Protest and Revolution 2: The French Revolution (05/05/2020),"There was no need to narrow down the mismanagement beyond this – the goal, after all, was to appeal to as many groups as possible, even if each group had a different interpretation on what the mismanagement was."
The Strategy of Protest and Revolution 2: The French Revolution (05/05/2020),"For nobles, Versailles was reforming away their privilege; for officers, France’s defeats were because Versailles protected noble privilege."
The Strategy of Protest and Revolution 2: The French Revolution (05/05/2020),"Versailles sided with British manufacturers against the French bourgeoisie; Versailles was siding with the French factory owners against the workers."
The Strategy of Protest and Revolution 2: The French Revolution (05/05/2020),"By holding a broad definition of ‘mismanagement’, the movement could bridge the gap between France’s bickering classes, so long as they didn’t examine each other’s positions too closely."
The Strategy of Protest and Revolution 2: The French Revolution (05/05/2020),"So how to fix ‘mismanagement’? The solution came in the idea of ‘citizenhood’, which was another broad concept that could appeal to everybody."
The Strategy of Protest and Revolution 2: The French Revolution (05/05/2020),"The idea, that every subject of France should have certain rights and a say in how the country was run, could justify almost every political outcome."
The Strategy of Protest and Revolution 2: The French Revolution (05/05/2020),"It was of course used to justify bourgeois constitutionalism and working-class radicalism, but even conservative nobles could get behind it, because they already saw themselves as defenders of traditional rights against the King."
The Strategy of Protest and Revolution 2: The French Revolution (05/05/2020),"Army officers imagined that a ‘citizens’ army’ would achieve success like the Roman legions; Church reformists argued that citizenhood would bring the church closer to the people."
The Strategy of Protest and Revolution 2: The French Revolution (05/05/2020),"Again, so long as they didn’t look too closely at each other, everybody could see ‘citizenhood’ as a solution to their problems."
The Strategy of Protest and Revolution 2: The French Revolution (05/05/2020),"Furthermore, implementing ‘citizenhood’ was not seen as a radical change."
The Strategy of Protest and Revolution 2: The French Revolution (05/05/2020),"Nothing in it demanded the removal of the King; instead, Versailles was only expected to accept or tweak existing political institutions, and many even saw the King as the one who would set this process in motion, given his role in freeing the United States."
The Strategy of Protest and Revolution 2: The French Revolution (05/05/2020),"The solution was therefore well-positioned to, again, appeal to large segments of society."
The Strategy of Protest and Revolution 2: The French Revolution (05/05/2020),"So, we’ve seen how the issue of ‘mismanagement’ and ‘citizenhood’ used broad definitions to unite France’s competing social classes in a common struggle against absolutism."
The Strategy of Protest and Revolution 2: The French Revolution (05/05/2020),"But the downside of designing an issue this way is that whatever unity that results is just an illusion, because participants are still expecting different results."
The Strategy of Protest and Revolution 2: The French Revolution (05/05/2020),"As the anti-absolutist movement developed, its participants would increasingly clash over what ‘citizenhood’ meant specifically, leading ultimately into Revolutionary Terror."
The Strategy of Protest and Revolution 2: The French Revolution (05/05/2020),"July 87 – Apr 88: Aristocrats and Bourgeoisie"
The Strategy of Protest and Revolution 2: The French Revolution (05/05/2020),"Let’s go back to Paris in 1787, where the absolutist establishment under King Louis XVI was trying to revoke the tax privileges of the church and the nobility."
The Strategy of Protest and Revolution 2: The French Revolution (05/05/2020),"These aristocrats responded by using the institutions they controlled to disrupt Versailles’ plans."
The Strategy of Protest and Revolution 2: The French Revolution (05/05/2020),"Their key tool here was the Paris parlement, an aristocrat-dominated law court, whose approval was needed for tax legislation."
The Strategy of Protest and Revolution 2: The French Revolution (05/05/2020),"Unsurprisingly, the parlement refused to approve."
The Strategy of Protest and Revolution 2: The French Revolution (05/05/2020),"Aristocratic disruption soon spread across the political system."
The Strategy of Protest and Revolution 2: The French Revolution (05/05/2020),"In May, Versailles tried to overawe the parlement by convening a handpicked Assembly of Notables to support the King."
The Strategy of Protest and Revolution 2: The French Revolution (05/05/2020),"Instead, the aristocrats in the Assembly not only forced out the Finance Minister, they also declared that the King had to convene the Estates-General, for now another institution the aristocrats controlled, to discuss reform."
The Strategy of Protest and Revolution 2: The French Revolution (05/05/2020),"In these ways, the anti-absolutist movement, almost exclusively driven by ex-establishment aristocrats, demonstrated a power to disrupt Versailles politically."
The Strategy of Protest and Revolution 2: The French Revolution (05/05/2020),"But Versailles was not ready to compromise."
The Strategy of Protest and Revolution 2: The French Revolution (05/05/2020),"It deployed more of its political power to suppress the movement: in July, the King banished parlement from Paris and tried to impose the tax reforms by edict."
The Strategy of Protest and Revolution 2: The French Revolution (05/05/2020),"In response, aristocrats looked to increase their power by bringing in more participants."
The Strategy of Protest and Revolution 2: The French Revolution (05/05/2020),"The first – and more important – group they approached were their counterparts in the provinces."
The Strategy of Protest and Revolution 2: The French Revolution (05/05/2020),"Being from similar social circles and having the same interest in defending privilege, the country aristocracy easily joined the movement."
The Strategy of Protest and Revolution 2: The French Revolution (05/05/2020),"The provincial parlements refused to approve the tax changes, and the clergy voted to pay only 25% of their dues to the King."
The Strategy of Protest and Revolution 2: The French Revolution (05/05/2020),"By increasing the scale of the disruption, the movement temporarily outmatched Versailles and the banishment of the Paris parlement was lifted in August."
The Strategy of Protest and Revolution 2: The French Revolution (05/05/2020),"At the same time, the movement was also reaching out to another group."
The Strategy of Protest and Revolution 2: The French Revolution (05/05/2020),"On their own initiative, the professional bourgeoisie who staffed the Paris parlement, and who became unemployed during the banishment, implemented their own outreach towards fellow Parisians, particularly of their social class, urging them to support parlement against Versailles."
The Strategy of Protest and Revolution 2: The French Revolution (05/05/2020),"We’ve gone through how the movement’s issue was structured to appeal to both aristocrats and bourgeoisie."
The Strategy of Protest and Revolution 2: The French Revolution (05/05/2020),"But to broadcast their message to the public, parlement activists resorted to the simplest action of: doing something to get attention."
The Strategy of Protest and Revolution 2: The French Revolution (05/05/2020),"They burnt effigies of the King’s ministers, and marched around central Paris yelling slogans."
The Strategy of Protest and Revolution 2: The French Revolution (05/05/2020),"The point was to advertise their existence and to draw a crowd – but not to disrupt the establishment."
The Strategy of Protest and Revolution 2: The French Revolution (05/05/2020),"In fact, at this point activists cooperated with police to guarantee a safe environment to quote-unquote amuse ourselves."
The Strategy of Protest and Revolution 2: The French Revolution (05/05/2020),"Despite this, serious work was being done."
The Strategy of Protest and Revolution 2: The French Revolution (05/05/2020),"Peaceful mass gatherings served three purposes: firstly, they served to draw in both the friendly and the curious."
The Strategy of Protest and Revolution 2: The French Revolution (05/05/2020),"Secondly, they demonstrated that public opinion favored the parlement."
The Strategy of Protest and Revolution 2: The French Revolution (05/05/2020),"Lastly, they were also centers of agitation and political education, where activists turned uncommitted people into motivated supporters."
The Strategy of Protest and Revolution 2: The French Revolution (05/05/2020),"These mass gatherings soon moved into bourgeois and aristocratic districts to achieve greater effect."
The Strategy of Protest and Revolution 2: The French Revolution (05/05/2020),"The bourgeoisie were already unhappy with absolutism, and these gatherings eventually agitated many to take action against Versailles, as we will see."
The Strategy of Protest and Revolution 2: The French Revolution (05/05/2020),"For now, this surface-level unity between aristocrat and bourgeois was good enough to keep the movement alive through the banishment of the parlement, as well as another round of attempted suppression over the winter."
The Strategy of Protest and Revolution 2: The French Revolution (05/05/2020),"The movement was readying itself to navigate the turbulent years ahead."
The Strategy of Protest and Revolution 2: The French Revolution (05/05/2020),"May – Aug 88: The Workers Join"
The Strategy of Protest and Revolution 2: The French Revolution (05/05/2020),"Up until the spring of 1788, the anti-absolutist movement was mainly comprised of aristocrats and bourgeoisie."
The Strategy of Protest and Revolution 2: The French Revolution (05/05/2020),"The aristocratic parlement continued to disrupt Versailles’ tax reform attempts, supported by the bourgeoisie’s mass gatherings that, in the absence of any pro-establishment gathering, represented the only public opinion on the issue."
The Strategy of Protest and Revolution 2: The French Revolution (05/05/2020),"With the debt becoming increasingly unsustainable, the movement must have thought that this was the best time to escalate the disruption and force King Louis to compromise."
The Strategy of Protest and Revolution 2: The French Revolution (05/05/2020),"The parlement began to not just obstruct, but actually intrude on the King’s powers."
The Strategy of Protest and Revolution 2: The French Revolution (05/05/2020),"In May 1788, it declared that it, not the King, was the defender of the so-called ‘fundamental rights of the Nation’, and followed it up by rejecting the King’s right to veto or punish it."
The Strategy of Protest and Revolution 2: The French Revolution (05/05/2020),"The movement was inflicting ever-greater costs on the establishment; but to King Louis, the costs of compromising on absolutism were still much higher."
The Strategy of Protest and Revolution 2: The French Revolution (05/05/2020),"This time, Versailles drew not just on its political power, but also on its physical power."
The Strategy of Protest and Revolution 2: The French Revolution (05/05/2020),"In a set of May Edicts, the King formally stripped the parlement of its powers, and backed it up by sending in the police and the army to break up mass gatherings."
The Strategy of Protest and Revolution 2: The French Revolution (05/05/2020),"Undoubtedly, he hoped that such a display of power, which the movement surely could not match, would be enough to suppress the movement."
The Strategy of Protest and Revolution 2: The French Revolution (05/05/2020),"Versailles didn’t count on the workers – the sans-culottes – joining the anti-absolutist movement."
The Strategy of Protest and Revolution 2: The French Revolution (05/05/2020),"Throughout France, the bourgeoisie and working class began to riot, attacking officials and holding political assemblies."
The Strategy of Protest and Revolution 2: The French Revolution (05/05/2020),"Even when troops were ordered to disperse rioters, working-class soldiers often deserted or mutinied instead."
The Strategy of Protest and Revolution 2: The French Revolution (05/05/2020),"Everywhere, workers parroted the message of the movement: Down with the King’s Ministers!, Long Live the Parlement!, and Soldiers, Defend the Citizens!."
The Strategy of Protest and Revolution 2: The French Revolution (05/05/2020),"So why did workers join the movement now? The establishment accused them of being mobs for hire, paid by aristocrats to cause trouble."
The Strategy of Protest and Revolution 2: The French Revolution (05/05/2020),"More realistically, we can point to the bad harvests of 1787 and 88, and the state failing to pay soldiers’ wages."
The Strategy of Protest and Revolution 2: The French Revolution (05/05/2020),"But that doesn’t explain why workers would join a movement that, by and large, was made up of people who didn’t share their goals."
The Strategy of Protest and Revolution 2: The French Revolution (05/05/2020),"It all goes back to the movement’s continuing outreach, which was now filtering down to all of Parisian society."
The Strategy of Protest and Revolution 2: The French Revolution (05/05/2020),"But a different approach was required to recruit the workers."
The Strategy of Protest and Revolution 2: The French Revolution (05/05/2020),"The revolutionary press that would agitate the sans-culottes in later years was still miniscule in 1788, and in any case the average worker was probably too busy surviving to be motivated by high politics."
The Strategy of Protest and Revolution 2: The French Revolution (05/05/2020),"Instead, workers participated through their social circle: if their friends, employers, or local leaders joined, they would join too."
The Strategy of Protest and Revolution 2: The French Revolution (05/05/2020),"So, mobilizing the workers meant tapping into the social connections within the faubourg industrial suburbs of Paris."
The Strategy of Protest and Revolution 2: The French Revolution (05/05/2020),"Unfortunately for the establishment, they had unwittingly given the movement a major opportunity here."
The Strategy of Protest and Revolution 2: The French Revolution (05/05/2020),"In 1782, tax collectors had built a ring of customs posts to tax goods entering the city, and among those who most resented the taxes were the wine merchants who delivered and served cheap wine in the taverns of the faubourgs."
The Strategy of Protest and Revolution 2: The French Revolution (05/05/2020),"This put them in the perfect position to both be influenced by the bourgeois part of the movement, and to direct the workers and their social circles in the movement’s direction."
The Strategy of Protest and Revolution 2: The French Revolution (05/05/2020),"Adopting the movement’s issues as their own, the workers sought to achieve them in their typical fashion – violence."
The Strategy of Protest and Revolution 2: The French Revolution (05/05/2020),"Suddenly, the movement gained a physical power that the King’s scattered forces had not planned for."
The Strategy of Protest and Revolution 2: The French Revolution (05/05/2020),"Rocked by urban riots and going bankrupt, Versailles by August was forced to not only restore the Paris parlement, but also to convene the Estates-General by May 1789, and place the movement’s favored candidate, the bourgeois financier Jacques Necker, as Finance Minister."
The Strategy of Protest and Revolution 2: The French Revolution (05/05/2020),"From the aristocratic viewpoint, Versailles had completely capitulated to their demands; all that remained was for them to exercise their control over the Estates-General, and finally put an end to the absolutist threat to their privileges… but of course, that wasn’t the end of it."
The Strategy of Protest and Revolution 2: The French Revolution (05/05/2020),"Aug 88 – Apr 89: Ideological Clashes"
The Strategy of Protest and Revolution 2: The French Revolution (05/05/2020),"At this point, we should remember that each social class of aristocracy, bourgeoisie and workers joined the anti-absolutist movement for contradictory reasons: the aristocracy wanted to defend privilege, the bourgeoisie wanted to end it, and the workers took both pro- and anti-privilege stances for their goal of social equality."
The Strategy of Protest and Revolution 2: The French Revolution (05/05/2020),"So far, the movement had papered over their differences by using broad definitions for its issue of ‘mismanagement’ and ‘citizenhood’."
The Strategy of Protest and Revolution 2: The French Revolution (05/05/2020),"But now, the aristocrats had achieved victory according to their definition of the issue."
The Strategy of Protest and Revolution 2: The French Revolution (05/05/2020),"Almost immediately, the movement broke apart."
The Strategy of Protest and Revolution 2: The French Revolution (05/05/2020),"True to their idea of aristocratic representation, the Paris parlement in September 1788 announced the famous three tiers of the Estates-General: the First Estate of the Clergy, the Second Estate of the Nobility, and the Third Estate, with every resolution requiring the separate approval of all three Estates."
The Strategy of Protest and Revolution 2: The French Revolution (05/05/2020),"This essentially gave the aristocracy two vetoes over any proposal."
The Strategy of Protest and Revolution 2: The French Revolution (05/05/2020),"To the bourgeoisie and workers, this arrangement merely substituted absolutist privilege with aristocratic privilege."
The Strategy of Protest and Revolution 2: The French Revolution (05/05/2020),"So they used their larger numbers to impose a new interpretation of the issue upon the movement, one that rejected their former partners."
The Strategy of Protest and Revolution 2: The French Revolution (05/05/2020),"Now characterizing the aristocracy as in with the absolutist establishment, they demanded changes to the voting structure of the Estates-General that would allow the Third Estate to outvote the other two."
The Strategy of Protest and Revolution 2: The French Revolution (05/05/2020),"This was not what most aristocrats wanted, and all but the most liberal deserted the movement."
The Strategy of Protest and Revolution 2: The French Revolution (05/05/2020),"The aristocrats’ loss of leadership is a demonstration of what could happen if a movement does not enforce ideological discipline on newcomers."
The Strategy of Protest and Revolution 2: The French Revolution (05/05/2020),"The bourgeoisie overwhelmed the aristocrats; could the workers eventually overwhelm the bourgeoisie? The movement needed the physical power of the workers to face down Versailles, yet worker demands clearly conflicted with bourgeois interests."
The Strategy of Protest and Revolution 2: The French Revolution (05/05/2020),"This uncomfortable relationship was fully tested in the Reveillon Riots of April 1789."
The Strategy of Protest and Revolution 2: The French Revolution (05/05/2020),"Reveillon was a bourgeois factory owner who made his wealth selling to aristocrats."
The Strategy of Protest and Revolution 2: The French Revolution (05/05/2020),"This made him a success story to the bourgeoisie, but a potential collaborator and profiteer to the workers."
The Strategy of Protest and Revolution 2: The French Revolution (05/05/2020),"So, when Reveillon made some misinterpreted comments about reducing wages, workers decided to teach him a lesson, and destroyed Reveillon’s house, factory and neighborhood in a four-day riot."
The Strategy of Protest and Revolution 2: The French Revolution (05/05/2020),"As if to indicate that this was what they expected out of the broader anti-absolutist movement, they called out Long Live the Third Estate! even while looting from another member of the Third Estate."
The Strategy of Protest and Revolution 2: The French Revolution (05/05/2020),"Bourgeois leaders had to walk a fine line between keeping their movement viable and maintaining their control over it."
The Strategy of Protest and Revolution 2: The French Revolution (05/05/2020),"The easiest solution was to have Versailles fulfill their demands, and so, throughout the riots, they stressed their loyalty to the King, said that they were defending Paris from anarchy, and tacitly cooperated with police in suppressing the riot."
The Strategy of Protest and Revolution 2: The French Revolution (05/05/2020),"At the same time, bourgeois leaders also inserted themselves as leaders of the working class."
The Strategy of Protest and Revolution 2: The French Revolution (05/05/2020),"Bourgeois pamphlets such as Sieyes’ famous What is the Third Estate? portrayed workers and bourgeoisie as part of a common front, even though only 10% of Parisian workers earned enough to vote for representatives to the Third Estate."
The Strategy of Protest and Revolution 2: The French Revolution (05/05/2020),"Still, those inevitably-bourgeois representatives also acted as voices for the workers and peasants, drafting the lists of grievances that were delivered to the Estates-General and leading protests against other bourgeoisie – though during the Reveillon Riots, they actually led workers away from his factory."
The Strategy of Protest and Revolution 2: The French Revolution (05/05/2020),"These measures worked to some extent: the bourgeoisie and their liberal aristocrat allies would lead throughout the 1789 Revolution and for a while afterwards."
The Strategy of Protest and Revolution 2: The French Revolution (05/05/2020),"But they were also helped by the lack of a working-class institution that could organize the workers."
The Strategy of Protest and Revolution 2: The French Revolution (05/05/2020),"This would not be the case after 1789 and partly explains why the Revolution turned into the Terror."
The Strategy of Protest and Revolution 2: The French Revolution (05/05/2020),"May – Jul 1789: Revolution"
The Strategy of Protest and Revolution 2: The French Revolution (05/05/2020),"By spring 1789, the ideological struggle within the anti-absolutist movement had, for now, been resolved in favor of the bourgeoisie and its liberal allies, just in time for the convening of the Estates-General of 1789 to discuss France’s fiscal situation."
The Strategy of Protest and Revolution 2: The French Revolution (05/05/2020),"Versailles had given in to this in the face of the massive disruption inflicted by the aristocrat-led movement."
The Strategy of Protest and Revolution 2: The French Revolution (05/05/2020),"While it recognized that the two aristocratic vetoes within the Estates-General would kill off any reform of aristocratic privilege, this concession would at least allow normal business – which included tackling the deficit – to resume."
The Strategy of Protest and Revolution 2: The French Revolution (05/05/2020),"There was still the small matter of the anti-absolutist movement taking over the Third Estate, but now that the establishment had been reunified, it could surely outmatch anything the bourgeoisie or the working class could do."
The Strategy of Protest and Revolution 2: The French Revolution (05/05/2020),"As we all know, the establishment miscalculated – again."
The Strategy of Protest and Revolution 2: The French Revolution (05/05/2020),"But this time, they didn’t get the level of disruption wrong."
The Strategy of Protest and Revolution 2: The French Revolution (05/05/2020),"Granted, they weren’t expecting the Third Estate to insist on voting reform within the Estates-General, and when that was rejected, to declare itself the National Assembly and demand a constitution for France in the famous Tennis Court Oath of June 20th."
The Strategy of Protest and Revolution 2: The French Revolution (05/05/2020),"But the Assembly still needed the rest of the French political system to accept these changes, and surely, the vetoes of the aristocracy and the forces of the King would stop that from ever happening."
The Strategy of Protest and Revolution 2: The French Revolution (05/05/2020),"The fact that the establishment was unable to stop such a happening represents the crowning achievement of the bourgeois movement’s outreach."
The Strategy of Protest and Revolution 2: The French Revolution (05/05/2020),"Even before the birth of the National Assembly, the non-aristocratic clergy had already decided to join the Third Estate, and they brought the rest of the First Estate with them."
The Strategy of Protest and Revolution 2: The French Revolution (05/05/2020),"Soon, nobles also began defecting to the Assembly, and within a week of the Oath, King Louis had no choice but to order the rest of the Second Estate to join."
The Strategy of Protest and Revolution 2: The French Revolution (05/05/2020),"Under the very nose of Versailles, the movement had coopted enough of the establishment to hand over its political powers."
The Strategy of Protest and Revolution 2: The French Revolution (05/05/2020),"The Assembly cleverly deployed them to declare itself the only tax authority in the country, placing Versailles at its financial mercy."
The Strategy of Protest and Revolution 2: The French Revolution (05/05/2020),"In any future political disruption contest, the establishment would surely lose."
The Strategy of Protest and Revolution 2: The French Revolution (05/05/2020),"But King Louis still could not accept limits on his absolutism, and once again, he turned back to the physical forces he controlled."
The Strategy of Protest and Revolution 2: The French Revolution (05/05/2020),"Versailles now ordered armies to concentrate around Paris, threatening to re-impose absolutism at the tip of a bayonet."
The Strategy of Protest and Revolution 2: The French Revolution (05/05/2020),"What was once largely a political contest was rapidly turning into a physical one, and to survive it, the movement needed to assemble a force that could match that of an actual state."
The Strategy of Protest and Revolution 2: The French Revolution (05/05/2020),"This was not something that a low-organization movement of loosely-coordinated groups was good at."
The Strategy of Protest and Revolution 2: The French Revolution (05/05/2020),"There were some attempts at independently setting up local forces."
The Strategy of Protest and Revolution 2: The French Revolution (05/05/2020),"The workers’ riots of the previous months had already forced Parisians to see to their own defense, throwing up barricades that would then be policed by neighborhood militia."
The Strategy of Protest and Revolution 2: The French Revolution (05/05/2020),"Within these barricades, neighborhood committees began taking over the business of government: overseeing residents, organizing supplies, exchanging news with other committees."
The Strategy of Protest and Revolution 2: The French Revolution (05/05/2020),"Nevertheless, movement leaders recognized that these mini-states were little more than disorganized rabble without a central coordinating organization."
The Strategy of Protest and Revolution 2: The French Revolution (05/05/2020),"Now, most low-organization movements trying to set up centralized commands fall at this last hurdle, both because of the high material and non-material cost to set up these institutions, and because they present a juicy target for establishment forces."
The Strategy of Protest and Revolution 2: The French Revolution (05/05/2020),"But here, the French anti-absolutist movement had the extreme luck of being supported by the richest man in France – the Duke of Orleans, King Louis’ cousin and a liberal aristocrat."
The Strategy of Protest and Revolution 2: The French Revolution (05/05/2020),"He offered the movement not just unlimited funds, but also his Palais Royal in Paris’ city center, which was off-limits to police."
The Strategy of Protest and Revolution 2: The French Revolution (05/05/2020),"Money and safety were no longer a problem."
The Strategy of Protest and Revolution 2: The French Revolution (05/05/2020),"While movement leaders negotiated their way towards a central command that satisfied all groups, they were already using the Palais Royal to coordinate action at a much higher level."
The Strategy of Protest and Revolution 2: The French Revolution (05/05/2020),"A key objective was securing the defection of the policing forces within Paris: the Paris Guard and the regiment of the Gardes Francaises."
The Strategy of Protest and Revolution 2: The French Revolution (05/05/2020),"Despite their suppression of the Reveillon Riots, both were being swayed by the general anti-establishment mood within Paris."
The Strategy of Protest and Revolution 2: The French Revolution (05/05/2020),"So the movement launched a coordinated and sustained campaign to encourage their defection: propaganda, bribes, appeals from the crowd, even sending mobs to break into jails to free defectors."
The Strategy of Protest and Revolution 2: The French Revolution (05/05/2020),"The result was a 1% defection rate to the movement even before the dramatic days of the Bastille, not just from the Gardes but also from units surrounding Paris and beyond."
The Strategy of Protest and Revolution 2: The French Revolution (05/05/2020),"The movement also cooperated with the National Assembly in Versailles, hoping for the least-risky way of winning, which was a compromise with King Louis."
The Strategy of Protest and Revolution 2: The French Revolution (05/05/2020),"As the King’s military intent became more obvious in late June, the Palais even discouraged protests to support the argument that the National Assembly would restore order to France."
The Strategy of Protest and Revolution 2: The French Revolution (05/05/2020),"Unfortunately for himself, King Louis continued to believe in absolutism at all costs, and on July 11, shut down all possibility of compromise by dismissing what the bourgeois movement saw as their representative at Versailles, the Finance Minister Jacques Necker."
The Strategy of Protest and Revolution 2: The French Revolution (05/05/2020),"Versailles seemed intent on re-imposing order through force."
The Strategy of Protest and Revolution 2: The French Revolution (05/05/2020),"Caught up in fear and anger, the workers and their radical allies gave the call to arms, and began rioting all over Paris."
The Strategy of Protest and Revolution 2: The French Revolution (05/05/2020),"They shut down economic activity in the city, pillaged civilian and religious buildings in search of food and guns, and burnt down the hated customs barrier ringing Paris, though "
The Strategy of Protest and Revolution 2: The French Revolution (05/05/2020),"strangely enough"
The Strategy of Protest and Revolution 2: The French Revolution (05/05/2020),", the ones owned by the Duke of Orleans were spared."
The Strategy of Protest and Revolution 2: The French Revolution (05/05/2020),"The mob even tried to fight army cavalry, which they quickly ran away from."
The Strategy of Protest and Revolution 2: The French Revolution (05/05/2020),"This outburst unnerved the army enough that they retreated beyond the boundaries of Paris, but this sort of rioting was hardly going to stand up to a full assault."
The Strategy of Protest and Revolution 2: The French Revolution (05/05/2020),"Even worse from the movement leaders’ perspective, the workers were organizing and arming themselves in a way that threatened bourgeois control."
The Strategy of Protest and Revolution 2: The French Revolution (05/05/2020),"This finally pushed them into setting up their central command: on July 13, a Municipal Committee, later the Paris Commune, was set up to coordinate the neighborhood committees."
The Strategy of Protest and Revolution 2: The French Revolution (05/05/2020),"Each neighborhood would also send men for a Bourgeois Militia, later the National Guard."
The Strategy of Protest and Revolution 2: The French Revolution (05/05/2020),"These institutions would be led by bourgeoisie."
The Strategy of Protest and Revolution 2: The French Revolution (05/05/2020),"The movement could finally be directed from a center, and at this point, things began to run their course."
The Strategy of Protest and Revolution 2: The French Revolution (05/05/2020),"The entire regiment of the Gardes Francaises, having been ordered to leave Paris, now defected to Bourgeois Militia, staffing key positions and greatly enhancing the movement’s physical power."
The Strategy of Protest and Revolution 2: The French Revolution (05/05/2020),"To find arms for this new army, the Militia broke into the Hotel des Invalides on the night of July 13 and, of course, the famous Bastille on July 14."
The Strategy of Protest and Revolution 2: The French Revolution (05/05/2020),"Contrary to popular image, the mob that took the Bastille was not made up of the urban poor, but instead of merchants, ex-Gardes, shopkeepers and skilled laborers – exactly as the bourgeois leaders wanted."
The Strategy of Protest and Revolution 2: The French Revolution (05/05/2020),"In any case, it was not the taking of some obsolete fortress that secured the anti-absolutist movement’s triumph; instead, it was its transformation from a loosely-coordinated movement to an organized mini-state that did it."
The Strategy of Protest and Revolution 2: The French Revolution (05/05/2020),"At its height, about a third of Paris’ 600 thousand individuals were armed, and while most of these were unorganized individuals, the prospect of facing an organized National Guard on top of that overwhelmed Versailles."
The Strategy of Protest and Revolution 2: The French Revolution (05/05/2020),"The army was dismissed, the King gave up much of his power to the National Assembly, and royal court came under the protection of the movement."
The Strategy of Protest and Revolution 2: The French Revolution (05/05/2020),"The bourgeois movement’s leaders – men such as Orleans, Lafayette, and Mirabeau – were now also leaders of France… at least, until the working class began taking over the institutions they once controlled."
The Strategy of Protest and Revolution 2: The French Revolution (05/05/2020),"Conclusion"
The Strategy of Protest and Revolution 2: The French Revolution (05/05/2020),"We started with the idea that the French Revolution of 1789 was a classic Spontaneous Uprising."
The Strategy of Protest and Revolution 2: The French Revolution (05/05/2020),"For most of its duration, it was indeed what a Spontaneous Uprising should look like: various loosely-coordinated groups, putting their own spin on the core issue of absolutist mismanagement and citizenhood, in order to collectively forge a large and diverse coalition that bridged France’s class divides."
The Strategy of Protest and Revolution 2: The French Revolution (05/05/2020),"It also exhibited the defects of such a high-issue, low-organization grand strategy, as the aristocrats, bourgeoisie and workers within the movement eventually realized that they didn’t actually share the same goals."
The Strategy of Protest and Revolution 2: The French Revolution (05/05/2020),"The resulting ideological conflicts saw the bourgeoisie oust the aristocrats and repress the workers, laying the groundwork for trouble in the years ahead."
The Strategy of Protest and Revolution 2: The French Revolution (05/05/2020),"As the contest between movement and establishment ultimately came down to physical force, the movement’s victory came because it moved away from the Spontaneous Uprising template, acquiring a centralized command that could organize Paris’ resources in a way that proved too much for Versailles to handle."
The Strategy of Protest and Revolution 2: The French Revolution (05/05/2020),"That it achieved this might simply be a matter of sheer luck, in having the support of France’s foremost noble."
The Strategy of Protest and Revolution 2: The French Revolution (05/05/2020),"Finally, we might also think about what the establishment could have done to defeat the movement."
The Strategy of Protest and Revolution 2: The French Revolution (05/05/2020),"Once it started, King Louis has often been criticized for failing to appreciate the danger of the movement, but in this analysis, his moderation might have been the greater error."
The Strategy of Protest and Revolution 2: The French Revolution (05/05/2020),"By initially escalating his responses to only be a little more severe than what the movement had been capable of, King Louis set a low bar for the movement at each stage, incentivizing the movement to improve its capabilities each time."
The Strategy of Protest and Revolution 2: The French Revolution (05/05/2020),"We might contrast King Louis XVI’s failure in 1789 with the suppression of the parlements under his grandfather, King Louis XV, in 1770."
The Strategy of Protest and Revolution 2: The French Revolution (05/05/2020),"Then, Versailles immediately deployed vast political, physical and administrative powers to humiliate, exile and ultimately dissolve its opponents."
The Strategy of Protest and Revolution 2: The French Revolution (05/05/2020),"These actions were widely seen as tyrannical, but they set such a high bar for success that activists were more likely to succumb to defeatism than to try and match that power."
The Strategy of Protest and Revolution 2: The French Revolution (05/05/2020),"In that sense, perhaps King Louis XVI, who desired the love of his subjects, represented the perfect opportunity to bring about the French Revolution."
The Strategy of Protest and Revolution 2: The French Revolution (05/05/2020),"Thanks for watching the video, and please do give a like and subscribe."
The Strategy of Protest and Revolution 2: The French Revolution (05/05/2020),"If you have any questions, I’ll be happy to answer them in the comments section."
The Strategy of Protest and Revolution 2: The French Revolution (05/05/2020),"Also check out my Facebook page, where I review the literature and post some additional thoughts regarding the video."
Strategy of Protest and Revolution 3: The American Revolution (1763-1775) [16/4/2021],"Hi, and after a long hiatus, welcome to Strategy Stuff."
Strategy of Protest and Revolution 3: The American Revolution (1763-1775) [16/4/2021],"This is the third video on The Strategy of Protest and Revolution, where we’ll look at how ordinary revolutionary and protest movements win against establishments with the state’s power at their fingertips."
Strategy of Protest and Revolution 3: The American Revolution (1763-1775) [16/4/2021],"In particular, we’ll focus on the following questions:"
Strategy of Protest and Revolution 3: The American Revolution (1763-1775) [16/4/2021]," - How do activists turn public discontent into a coordinated movement?"
Strategy of Protest and Revolution 3: The American Revolution (1763-1775) [16/4/2021]," - What do successful movements do to achieve their goals?"
Strategy of Protest and Revolution 3: The American Revolution (1763-1775) [16/4/2021]," - And how have successful strategies changed over time?"
Strategy of Protest and Revolution 3: The American Revolution (1763-1775) [16/4/2021],"To answer them, today, we’ll be looking at the American Revolution from 1763 to 1775."
Strategy of Protest and Revolution 3: The American Revolution (1763-1775) [16/4/2021],"Problem: Colonial Disunity"
Strategy of Protest and Revolution 3: The American Revolution (1763-1775) [16/4/2021],"Starting in 1763, the colonists of British North America began resisting the policies of the British imperial establishment, headed by Parliament."
Strategy of Protest and Revolution 3: The American Revolution (1763-1775) [16/4/2021],"By 1775, their movement would overpower imperial authority in 13 colonies, beginning a war that would end with the independence of the United States."
Strategy of Protest and Revolution 3: The American Revolution (1763-1775) [16/4/2021],"How did the colonists achieve such a feat?"
Strategy of Protest and Revolution 3: The American Revolution (1763-1775) [16/4/2021],"Let’s first review what movement strategy is all about."
Strategy of Protest and Revolution 3: The American Revolution (1763-1775) [16/4/2021],"A movement aims to unite ordinary people and use their collective power to impose change upon society."
Strategy of Protest and Revolution 3: The American Revolution (1763-1775) [16/4/2021],"In this, it is inevitably resisted by an establishment representing existing interests, and who often uses the powers of the state to suppress opposition."
Strategy of Protest and Revolution 3: The American Revolution (1763-1775) [16/4/2021],"To counteract this power, a movement does two things."
Strategy of Protest and Revolution 3: The American Revolution (1763-1775) [16/4/2021],"First, it brings up ‘Issues’ to encourage the public to participate; second, it creates ‘Organizations’ that convert this participation into power."
Strategy of Protest and Revolution 3: The American Revolution (1763-1775) [16/4/2021],"A strong enough movement will either overpower the establishment or force it to back down, which leads to victory and the imposition of the change the movement wants."
Strategy of Protest and Revolution 3: The American Revolution (1763-1775) [16/4/2021],"In the American Revolution, the power of the opposing British imperial establishment was actually very weak."
Strategy of Protest and Revolution 3: The American Revolution (1763-1775) [16/4/2021],"That’s because much of the state power that the British Royal Governors theoretically had was actually in the hands of the colonists, whether it be local elites staffing the government, or local militias keeping the peace."
Strategy of Protest and Revolution 3: The American Revolution (1763-1775) [16/4/2021],"In a way, the colonists already had the power to overthrow the British; all they needed was to collectively decide to do it."
Strategy of Protest and Revolution 3: The American Revolution (1763-1775) [16/4/2021],"That, of course, was the problem."
Strategy of Protest and Revolution 3: The American Revolution (1763-1775) [16/4/2021],"As it turned out, the main obstacle the colonists faced was never actually the British, at least not until the crisis developed into a Revolutionary War."
Strategy of Protest and Revolution 3: The American Revolution (1763-1775) [16/4/2021],"Instead, the real obstacle was their inability to create a strong movement."
Strategy of Protest and Revolution 3: The American Revolution (1763-1775) [16/4/2021],"Much of this was because of the sheer fragmentation of colonial society."
Strategy of Protest and Revolution 3: The American Revolution (1763-1775) [16/4/2021],"Even when we consider the white, male, Protestant cohort that dominated colonial politics: there were class and economic divisions between merchants and landowners, and between them and the urban workers and tenant farmers."
Strategy of Protest and Revolution 3: The American Revolution (1763-1775) [16/4/2021],"There were religious divisions between Anglicans and non-Anglicans, and cultural ones between British, Gaelic and Continental European ethnicities."
Strategy of Protest and Revolution 3: The American Revolution (1763-1775) [16/4/2021],"Then there were political divisions, from the territorial disputes between Virginia and Pennsylvania, to the patronage wars between the New York DeLanceys and Livingstons."
Strategy of Protest and Revolution 3: The American Revolution (1763-1775) [16/4/2021],"And on top of that, there was also a generational division – half the colonists in 1775 were under the age of 16, meaning that they had no direct connection with the struggles that had begun a decade earlier."
Strategy of Protest and Revolution 3: The American Revolution (1763-1775) [16/4/2021],"Fragmented societies are bad for movements, because the presence of many groups, each with their own priorities and needs, makes it very difficult to find a common issue that can get most people working towards the same goal."
Strategy of Protest and Revolution 3: The American Revolution (1763-1775) [16/4/2021],"Instead, what usually happens is this: a few groups unite around a certain issue to form a movement, then a few other disagreeing groups form their own counter-movement, splitting the public in two."
Strategy of Protest and Revolution 3: The American Revolution (1763-1775) [16/4/2021],"The two movements fight, exhaust themselves, and neither ends up having enough power to challenge the establishment."
Strategy of Protest and Revolution 3: The American Revolution (1763-1775) [16/4/2021],"This was the story of colonial activism prior to the 1760s: colonial activists would come up with a plan, only to fight with other activists who disagreed."
Strategy of Protest and Revolution 3: The American Revolution (1763-1775) [16/4/2021],"Small colonies versus big colonies, merchants versus landowners, North versus South… heading into the 1760s, there was no reason to expect this time to be any different."
Strategy of Protest and Revolution 3: The American Revolution (1763-1775) [16/4/2021],"Opportunity: Imperial Reform"
Strategy of Protest and Revolution 3: The American Revolution (1763-1775) [16/4/2021],"But this time was different."
Strategy of Protest and Revolution 3: The American Revolution (1763-1775) [16/4/2021],"In previous videos, we’ve said that reform periods represent an ‘extended window of opportunity’ for movements, because they weaken the ties that keep establishments strongly united against opposition."
Strategy of Protest and Revolution 3: The American Revolution (1763-1775) [16/4/2021],"And now, the British imperial establishment wanted reform."
Strategy of Protest and Revolution 3: The American Revolution (1763-1775) [16/4/2021],"When the colonies were still young, Britain’s goal was to have them grow at minimal public expense."
Strategy of Protest and Revolution 3: The American Revolution (1763-1775) [16/4/2021],"As such, it established a policy of ‘salutary neglect’, where colonial elites were granted broader economic and political freedom to manage their affairs."
Strategy of Protest and Revolution 3: The American Revolution (1763-1775) [16/4/2021],"By the 1760s, this had produced a freewheeling set of societies, at least for white Anglos, that collectively was becoming a demographic and economic equal to their home country."
Strategy of Protest and Revolution 3: The American Revolution (1763-1775) [16/4/2021],"Seeing this, the British began to fear that the Americans would overshadow them and take over their Empire."
Strategy of Protest and Revolution 3: The American Revolution (1763-1775) [16/4/2021],"These fears increased, even as Britain annexed France’s North American colonies: almost immediately, the colonists dragged Britain into another expensive fight against Native Americans, while they themselves pocketed the war profits and used them to undercut the home country’s trade and manufacturing."
Strategy of Protest and Revolution 3: The American Revolution (1763-1775) [16/4/2021],"So Parliament decided to end salutary neglect."
Strategy of Protest and Revolution 3: The American Revolution (1763-1775) [16/4/2021],"Economically, the colonists would come back under Britain’s economic regulation, which not only included the infamous taxes, but also new restrictions on immigration and industry."
Strategy of Protest and Revolution 3: The American Revolution (1763-1775) [16/4/2021],"Politically, the colonists would be kept to the Eastern Seaboard, their influence diluted by the new non-Anglo territories of Canada, Ohio and Florida."
Strategy of Protest and Revolution 3: The American Revolution (1763-1775) [16/4/2021],"Last but not least, these changes signaled that Britain would now interfere more frequently and directly in colonial affairs."
Strategy of Protest and Revolution 3: The American Revolution (1763-1775) [16/4/2021],"For the Anglo colonial elite, imperial reform threatened their growth, wealth, and power."
Strategy of Protest and Revolution 3: The American Revolution (1763-1775) [16/4/2021],"Many, as members of the imperial establishment, had helped the British manage colonial discontent."
Strategy of Protest and Revolution 3: The American Revolution (1763-1775) [16/4/2021],"Now they began to defect, using their influence to fuel and lead this same discontent against their former partners."
Strategy of Protest and Revolution 3: The American Revolution (1763-1775) [16/4/2021],"Issue: Locke, Moderates and Patriots"
Strategy of Protest and Revolution 3: The American Revolution (1763-1775) [16/4/2021],"So a few colonial elites were upset, but that wasn’t enough to make them work together as a movement."
Strategy of Protest and Revolution 3: The American Revolution (1763-1775) [16/4/2021],"They needed an issue – something that outlines the problem with establishment policy, and offers a solution to fix it."
Strategy of Protest and Revolution 3: The American Revolution (1763-1775) [16/4/2021],"The point of an issue is to encourage people to participate in the movement, so ideally the problem should be relevant and the solution popular."
Strategy of Protest and Revolution 3: The American Revolution (1763-1775) [16/4/2021],"Again, we need to remember that the colonists were very fragmented, so what was a serious problem to some might have been barely relevant to others."
Strategy of Protest and Revolution 3: The American Revolution (1763-1775) [16/4/2021],"Ultimately, activists decided to base their issue ‘problem’ on the political theory of John Locke."
Strategy of Protest and Revolution 3: The American Revolution (1763-1775) [16/4/2021],"Writing in the late 17th Century, Locke argued that government’s purpose was to protect people’s rights to Life, Liberty and Property, and a serious societal problem emerged whenever the government failed to protect or acted against these rights."
Strategy of Protest and Revolution 3: The American Revolution (1763-1775) [16/4/2021],"Unsurprisingly, movement activists now denounced imperial reform as a violation of Lockean rights."
Strategy of Protest and Revolution 3: The American Revolution (1763-1775) [16/4/2021],"We’re not concerned with whether Locke was right or not; we’re only concerned with whether framing the problem like this helped the movement attract participants."
Strategy of Protest and Revolution 3: The American Revolution (1763-1775) [16/4/2021],"And it did, in two main ways:"
Strategy of Protest and Revolution 3: The American Revolution (1763-1775) [16/4/2021],"First, Life, Liberty and Property were broad and vague enough to accommodate a whole slew of colonial complaints with imperial reform, ranging from higher taxes to limits on land settlement to a potential state Church."
Strategy of Protest and Revolution 3: The American Revolution (1763-1775) [16/4/2021],"Second, within the context of 18th Century Anglo politics, Locke was part of the ‘Whig’ political tradition that aimed to restrain central governments."
Strategy of Protest and Revolution 3: The American Revolution (1763-1775) [16/4/2021],"Having come to America precisely to escape London’s diktat, most Anglo colonists were unsurprisingly Whigs, and so the issue instinctively tapped into one of the few identities they all shared."
Strategy of Protest and Revolution 3: The American Revolution (1763-1775) [16/4/2021],"In short, using Locke to frame the issue problem meant that the movement could attract a broad range of colonial groups, avoiding the group infighting that had plagued previous movements."
Strategy of Protest and Revolution 3: The American Revolution (1763-1775) [16/4/2021],"But this would come at a huge moral cost: the movement couldn’t possibly define the problem beyond the vague slogan of Life, Liberty and Property, because doing so would have condemned key groups and perhaps driven them into the arms of the British establishment."
Strategy of Protest and Revolution 3: The American Revolution (1763-1775) [16/4/2021],"The result was, as many have noted, a movement based around liberty and yet, hypocritically, with little to say on Southern slavery or New England religious intolerance."
Strategy of Protest and Revolution 3: The American Revolution (1763-1775) [16/4/2021],"In the end, movement activists made the collective decision to prioritize colonial unity above all else."
Strategy of Protest and Revolution 3: The American Revolution (1763-1775) [16/4/2021],"Even with that, the movement’s issue still managed to divide the colonists in a totally new way."
Strategy of Protest and Revolution 3: The American Revolution (1763-1775) [16/4/2021],"For while most agreed that British imperial reform violated Lockean rights and that was an important societal problem, there was still the question of fixing said problem – and two camps soon sprung up around very different solutions."
Strategy of Protest and Revolution 3: The American Revolution (1763-1775) [16/4/2021],"For Moderates, anarchy was just as bad for Life, Liberty and Property as government failure, so resistance needed to accept and work with the establishment."
Strategy of Protest and Revolution 3: The American Revolution (1763-1775) [16/4/2021],"Specifically, Moderates believed they could convince the establishment to respect Lockean rights."
Strategy of Protest and Revolution 3: The American Revolution (1763-1775) [16/4/2021],"They planned to do this with a strategy of cooptation."
Strategy of Protest and Revolution 3: The American Revolution (1763-1775) [16/4/2021],"Moderates would take the movement’s power and use it as political capital within the establishment: attracting new friends, reinforcing existing allies, and dishing out rewards and punishments based on faithfulness to Locke."
Strategy of Protest and Revolution 3: The American Revolution (1763-1775) [16/4/2021],"Ultimately, Moderates hoped to create a political environment where the only establishment members who could succeed would be those who rejected imperial reform."
Strategy of Protest and Revolution 3: The American Revolution (1763-1775) [16/4/2021],"In contrast, Radicals – better known as Patriots – refused to rely on the establishment to defend Locke."
Strategy of Protest and Revolution 3: The American Revolution (1763-1775) [16/4/2021],"They wanted to ensure that, whatever the establishment’s intentions, no anti-Lockean policy could ever be implemented in the colonies."
Strategy of Protest and Revolution 3: The American Revolution (1763-1775) [16/4/2021],"They planned to do this with a strategy of disruption."
Strategy of Protest and Revolution 3: The American Revolution (1763-1775) [16/4/2021],"Patriots would take the movement’s power and use it as political and physical capital outside of the establishment."
Strategy of Protest and Revolution 3: The American Revolution (1763-1775) [16/4/2021],"If the establishment ever issued an anti-Lockean order, Patriot elites in government would obstruct and override them, and if that wasn’t possible, ordinary Patriots would use physical violence to stop the government from carrying those orders out."
Strategy of Protest and Revolution 3: The American Revolution (1763-1775) [16/4/2021],"In earlier videos, we’ve argued that issue solutions that attract the most participation usually offer moderate change compared with the status quo, because radical change threatens the benefits people already have under said status quo."
Strategy of Protest and Revolution 3: The American Revolution (1763-1775) [16/4/2021],"Here, the Moderates proposed a large lobbying campaign, while the Patriots proposed riots."
Strategy of Protest and Revolution 3: The American Revolution (1763-1775) [16/4/2021],"Naturally, most colonists started out backing the Moderates over what they saw as ‘mob rule’."
Strategy of Protest and Revolution 3: The American Revolution (1763-1775) [16/4/2021],"All in all, the colonial movement’s choice of issue was pretty sound."
Strategy of Protest and Revolution 3: The American Revolution (1763-1775) [16/4/2021],"By using Locke to outline the problem with establishment policy, they paved the way for a continent-wide coalition, and while there was a split when it came to finding a solution, most colonists were unified around the Moderate proposal."
Strategy of Protest and Revolution 3: The American Revolution (1763-1775) [16/4/2021],"The stage was set for the most powerful colonial movement yet to challenge the British Empire."
Strategy of Protest and Revolution 3: The American Revolution (1763-1775) [16/4/2021],"Moderate Cooptation: Quebec, 1763-6"
Strategy of Protest and Revolution 3: The American Revolution (1763-1775) [16/4/2021],"Even as the movement was taking shape, the first clash between British imperial reform and colonial groups was already underway."
Strategy of Protest and Revolution 3: The American Revolution (1763-1775) [16/4/2021],"And the battleground wasn’t actually in the Thirteen Colonies, but in newly-conquered Quebec."
Strategy of Protest and Revolution 3: The American Revolution (1763-1775) [16/4/2021],"Under the old salutary neglect, the British would have given the province over for local elites to run."
Strategy of Protest and Revolution 3: The American Revolution (1763-1775) [16/4/2021],"But this wasn’t possible in Quebec, whose French and Catholic elite were barred from British Anglican government."
Strategy of Protest and Revolution 3: The American Revolution (1763-1775) [16/4/2021],"Most colonists expected the British to simply disenfranchise the former, and promote the few Anglo traders living in the province as the new elite."
Strategy of Protest and Revolution 3: The American Revolution (1763-1775) [16/4/2021],"Obviously, the prospect of a few hundred Anglos lording over 70,000 Quebecois was not a recipe for stability."
Strategy of Protest and Revolution 3: The American Revolution (1763-1775) [16/4/2021],"So in 1763, the London-appointed Governor came up with a new policy: instead of handing power over to the Anglo traders, he himself would run Quebec, and grant a limited tolerance for Catholicism and French law that the Anglo colonists would never have given."
Strategy of Protest and Revolution 3: The American Revolution (1763-1775) [16/4/2021],"The colonists were furious."
Strategy of Protest and Revolution 3: The American Revolution (1763-1775) [16/4/2021],"Not only did the Governor sabotage their attempt to dominate Quebec, he did so by violating the principle of colonial self-governance."
Strategy of Protest and Revolution 3: The American Revolution (1763-1775) [16/4/2021],"The Lockean problem was soon deployed against the Governor: his policy violated English liberty; his taxes did not have the people’s consent; the soldiers he sent to enforce tax collection were agents of royal tyranny."
Strategy of Protest and Revolution 3: The American Revolution (1763-1775) [16/4/2021],"This was enough to unite the Anglo traders, but what could they actually do? Despite the occasional brawl with the Montreal garrison, the Anglos knew they were too few to stop the Governor from implementing his policy."
Strategy of Protest and Revolution 3: The American Revolution (1763-1775) [16/4/2021],"They could, however, follow the Moderate strategy of cooptation, and convince other members of the establishment to stop the Governor."
Strategy of Protest and Revolution 3: The American Revolution (1763-1775) [16/4/2021],"The traders quickly realized that they were well-suited for cooptation."
Strategy of Protest and Revolution 3: The American Revolution (1763-1775) [16/4/2021],"Most of them were already business partners with London’s influential merchants, and by weaponizing this relationship, they got said merchants to lobby for their cause in Parliament, the very core of the imperial establishment."
Strategy of Protest and Revolution 3: The American Revolution (1763-1775) [16/4/2021],"Soon, Parliament was being bombarded with petitions, planted press stories, and protests, all denouncing Quebec’s Governor and his superiors for being tyrannical, pro-Catholic, and un-British."
Strategy of Protest and Revolution 3: The American Revolution (1763-1775) [16/4/2021],"After three years of this, the Government fell, the opposition came into power and, recognizing the benefits of a pro-Lockean stance, replaced the Governor."
Strategy of Protest and Revolution 3: The American Revolution (1763-1775) [16/4/2021],"Quebec showcased how Moderate cooptation would work."
Strategy of Protest and Revolution 3: The American Revolution (1763-1775) [16/4/2021],"By weaponizing existing relationships with London’s merchants, Moderates could appropriate the power and resources of the merchant lobby for their own use, eliminating the need to build their own power from the ground up."
Strategy of Protest and Revolution 3: The American Revolution (1763-1775) [16/4/2021],"In the short-run, this was a very efficient way to win."
Strategy of Protest and Revolution 3: The American Revolution (1763-1775) [16/4/2021],"But in the long-run, this tied Moderate power to the power of the London merchant lobby."
Strategy of Protest and Revolution 3: The American Revolution (1763-1775) [16/4/2021],"To be sure, this lobby was very strong, and if the only point of imperial reform was to raise a few taxes, Parliament wouldn’t have bothered risking their wrath."
Strategy of Protest and Revolution 3: The American Revolution (1763-1775) [16/4/2021],"But this wasn’t the only point of imperial reform."
Strategy of Protest and Revolution 3: The American Revolution (1763-1775) [16/4/2021],"Fundamentally, Moderates failed to fully appreciate the non-economic aspects of this contest."
Strategy of Protest and Revolution 3: The American Revolution (1763-1775) [16/4/2021],"For the British imperial establishment, failing to pass imperial reform would mean being gradually sidelined by their growing subjects, which was something they were willing to commit a lot of power to avoid."
Strategy of Protest and Revolution 3: The American Revolution (1763-1775) [16/4/2021],"And once their committed power grew beyond even what the merchant lobby could handle, the Moderates would be left in a very bad position indeed."
Strategy of Protest and Revolution 3: The American Revolution (1763-1775) [16/4/2021],"Quebec was already looking like a temporary victory."
Strategy of Protest and Revolution 3: The American Revolution (1763-1775) [16/4/2021],"The new Governor quickly returned to his predecessor’s policy, rendering the past three years of Moderate cooptation moot."
Strategy of Protest and Revolution 3: The American Revolution (1763-1775) [16/4/2021],"Patriot Disruption 1: Sugar & Stamp Acts, 1764-6"
Strategy of Protest and Revolution 3: The American Revolution (1763-1775) [16/4/2021],"Even as the political struggle in Quebec was underway, a new one was developing further south."
Strategy of Protest and Revolution 3: The American Revolution (1763-1775) [16/4/2021],"Between 1764 and 5, Parliament passed taxes on American sugar and official stamp documentation, intending to have the colonies shoulder some imperial expenses."
Strategy of Protest and Revolution 3: The American Revolution (1763-1775) [16/4/2021],"This was seen as another violation of colonial self-government."
Strategy of Protest and Revolution 3: The American Revolution (1763-1775) [16/4/2021],"The Stamp Act, in particular, upset a large swathe of the colonial elite whose businesses relied on official documents – printers, lawyers, clergy and the like."
Strategy of Protest and Revolution 3: The American Revolution (1763-1775) [16/4/2021],"From Halifax to Savannah, they protested and petitioned in another attempt at cooptation: Virginia gentlemen would even suspend debt payments to get their London creditors to lobby Parliament harder."
Strategy of Protest and Revolution 3: The American Revolution (1763-1775) [16/4/2021],"But this time, the establishment was determined to overpower the merchant lobby."
Strategy of Protest and Revolution 3: The American Revolution (1763-1775) [16/4/2021],"Moderate cooptation failed to reverse the taxes; but the colonists could still stop them from being collected."
Strategy of Protest and Revolution 3: The American Revolution (1763-1775) [16/4/2021],"The stage was set for the Patriots and their strategy of disruption."
Strategy of Protest and Revolution 3: The American Revolution (1763-1775) [16/4/2021],"In the cities, particularly Boston, angry Patriot elites began mobilizing whatever physical power they could muster."
Strategy of Protest and Revolution 3: The American Revolution (1763-1775) [16/4/2021],"Like in Quebec, they again tapped into their personal networks – business clients for the merchant John Hancock; political clients for the politician Sam Adams."
Strategy of Protest and Revolution 3: The American Revolution (1763-1775) [16/4/2021],"They were organized into what were essentially personal mobs, ready to riot on their patron’s command."
Strategy of Protest and Revolution 3: The American Revolution (1763-1775) [16/4/2021],"In an age before modern policing, it wasn’t so difficult for riots to stop government policy execution."
Strategy of Protest and Revolution 3: The American Revolution (1763-1775) [16/4/2021],"Mobs barred people from paying taxes, attacked tax collectors and officers, and even burnt down the house of the Massachusetts Lieutenant Governor."
Strategy of Protest and Revolution 3: The American Revolution (1763-1775) [16/4/2021],"As a result, nobody paid or collected the taxes, rendering the Parliamentary decision completely impotent."
Strategy of Protest and Revolution 3: The American Revolution (1763-1775) [16/4/2021],"After a year, the establishment bowed to reality and repealed both taxes."
Strategy of Protest and Revolution 3: The American Revolution (1763-1775) [16/4/2021],"The Stamp Act Riots showcased how Patriot disruption would work."
Strategy of Protest and Revolution 3: The American Revolution (1763-1775) [16/4/2021],"Through extra-ordinary political action and physical violence, colonists demonstrated that they could prevent establishment policy from being executed."
Strategy of Protest and Revolution 3: The American Revolution (1763-1775) [16/4/2021],"That said, the Patriots won only because the British were completely unprepared – and the stakes were too high for them to surrender after one failure."
Strategy of Protest and Revolution 3: The American Revolution (1763-1775) [16/4/2021],"Like the Moderates, the Patriots had to ask themselves: what would they do to resist the next, inevitably more powerful attack?"
Strategy of Protest and Revolution 3: The American Revolution (1763-1775) [16/4/2021],"Patriot Disruption 2: Vanguardism"
Strategy of Protest and Revolution 3: The American Revolution (1763-1775) [16/4/2021],"Unlike the Moderates, the Patriots would develop a response to the problem of growing establishment power."
Strategy of Protest and Revolution 3: The American Revolution (1763-1775) [16/4/2021],"And in doing so, they would become an early example for a new social movement grand strategy – Mass Agitation or Vanguardism."
Strategy of Protest and Revolution 3: The American Revolution (1763-1775) [16/4/2021],"To understand vanguardism, we should first review what the colonists had been doing so far."
Strategy of Protest and Revolution 3: The American Revolution (1763-1775) [16/4/2021],"Earlier, we said that social movements revolve around two things: issues, which drive public participation, and organization, which converts this participation into power."
Strategy of Protest and Revolution 3: The American Revolution (1763-1775) [16/4/2021],"From this, we can derive three grand strategies: one focusing on issues, one on organization, and one balanced between the two."
Strategy of Protest and Revolution 3: The American Revolution (1763-1775) [16/4/2021],"Let’s first look at the issue-heavy grand strategy, or ‘Spontaneous Uprising’."
Strategy of Protest and Revolution 3: The American Revolution (1763-1775) [16/4/2021],"In a Spontaneous Uprising, activists focus on finding and deploying a hot-button issue that gets as many people as possible participating in the movement."
Strategy of Protest and Revolution 3: The American Revolution (1763-1775) [16/4/2021],"Nobody forces people to participate in the movement; nobody instructs participants what to do once in the movement."
Strategy of Protest and Revolution 3: The American Revolution (1763-1775) [16/4/2021],"The whole movement is supported by pure amateurish enthusiasm, and one can’t expect enthusiastic amateurs to have the discipline or coordination required for effective work."
Strategy of Protest and Revolution 3: The American Revolution (1763-1775) [16/4/2021],"So while Spontaneous Uprisings are extremely easy to set up, they tend to be very ineffective at producing power, and only win if they can attract a massive number of participants, or are facing a very weak establishment."
Strategy of Protest and Revolution 3: The American Revolution (1763-1775) [16/4/2021],"The colonial resistance in Quebec and during the Stamp Act were examples of Spontaneous Uprisings."
Strategy of Protest and Revolution 3: The American Revolution (1763-1775) [16/4/2021],"In both cases, the movement successfully got colonists so angry that they began resisting the imperial establishment in whatever way they saw fit: lobbying in Quebec, riots in Boston."
Strategy of Protest and Revolution 3: The American Revolution (1763-1775) [16/4/2021],"Both prevailed over an unprepared imperial establishment, but there was every indication that this grand strategy was reaching its limits."
Strategy of Protest and Revolution 3: The American Revolution (1763-1775) [16/4/2021],"For one, the imperial establishment was getting prepared."
Strategy of Protest and Revolution 3: The American Revolution (1763-1775) [16/4/2021],"Parliament laid the legal groundwork by declaring its authority over the colonies, and eventually, it would enforce this by sending troops over, particularly to Boston."
Strategy of Protest and Revolution 3: The American Revolution (1763-1775) [16/4/2021],"By mustering more of the state’s political and physical powers, the British hoped to set the bar for victory beyond what the colonists had been able to achieve so far."
Strategy of Protest and Revolution 3: The American Revolution (1763-1775) [16/4/2021],"Even without these measures, colonial power was already weakening."
Strategy of Protest and Revolution 3: The American Revolution (1763-1775) [16/4/2021],"This is typical of Spontaneous Uprisings: since their success relies on using issues to whip up public enthusiasm, they tend to suffer massive attrition in the medium and long runs, as participants calm down, get exhausted or bored, and drop out."
Strategy of Protest and Revolution 3: The American Revolution (1763-1775) [16/4/2021],"Attrition was a particularly pressing problem for the Patriots, since their strategy of disruption, which carried serious physical and legal risks, demanded exceptionally high enthusiasm from participants."
Strategy of Protest and Revolution 3: The American Revolution (1763-1775) [16/4/2021],"The initial shock of the Stamp Act helped get people up in arms, but now that the British were dragging things out, there was every chance that their intrusions would become ‘normalized’, and colonists would lose their enthusiasm for high-risk rioting."
Strategy of Protest and Revolution 3: The American Revolution (1763-1775) [16/4/2021],"But in a way, attrition was only a serious problem because so far, the colonial resistance had let people freely decide when to participate in the movement, and what to do once in it."
Strategy of Protest and Revolution 3: The American Revolution (1763-1775) [16/4/2021],"But what if the Patriots could change that, just a little? What if they could artificially encourage people to participate, or artificially raise the amount of power each participant contributed with their work? Then the Patriots would be able to sustain their power and hold their ground in a long-term contest against the imperial establishment."
Strategy of Protest and Revolution 3: The American Revolution (1763-1775) [16/4/2021],"This is where vanguardism, as a grand strategy, comes in."
Strategy of Protest and Revolution 3: The American Revolution (1763-1775) [16/4/2021],"In it, a movement establishes specialist organizations, known as ‘vanguards’, to structure and coordinate work in a way that boosts and sustains movement power."
Strategy of Protest and Revolution 3: The American Revolution (1763-1775) [16/4/2021],"They can do this in three ways: first, vanguards can better refine, target and broadcast issues to the general public – also known as propaganda; second, they can impose structure on participants, increasing the efficiency of all aspects of work from recruitment to action; and finally, they can serve as a centralized command, observing the establishment and directing movement power to where it would be most impactful."
Strategy of Protest and Revolution 3: The American Revolution (1763-1775) [16/4/2021],"Unlike the famous Leninist vanguards, the Patriots didn’t need to organize from the ground up."
Strategy of Protest and Revolution 3: The American Revolution (1763-1775) [16/4/2021],"Instead, Patriot activists exploited their position as local elites to hijack colonial institutions and repurpose them as vanguards."
Strategy of Protest and Revolution 3: The American Revolution (1763-1775) [16/4/2021],"All in all, the Patriots would end up relying on three major organizations: the Sons of Liberty, the Colonial Assemblies, and the Press."
Strategy of Protest and Revolution 3: The American Revolution (1763-1775) [16/4/2021],"The Sons of Liberty were one of the few organizations that the Patriots created from scratch, having started out as a way to organize the private mobs in Boston."
Strategy of Protest and Revolution 3: The American Revolution (1763-1775) [16/4/2021],"By inducting the elites who headed these mobs into a ‘secret society’ with set goals and codes of conduct, the Sons incentivized elites to deploy their power in ways that helped the movement, rather than for personal gain."
Strategy of Protest and Revolution 3: The American Revolution (1763-1775) [16/4/2021],"On the other end of society, the Sons increased the efficiency of Patriot recruitment by lowering the risks or costs of participation."
Strategy of Protest and Revolution 3: The American Revolution (1763-1775) [16/4/2021],"They offered an anonymous identity, which shielded Patriots from legal or social reprisals."
Strategy of Protest and Revolution 3: The American Revolution (1763-1775) [16/4/2021],"They also offered a basic organizational template, which Patriots in other colonies could easily copy to set up their own local cells."
Strategy of Protest and Revolution 3: The American Revolution (1763-1775) [16/4/2021],"These templates also standardized Patriot ideology and action across the various cells, minimizing disputes that could have arisen out of group differences."
Strategy of Protest and Revolution 3: The American Revolution (1763-1775) [16/4/2021],"Next were the Colonial Assemblies, chief among them the Massachusetts House of Representatives, and the Boston Town Meeting."
Strategy of Protest and Revolution 3: The American Revolution (1763-1775) [16/4/2021],"Patriots in these colonial institutions could both politically disrupt the Royal Governor and support the work of other Patriots as vanguards."
Strategy of Protest and Revolution 3: The American Revolution (1763-1775) [16/4/2021],"They set up Committees of Correspondence to communicate, coordinate and share resistance intel with Patriots in other colonies."
Strategy of Protest and Revolution 3: The American Revolution (1763-1775) [16/4/2021],"They provided political and legal cover for Patriot disruption and obstructed establishment crackdowns."
Strategy of Protest and Revolution 3: The American Revolution (1763-1775) [16/4/2021],"And they also lent their political skills and influence to Patriot propaganda – most notably in creating slogans such as No Taxation without Representation."
Strategy of Protest and Revolution 3: The American Revolution (1763-1775) [16/4/2021],"Finally, we have the Press, which had been alienated from the imperial establishment ever since the Stamp Act."
Strategy of Protest and Revolution 3: The American Revolution (1763-1775) [16/4/2021],"The Patriots further cemented this alliance by exploiting the media’s eternal desire for sensational and breaking news, which Patriots such as Benjamin Franklin and especially Sam Adams did to great effect."
Strategy of Protest and Revolution 3: The American Revolution (1763-1775) [16/4/2021],"By taking over a local paper and converting it into a Patriot newswire, Adams could furnish the media with timely and dramatic propaganda, further enhanced with illustrations from Paul Revere."
Strategy of Protest and Revolution 3: The American Revolution (1763-1775) [16/4/2021],"With this lure, the Patriots easily got the media to always broadcast the Patriot side of the story first, inevitably driving the public to sympathize with their movement."
Strategy of Protest and Revolution 3: The American Revolution (1763-1775) [16/4/2021],"All three vanguards – the Sons of Liberty, the Colonial Assemblies, and the Press – were in place by the time the Stamp Act was repealed, and the Patriots would soon see the benefit from their contributions."
Strategy of Protest and Revolution 3: The American Revolution (1763-1775) [16/4/2021],"But if Patriot vanguardism was so helpful, why didn’t the Moderates create their own versions?"
Strategy of Protest and Revolution 3: The American Revolution (1763-1775) [16/4/2021],"The simple answer is that vanguards, like any organization, requires resources."
Strategy of Protest and Revolution 3: The American Revolution (1763-1775) [16/4/2021],"The Moderates, blinkered by their optimistic assessment of the struggle, simply didn’t want to spend more on their movement, especially when they already had the London merchants to generate power."
Strategy of Protest and Revolution 3: The American Revolution (1763-1775) [16/4/2021],"As a result, Moderate action throughout this period remained uncoordinated, dependent on individual enthusiasm, and often self-canceling."
Strategy of Protest and Revolution 3: The American Revolution (1763-1775) [16/4/2021],"As such, the one major Moderate attempt at a united front, the Stamp Act Congress of 1765, predictably failed, as powerful New York and South Carolina Moderates refused to share their establishment connections, prioritizing their own gains over the welfare of the colonists as a whole."
Strategy of Protest and Revolution 3: The American Revolution (1763-1775) [16/4/2021],"Patriots vs Moderates: Townshend and Coercive Acts, 1767-1774"
Strategy of Protest and Revolution 3: The American Revolution (1763-1775) [16/4/2021],"Despite the imperial establishment’s failure in Quebec and now the Stamp Act, the stakes over imperial reform were still too high for them to give up."
Strategy of Protest and Revolution 3: The American Revolution (1763-1775) [16/4/2021],"So, after a brief interval, which the British hoped would reduce colonial enthusiasm for resistance, Parliament passed the Townshend Acts in 1767, placing taxes on a new set of goods ranging from paper to glass to tea."
Strategy of Protest and Revolution 3: The American Revolution (1763-1775) [16/4/2021],"Contrary to British hopes, the Patriots responded by resuming their campaign of political and physical disruption."
Strategy of Protest and Revolution 3: The American Revolution (1763-1775) [16/4/2021],"With their vanguards acting in support, the Patriots were not only able to sustain their resistance, but more importantly, they were able to keep up even as the British committed more power to the fight."
Strategy of Protest and Revolution 3: The American Revolution (1763-1775) [16/4/2021],"The British sent troops into Boston; the Patriots sent mobs to fight them, leading to events such as the Boston Massacre and New York’s Battle of Golden Hill."
Strategy of Protest and Revolution 3: The American Revolution (1763-1775) [16/4/2021],"The British dissolved the Massachusetts House; the Patriots established a Convention of Towns and ran the colony from there."
Strategy of Protest and Revolution 3: The American Revolution (1763-1775) [16/4/2021],"Years of vanguard work had created an expansive and powerful Patriot movement that the British, yet again, did not have the local resources to handle."
Strategy of Protest and Revolution 3: The American Revolution (1763-1775) [16/4/2021],"And in being at the forefront of colonial resistance, the Patriots captured the imagination of other colonists."
Strategy of Protest and Revolution 3: The American Revolution (1763-1775) [16/4/2021],"The time was ripe for the Patriots to further expand their movement, and it made sense to start with fellow Moderates, who shared similar attitudes towards British imperial reform."
Strategy of Protest and Revolution 3: The American Revolution (1763-1775) [16/4/2021],"If the Patriots could get enough Moderates to join them, not only would their numbers increase, but they would also become the main voice for the entire colonial resistance, and the ones best positioned to impose change across the colonies."
Strategy of Protest and Revolution 3: The American Revolution (1763-1775) [16/4/2021],"But was it even possible for Patriots to convert Moderates? After all, most Moderates could admit that Patriot disruption was effective, especially compared to their own efforts."
Strategy of Protest and Revolution 3: The American Revolution (1763-1775) [16/4/2021],"Nevertheless, their main concern was on the principles behind Patriot disruption, and its potential consequences to society."
Strategy of Protest and Revolution 3: The American Revolution (1763-1775) [16/4/2021],"Moderates worried that Patriot disruption would encourage political violence, force a break with the mother country, and ultimately leave the colonies as isolated, unstable communities vulnerable to domestic and foreign threats."
Strategy of Protest and Revolution 3: The American Revolution (1763-1775) [16/4/2021],"Simply doing more disruption wasn’t going to make Moderates any less wary of the Patriots."
Strategy of Protest and Revolution 3: The American Revolution (1763-1775) [16/4/2021],"In response, some Patriots promoted a new disruption tactic: one without political violence and minimal rebelliousness, while still ensuring that imperial reform would be rendered unworkable."
Strategy of Protest and Revolution 3: The American Revolution (1763-1775) [16/4/2021],"This was the boycott."
Strategy of Protest and Revolution 3: The American Revolution (1763-1775) [16/4/2021],"Boycotts seemed like a great Patriot answer to Moderate worries."
Strategy of Protest and Revolution 3: The American Revolution (1763-1775) [16/4/2021],"Aside from solving said worries, they would again render the Townshend taxes un-collectable."
Strategy of Protest and Revolution 3: The American Revolution (1763-1775) [16/4/2021],"Boycotting was also a familiar practice across the colonies: Northern merchants did it to keep out foreign imports, while Southern landowners used it to manage crop prices."
Strategy of Protest and Revolution 3: The American Revolution (1763-1775) [16/4/2021],"What’s more, boycotting for the colonial cause also gave indebted elites a convenient reason to cut expenses without losing face!"
Strategy of Protest and Revolution 3: The American Revolution (1763-1775) [16/4/2021],"But if the idea was good, the Patriots failed in the execution."
Strategy of Protest and Revolution 3: The American Revolution (1763-1775) [16/4/2021],"Moderate traders wouldn’t accept Patriot supervision over the boycotts, so the Patriots couldn’t use their vanguards to organize the action."
Strategy of Protest and Revolution 3: The American Revolution (1763-1775) [16/4/2021],"Instead, they would have to trust that Moderate traders would be enthusiastic enough to self-police and sustain the action for as long as needed."
Strategy of Protest and Revolution 3: The American Revolution (1763-1775) [16/4/2021],"The results were disappointing."
Strategy of Protest and Revolution 3: The American Revolution (1763-1775) [16/4/2021],"The boycott was only effective in Massachusetts, where strong Patriot vanguards could enforce the boycott."
Strategy of Protest and Revolution 3: The American Revolution (1763-1775) [16/4/2021],"Elsewhere, Moderate merchants immediately accused each other of cheating, and smaller landholders and traders ignored the boycott entirely."
Strategy of Protest and Revolution 3: The American Revolution (1763-1775) [16/4/2021],"Group disputes grew so disruptive that, had Parliament not again repealed most of the Townshend taxes in 1770, the boycott might well have collapsed from colonial infighting."
Strategy of Protest and Revolution 3: The American Revolution (1763-1775) [16/4/2021],"To a few Patriots, the Townshend boycotts seemed to confirm that the Patriots and Moderates simply didn’t mix: there was no way the Patriots could accommodate Moderate sensibilities without compromising their own effectiveness as a movement."
Strategy of Protest and Revolution 3: The American Revolution (1763-1775) [16/4/2021],"Therefore, they returned to tried-and-tested methods of physical disruption, in particular against the only major Townshend tax remaining by 1773 – the tax on tea."
Strategy of Protest and Revolution 3: The American Revolution (1763-1775) [16/4/2021],"Most Patriots and Moderates had, in fact, already planned another continent-wide boycott of the incoming tea ships; but to a few Boston Patriots, the only real guarantee lay in destroying the product."
Strategy of Protest and Revolution 3: The American Revolution (1763-1775) [16/4/2021],"So, in a surprise and surgical strike, the Bostonians boarded the ships, disposed of the tea, and left without triggering any further confrontation or collateral damage."
Strategy of Protest and Revolution 3: The American Revolution (1763-1775) [16/4/2021],"As a tactical action, the Boston Tea Party represented the apex of Patriot disruption."
Strategy of Protest and Revolution 3: The American Revolution (1763-1775) [16/4/2021],"In reality, the Tea Party turned out to be a Patriot own goal."
Strategy of Protest and Revolution 3: The American Revolution (1763-1775) [16/4/2021],"The furious British responded with a dramatic escalation of power: under the Coercive Acts, the port of Boston was closed, the Massachusetts constitution was suspended, and colonial judicial rights were restricted – and the British would back this up with another troop reinforcement."
Strategy of Protest and Revolution 3: The American Revolution (1763-1775) [16/4/2021],"The Patriots defiantly set up their own Massachusetts Provincial Government in response, but the reality was that establishment power had now far outstripped the Patriots’ capabilities, and to keep up, the movement needed the participation and help of the Moderates."
Strategy of Protest and Revolution 3: The American Revolution (1763-1775) [16/4/2021],"There was no help."
Strategy of Protest and Revolution 3: The American Revolution (1763-1775) [16/4/2021],"There were a few private donations, demonstrations of support, and other symbolic gestures."
Strategy of Protest and Revolution 3: The American Revolution (1763-1775) [16/4/2021],"Fear of what Britain might do to the other colonies also drove local elites to set up vanguard institutions in the Patriot style, mostly permanent Committees of Correspondence that could act as an alternative government should colonial legislatures be dissolved."
Strategy of Protest and Revolution 3: The American Revolution (1763-1775) [16/4/2021],"But most of the colonies refused to act with Massachusetts against the Coercive Acts, not even in a general boycott."
Strategy of Protest and Revolution 3: The American Revolution (1763-1775) [16/4/2021],"In the eyes of the Moderates who led these colonies, the Boston Patriots pretty much brought this on themselves."
Strategy of Protest and Revolution 3: The American Revolution (1763-1775) [16/4/2021],"Instead, Moderates proposed to invite all the North American colonies to a Continental Congress to discuss the potential for a joint boycott against the Coercive Acts."
Strategy of Protest and Revolution 3: The American Revolution (1763-1775) [16/4/2021],"This idea was, in fact, a political poison pill – the Moderates knew that they still outnumbered the Patriots, and so intended to use the Congress to force the Patriots to accept and follow the Moderate lead from here on out."
Strategy of Protest and Revolution 3: The American Revolution (1763-1775) [16/4/2021],"The Patriots couldn’t reject the Congress – after all, they were the ones asking for Moderate help."
Strategy of Protest and Revolution 3: The American Revolution (1763-1775) [16/4/2021],"And so the Massachusetts Patriots, having just reached their apex a short while ago, traveled to the Congress in Philadelphia half-expecting to be completely defeated – not by the British, but by the Moderates."
Strategy of Protest and Revolution 3: The American Revolution (1763-1775) [16/4/2021],"Patriotism Dominant: The 1st Continental Congress, 1774"
Strategy of Protest and Revolution 3: The American Revolution (1763-1775) [16/4/2021],"The First Continental Congress that opened in September 1774 was meant to be an overwhelmingly Moderate institution."
Strategy of Protest and Revolution 3: The American Revolution (1763-1775) [16/4/2021],"Most of the delegates from the 12 participating colonies were wealthy elites with strong desires for social stability and continued trade with Britain, and some states, notably New York, had deliberately diluted the Patriot influence within their delegation."
Strategy of Protest and Revolution 3: The American Revolution (1763-1775) [16/4/2021],"Philadelphia, the hosting city of the Congress, was a bastion of Moderate traders."
Strategy of Protest and Revolution 3: The American Revolution (1763-1775) [16/4/2021],"So it speaks to the power of the Patriot movement that they still got the Congress to endorse and even go beyond the Patriot version of the boycott."
Strategy of Protest and Revolution 3: The American Revolution (1763-1775) [16/4/2021],"In short, the Congress became a mini-demonstration of effective Patriot Vanguardism."
Strategy of Protest and Revolution 3: The American Revolution (1763-1775) [16/4/2021],"First, the Patriots established a special message service between Boston and Philadelphia, ensuring that they, again, had the first take on developing events."
Strategy of Protest and Revolution 3: The American Revolution (1763-1775) [16/4/2021],"Immediately after the Congress began, Sam Adams used this service to spread propaganda regarding a British attack on Boston, coupled with news of brave colonial resistance."
Strategy of Protest and Revolution 3: The American Revolution (1763-1775) [16/4/2021],"Unsurprisingly, this ‘Powder Alarm’ helped generate a more pro-Patriot attitude amongst the delegates."
Strategy of Protest and Revolution 3: The American Revolution (1763-1775) [16/4/2021],"The Patriots then hijacked the Congress by infiltrating the subcommittees responsible for reviewing the various boycott proposals."
Strategy of Protest and Revolution 3: The American Revolution (1763-1775) [16/4/2021],"Shrewdly, John Adams and his Massachusetts Patriots gave these tasks to allies from other colonies, avoiding Moderate suspicion in the process."
Strategy of Protest and Revolution 3: The American Revolution (1763-1775) [16/4/2021],"As a result, the subcommittee ultimately recommended the Patriot version of the boycott, which proposed an immediate boycott on all British goods."
Strategy of Protest and Revolution 3: The American Revolution (1763-1775) [16/4/2021],"The rest of the Congress accepted their decisions."
Strategy of Protest and Revolution 3: The American Revolution (1763-1775) [16/4/2021],"With this subcommittee vanguard effectively setting the Congress’ agenda, the tables were turned, and the Patriots now forced Moderates to follow Patriot policy."
Strategy of Protest and Revolution 3: The American Revolution (1763-1775) [16/4/2021],"Delegates agreed to additionally ban American exports to Britain in a year’s time; they also endorsed community resolutions that took a hard-line stance towards British rule."
Strategy of Protest and Revolution 3: The American Revolution (1763-1775) [16/4/2021],"But most importantly, the Congress agreed with Patriots that effective boycotts needed supervision and, as a result, created the ‘Continental Association’, where each local community would establish a committee to ensure compliance with the boycott."
Strategy of Protest and Revolution 3: The American Revolution (1763-1775) [16/4/2021],"And here, not even the Patriots themselves could have fully appreciated what they had unleashed onto the colonists."
Strategy of Protest and Revolution 3: The American Revolution (1763-1775) [16/4/2021],"Compulsory Patriotism: The Continental Association, 1774-5"
Strategy of Protest and Revolution 3: The American Revolution (1763-1775) [16/4/2021],"The establishment of the Continental Association marks the second transition in Patriot grand strategy, from the balanced strategy of Vanguardism to the organization-focused one of ‘Ideological Mobilization’."
Strategy of Protest and Revolution 3: The American Revolution (1763-1775) [16/4/2021],"Let’s quickly review the grand strategies again."
Strategy of Protest and Revolution 3: The American Revolution (1763-1775) [16/4/2021],"In the issue-focused ‘Spontaneous Uprising’, the movement’s power comes entirely from the issue, and the enthusiasm it whips up amongst the public."
Strategy of Protest and Revolution 3: The American Revolution (1763-1775) [16/4/2021],"In the balanced grand strategy of Vanguardism, the movement’s power still requires an issue and some public enthusiasm, but the effect of the two is enhanced by organizational work."
Strategy of Protest and Revolution 3: The American Revolution (1763-1775) [16/4/2021],"Now, in the organization-heavy strategy of Ideological Mobilization, the movement’s power comes entirely from organizational work: participants don’t choose what to do in a movement, and often can’t even choose whether to join or not."
Strategy of Protest and Revolution 3: The American Revolution (1763-1775) [16/4/2021],"Instead, the movement’s organizations assign work to the participant, much like a mini-bureaucracy or state, and it is this compulsory work that generates movement power."
Strategy of Protest and Revolution 3: The American Revolution (1763-1775) [16/4/2021],"Ideological Mobilization is most relevant when the movement is built around a fringe issue that can’t attract the public participation needed for victory."
Strategy of Protest and Revolution 3: The American Revolution (1763-1775) [16/4/2021],"This was essentially where the Patriot movement had been ever since the Townshend Acts: to match the surging power of the British, the Patriots had asked for Moderate help, but that help either wasn’t coming or came with too many strings attached."
Strategy of Protest and Revolution 3: The American Revolution (1763-1775) [16/4/2021],"But now, with the establishment of the Continental Association, the Patriots no longer needed to ask."
Strategy of Protest and Revolution 3: The American Revolution (1763-1775) [16/4/2021],"The Association was the perfect vehicle for Patriot Ideological Mobilization."
Strategy of Protest and Revolution 3: The American Revolution (1763-1775) [16/4/2021],"Because the decision came from the Continental Congress, which claimed to represent the collective will of all colonists, every community had to set up a local Association branch."
Strategy of Protest and Revolution 3: The American Revolution (1763-1775) [16/4/2021],"Because the Patriots, thanks to their vanguards, were powerful and organized, they easily dominated most of the local branches."
Strategy of Protest and Revolution 3: The American Revolution (1763-1775) [16/4/2021],"And because the Association had a mandate to supervise the boycott and stop any colonist from using British goods, this gave the local Associations immense power over public behavior and private life."
Strategy of Protest and Revolution 3: The American Revolution (1763-1775) [16/4/2021],"In short, the Patriots, through the Associations, now enjoyed unprecedented power over the colonists living in the Thirteen Colonies."
Strategy of Protest and Revolution 3: The American Revolution (1763-1775) [16/4/2021],"The Patriots soon abused this power to force colonists into their movement."
Strategy of Protest and Revolution 3: The American Revolution (1763-1775) [16/4/2021],"They circled official petitions where all colonists had to publicly declare their support of the Patriot boycott."
Strategy of Protest and Revolution 3: The American Revolution (1763-1775) [16/4/2021],"They set up supervising committees and town meetings which all colonists had to attend."
Strategy of Protest and Revolution 3: The American Revolution (1763-1775) [16/4/2021],"They granted themselves huge powers to spy, search, and bully all suspected opponents."
Strategy of Protest and Revolution 3: The American Revolution (1763-1775) [16/4/2021],"And at all points of this process, they made sure that the colonists were subject to an unrelenting stream of Patriot propaganda."
Strategy of Protest and Revolution 3: The American Revolution (1763-1775) [16/4/2021],"By doing all this, the Patriots weren’t really trying to turn Moderates into enthusiastic Patriots."
Strategy of Protest and Revolution 3: The American Revolution (1763-1775) [16/4/2021],"Instead, what they wanted was for the colonists, whatever their real beliefs, to publicly act and work as if they were Patriots, and in doing so contribute positively to the Patriot movement."
Strategy of Protest and Revolution 3: The American Revolution (1763-1775) [16/4/2021],"We can see this in action, when we briefly look at how the Patriots suppressed a major rival – the Loyalists."
Strategy of Protest and Revolution 3: The American Revolution (1763-1775) [16/4/2021],"Contrary to popular image, most Loyalists were actually ‘ultra-Moderates’, as in people who also disliked British imperial reform; in fact, many Loyalists were Moderate leaders."
Strategy of Protest and Revolution 3: The American Revolution (1763-1775) [16/4/2021],"Ultimately, however, Loyalists chose distant British rule over what they saw as local Patriot tyranny."
Strategy of Protest and Revolution 3: The American Revolution (1763-1775) [16/4/2021],"Stung by the Continental Congress and the shock defeat of the Moderates, Loyalists began setting up their own vanguardist counter-movement, intending to use Patriot methods against their own creators."
Strategy of Protest and Revolution 3: The American Revolution (1763-1775) [16/4/2021],"A Loyalist movement could have been a strong force."
Strategy of Protest and Revolution 3: The American Revolution (1763-1775) [16/4/2021],"Modern scholars estimate that 15% of colonists within the Thirteen Colonies were Loyalists, among them elites who had extensive networks and resources."
Strategy of Protest and Revolution 3: The American Revolution (1763-1775) [16/4/2021],"They had enthusiastic allies in the press, the legislatures, and amongst the Highland Scottish colonists."
Strategy of Protest and Revolution 3: The American Revolution (1763-1775) [16/4/2021],"The British establishment did what it could to support them."
Strategy of Protest and Revolution 3: The American Revolution (1763-1775) [16/4/2021],"Yet the Loyalists would not be given the chance to live up to their potential."
Strategy of Protest and Revolution 3: The American Revolution (1763-1775) [16/4/2021],"Immediately, the Patriots launched a continent-wide crackdown against Loyalists."
Strategy of Protest and Revolution 3: The American Revolution (1763-1775) [16/4/2021],"Local Associations set up loyalty tests and spy networks to create an atmosphere of constant surveillance."
Strategy of Protest and Revolution 3: The American Revolution (1763-1775) [16/4/2021],"They rooted out and punished anybody who was suspected of anti-Patriot behavior, sometimes through physical or psychological torture, but mostly through ‘Civil Excommunication’, in which other colonists were banned from interacting with them."
Strategy of Protest and Revolution 3: The American Revolution (1763-1775) [16/4/2021],"Patriot propaganda encouraged colonists to view Loyalists as slaves and traitors to their neighbors."
Strategy of Protest and Revolution 3: The American Revolution (1763-1775) [16/4/2021],"These Patriot actions made a mockery out of their supposed devotion to Locke, but they effectively neutered the Loyalist movement."
Strategy of Protest and Revolution 3: The American Revolution (1763-1775) [16/4/2021],"Known Loyalist elites and vanguards were harassed out of their communities and lost the ability to organize movements."
Strategy of Protest and Revolution 3: The American Revolution (1763-1775) [16/4/2021],"Hidden Loyalists were forced to act in secret and on a small scale, which greatly limited their ability to generate significant power."
Strategy of Protest and Revolution 3: The American Revolution (1763-1775) [16/4/2021],"And Loyalist sympathizers amongst the public would, out of fear of punishment, disguise themselves as Patriots and work to destroy what they actually believed in."
Strategy of Protest and Revolution 3: The American Revolution (1763-1775) [16/4/2021],"As a result, the Loyalist movement never posed a major challenge to the Patriots, and oftentimes would exist only when large British forces were nearby."
Strategy of Protest and Revolution 3: The American Revolution (1763-1775) [16/4/2021],"If Patriot Ideological Mobilization was strong enough to effectively silence the Loyalist segment of the colonial population, then there really was no hope for the miniscule and beleaguered representatives of the British imperial establishment."
Strategy of Protest and Revolution 3: The American Revolution (1763-1775) [16/4/2021],"By early 1775, the American Revolution was essentially complete in the Thirteen Colonies: now with the willing and unwilling support of most colonists, the Patriots easily overpowered whatever imperial power remained."
Strategy of Protest and Revolution 3: The American Revolution (1763-1775) [16/4/2021],"The colonial militia and government stopped obeying British orders."
Strategy of Protest and Revolution 3: The American Revolution (1763-1775) [16/4/2021],"Royal Governors fled to nearby warships and Royal forts were taken by storm."
Strategy of Protest and Revolution 3: The American Revolution (1763-1775) [16/4/2021],"The Patriots were now free to impose whatever change they wanted, and after the Battle of Lexington and Thomas Paine’s Common Sense, that change would turn out to be full independence."
Strategy of Protest and Revolution 3: The American Revolution (1763-1775) [16/4/2021],"The only way the British could possibly overpower the movement now was by sending over a massive military force, and their decision to do that set the stage for the American Revolutionary War."
Strategy of Protest and Revolution 3: The American Revolution (1763-1775) [16/4/2021],"Movement Failure: Canada"
Strategy of Protest and Revolution 3: The American Revolution (1763-1775) [16/4/2021],"How could the British imperial establishment let a colonial dispute spiral so catastrophically out of control? Well, as we have seen, the British repeatedly committed the cardinal sin of movement suppression: they responded to each strengthening of colonial power with proportionate, rather than overwhelming force."
Strategy of Protest and Revolution 3: The American Revolution (1763-1775) [16/4/2021],"Even on the eve of Lexington, when the colonies were basically independent, General Gage in Boston still only had 3 thousand troops to suppress the Patriots, rather than the 20 thousand he had requested."
Strategy of Protest and Revolution 3: The American Revolution (1763-1775) [16/4/2021],"And if those 20 thousand troops had arrived in Boston immediately after the Stamp Act Riots, the Patriot movement would have been squashed as soon as it had begun."
Strategy of Protest and Revolution 3: The American Revolution (1763-1775) [16/4/2021],"These failures occurred because the British establishment did not want to pay for so many troops, and – surprise! – they genuinely believed that such actions would have been tyrannical."
Strategy of Protest and Revolution 3: The American Revolution (1763-1775) [16/4/2021],"The Patriots rarely fell victim to such concerns, especially when suppressing the Loyalists, and that gave them an advantage over their enemies."
Strategy of Protest and Revolution 3: The American Revolution (1763-1775) [16/4/2021],"There was another way to defeat the colonial movement that didn’t involve force."
Strategy of Protest and Revolution 3: The American Revolution (1763-1775) [16/4/2021],"Local elites were by far the most valuable supporters of the colonial resistance, providing the resources, networks, and social acceptance that the movement would otherwise have taken years to build up."
Strategy of Protest and Revolution 3: The American Revolution (1763-1775) [16/4/2021],"That’s why autocrats have often placed local elites under close establishment watch, like how the French moved their nobility to Versailles."
Strategy of Protest and Revolution 3: The American Revolution (1763-1775) [16/4/2021],"A few establishment figures proposed something similar for American elites, but this was always seen as a fringe and un-British policy."
Strategy of Protest and Revolution 3: The American Revolution (1763-1775) [16/4/2021],"Which brings us to Canada."
Strategy of Protest and Revolution 3: The American Revolution (1763-1775) [16/4/2021],"The British establishment largely failed to keep the colonial Anglo elite on their side, but with Quebec, the sheer cultural differences between ruler and ruled made it obvious that the British needed to adopt a strategy of cooptation, and convince the locals to stick with British rule."
Strategy of Protest and Revolution 3: The American Revolution (1763-1775) [16/4/2021],"The Quebec Act of 1774, which granted religious tolerance and some acceptance of French law within the province, made British rule far more agreeable to the Quebecois elite, especially compared with the alternative, which was rule by the Anglo colonists that had so recently tried to destroy them."
Strategy of Protest and Revolution 3: The American Revolution (1763-1775) [16/4/2021],"And so, despite repeated appeals by the Continental Congresses and even military invasion, Quebec stuck with the British."
Strategy of Protest and Revolution 3: The American Revolution (1763-1775) [16/4/2021],"Nova Scotia showcased another form of elite cooptation."
Strategy of Protest and Revolution 3: The American Revolution (1763-1775) [16/4/2021],"The colony was about the same size as Georgia, and furthermore, half its population was from rebellious New England."
Strategy of Protest and Revolution 3: The American Revolution (1763-1775) [16/4/2021],"Throughout the period of the American Revolution, the colony also suffered from major political instability, largely caused by the royal Governor’s attempt to take over nearby Prince Edward Island and sell it to the Nova Scotian elite."
Strategy of Protest and Revolution 3: The American Revolution (1763-1775) [16/4/2021],"But such corruption kept the elite close to the imperial establishment, which meant that unlike Georgia, Nova Scotia would reject the Continental Association, even at the risk of being boycotted by the other colonies."
Strategy of Protest and Revolution 3: The American Revolution (1763-1775) [16/4/2021],"These elite cooptation tactics were not perfect or foolproof: attempts to bribe elites in Virginia and New York generally just drove the losing side to support the colonial resistance."
Strategy of Protest and Revolution 3: The American Revolution (1763-1775) [16/4/2021],"But given the importance of elites to the colonial movement, anything that could temporarily reduce their anger towards Britain was helpful, at least until the establishment position could be shored up by the two ultimate guarantors of stability, which were British troops and Loyalist refugees."
Strategy of Protest and Revolution 3: The American Revolution (1763-1775) [16/4/2021],"Conclusion"
Strategy of Protest and Revolution 3: The American Revolution (1763-1775) [16/4/2021],"In terms of the strategy of protest and revolution, the American Revolution was extremely innovative, even compared to its more influential peers like the French Revolution."
Strategy of Protest and Revolution 3: The American Revolution (1763-1775) [16/4/2021],"In the attempt to overcome colonial division and match the power of the British, the colonial resistance, especially its radical Patriot wing, moved from a Spontaneous Uprising based on pure enthusiasm, to a balanced strategy of Vanguardism and finally, to the proto-government of Ideological Mobilization."
Strategy of Protest and Revolution 3: The American Revolution (1763-1775) [16/4/2021],"In doing so, the Patriots demonstrated that revolutions could be ‘made’, and that even fringe radical ideologies had a shot at seizing power."
Strategy of Protest and Revolution 3: The American Revolution (1763-1775) [16/4/2021],"However, we must also acknowledge that the colonial movement was playing on ‘Very Easy’ mode."
Strategy of Protest and Revolution 3: The American Revolution (1763-1775) [16/4/2021],"Its activists and leaders were colonial elites, who had the resources, networks, and social status to build a movement at a comparatively low cost."
Strategy of Protest and Revolution 3: The American Revolution (1763-1775) [16/4/2021],"Its opponent was the British establishment, who, rather than being the ‘tyrants’ of Patriot propaganda, actually responded extremely complacently to colonial unrest."
Strategy of Protest and Revolution 3: The American Revolution (1763-1775) [16/4/2021],"Nevertheless, the American Revolution was in many ways an organizational triumph, and many future movements would spend much blood and treasure trying to replicate its effects."
Strategy of Protest and Revolution 3: The American Revolution (1763-1775) [16/4/2021],"Thanks for watching the video, and please give a like and subscribe."
Strategy of Protest and Revolution 3: The American Revolution (1763-1775) [16/4/2021],"If you have any questions, I’ll be happy to answer them in the comments section."
The Russian Bolshevik Revolution (Mar-Nov 1917) | Strategy of Protest and Revolution 4.5 [13/4/2023],"Hi, and after yet another long hiatus, welcome to Strategy Stuff."
The Russian Bolshevik Revolution (Mar-Nov 1917) | Strategy of Protest and Revolution 4.5 [13/4/2023],"This is the fourth entry in The Strategy of Protest and Revolution, where we’ll look at how revolutionary and protest movements achieve success."
The Russian Bolshevik Revolution (Mar-Nov 1917) | Strategy of Protest and Revolution 4.5 [13/4/2023],"In particular, we’ll focus on the following questions:"
The Russian Bolshevik Revolution (Mar-Nov 1917) | Strategy of Protest and Revolution 4.5 [13/4/2023],"- How do activists turn public discontent into a coordinated movement?"
The Russian Bolshevik Revolution (Mar-Nov 1917) | Strategy of Protest and Revolution 4.5 [13/4/2023]," - What do successful movements do to achieve their goals? And"
The Russian Bolshevik Revolution (Mar-Nov 1917) | Strategy of Protest and Revolution 4.5 [13/4/2023]," - How have successful strategies changed over time?"
The Russian Bolshevik Revolution (Mar-Nov 1917) | Strategy of Protest and Revolution 4.5 [13/4/2023],"In this entry, we’ll be looking at the Russian Bolshevik Revolution from March to November 1917."
The Russian Bolshevik Revolution (Mar-Nov 1917) | Strategy of Protest and Revolution 4.5 [13/4/2023],"It’s a long entry, so I’ve split it into two parts, each being its own video."
The Russian Bolshevik Revolution (Mar-Nov 1917) | Strategy of Protest and Revolution 4.5 [13/4/2023],"This first part will focus on Lenin’s social movement strategy, or how Lenin planned to bring socialism to Czarist Russia."
The Russian Bolshevik Revolution (Mar-Nov 1917) | Strategy of Protest and Revolution 4.5 [13/4/2023],"Introduction"
The Russian Bolshevik Revolution (Mar-Nov 1917) | Strategy of Protest and Revolution 4.5 [13/4/2023],"Russia went through 2 revolutions in 1917."
The Russian Bolshevik Revolution (Mar-Nov 1917) | Strategy of Protest and Revolution 4.5 [13/4/2023],"First, the February Revolution overthrew Czarist autocracy for a liberal Provisional Government; then, the October Revolution overthrew the Provisional Government for a socialist regime that would later become the Soviet Union."
The Russian Bolshevik Revolution (Mar-Nov 1917) | Strategy of Protest and Revolution 4.5 [13/4/2023],"Between these 2 revolutions, the Bolsheviks, led by Lenin, went from being a small group, to one that could take over Russia’s capital of Petrograd."
The Russian Bolshevik Revolution (Mar-Nov 1917) | Strategy of Protest and Revolution 4.5 [13/4/2023],"How did Lenin pull this off?"
The Russian Bolshevik Revolution (Mar-Nov 1917) | Strategy of Protest and Revolution 4.5 [13/4/2023],"Let’s first review what social movements are about."
The Russian Bolshevik Revolution (Mar-Nov 1917) | Strategy of Protest and Revolution 4.5 [13/4/2023],"A ‘social movement’ harnesses the collective power of ordinary people to impose change upon society."
The Russian Bolshevik Revolution (Mar-Nov 1917) | Strategy of Protest and Revolution 4.5 [13/4/2023],"In this, it is resisted by an ‘establishment’ that represents existing interests, and can use the powers of the state – particularly those related to coercion and violence – to maintain said interests."
The Russian Bolshevik Revolution (Mar-Nov 1917) | Strategy of Protest and Revolution 4.5 [13/4/2023],"Against this, movements do 2 things."
The Russian Bolshevik Revolution (Mar-Nov 1917) | Strategy of Protest and Revolution 4.5 [13/4/2023],"First, they raise ‘issues’ that encourage the public to participate in the movement; second, they create ‘organizations’ that turn this participation into power: physical, political, and more."
The Russian Bolshevik Revolution (Mar-Nov 1917) | Strategy of Protest and Revolution 4.5 [13/4/2023],"Power is what a movement uses to achieve change: either by getting the establishment to negotiate, or by overpowering it entirely in a revolution."
The Russian Bolshevik Revolution (Mar-Nov 1917) | Strategy of Protest and Revolution 4.5 [13/4/2023],"On the surface, Russia in 1917 was fertile ground for a ‘socialist’ movement based around the interests of the lower classes."
The Russian Bolshevik Revolution (Mar-Nov 1917) | Strategy of Protest and Revolution 4.5 [13/4/2023],"Decades of minimal socioeconomic reform had created huge resentments amongst the poor: rural peasants were crushed by unrepayable debt, while urban workers slaved in miserable and humiliating conditions."
The Russian Bolshevik Revolution (Mar-Nov 1917) | Strategy of Protest and Revolution 4.5 [13/4/2023],"On top of this, Russia’s participation in World War One had ended German imports and disrupted civilian logistics, resulting in soaring inflation, collapsing living conditions and an explosion in political discontent."
The Russian Bolshevik Revolution (Mar-Nov 1917) | Strategy of Protest and Revolution 4.5 [13/4/2023],"Despite this, serious obstacles still stood in the way of socialist success."
The Russian Bolshevik Revolution (Mar-Nov 1917) | Strategy of Protest and Revolution 4.5 [13/4/2023],"Problem & Issue 1: Socialism in Russia"
The Russian Bolshevik Revolution (Mar-Nov 1917) | Strategy of Protest and Revolution 4.5 [13/4/2023],"The first obstacle to socialist success was establishment state power, especially the Russian secret police with its extensive monitoring and infiltration capabilities."
The Russian Bolshevik Revolution (Mar-Nov 1917) | Strategy of Protest and Revolution 4.5 [13/4/2023],"The Bolsheviks developed several responses to state suppression, as we’ll see later, but this was ultimately not enough and by 1917, the movement had been neutralized throughout Russia."
The Russian Bolshevik Revolution (Mar-Nov 1917) | Strategy of Protest and Revolution 4.5 [13/4/2023],"Still, evading state power was seen mainly as a matter of practical execution; and it therefore took a back seat to the task of formulating an actual movement strategy."
The Russian Bolshevik Revolution (Mar-Nov 1917) | Strategy of Protest and Revolution 4.5 [13/4/2023],"Which brings us to the second and far more fundamental obstacle: socialism’s unpopularity in 1917 Russia."
The Russian Bolshevik Revolution (Mar-Nov 1917) | Strategy of Protest and Revolution 4.5 [13/4/2023],"While many Russians were sick of the Czarist establishment, that didn’t mean that they saw socialism as the solution."
The Russian Bolshevik Revolution (Mar-Nov 1917) | Strategy of Protest and Revolution 4.5 [13/4/2023],"In fact, to use our template for social movements, many socialists themselves believed that their ‘Socialist Issue’ would only attract minuscule participation in 1917 Russia, making it impossible to achieve success there."
The Russian Bolshevik Revolution (Mar-Nov 1917) | Strategy of Protest and Revolution 4.5 [13/4/2023],"Briefly and extremely generally, the Socialist Issue was derived from the socioeconomic theories of Karl Marx."
The Russian Bolshevik Revolution (Mar-Nov 1917) | Strategy of Protest and Revolution 4.5 [13/4/2023],"It claimed that society had a major problem: the proletariat – meaning people who could only survive through wage work, which under classical Marxism meant urban factory workers – was being ‘exploited’ by the capitalist bourgeoisie, who controlled the wage-paying ‘means of production’ – like factories – and used this control to force the proletariat to work for less than fair wages."
The Russian Bolshevik Revolution (Mar-Nov 1917) | Strategy of Protest and Revolution 4.5 [13/4/2023],"To socialists, exploitation was responsible for the worker misery and humiliation that was commonplace at the time."
The Russian Bolshevik Revolution (Mar-Nov 1917) | Strategy of Protest and Revolution 4.5 [13/4/2023],"To end exploitation, the Socialist Issue proposed the following solution: a socialist movement would take over the state, and use its powers to establish proletarian control over the means of production."
The Russian Bolshevik Revolution (Mar-Nov 1917) | Strategy of Protest and Revolution 4.5 [13/4/2023],"Socialists argued that this would lead to properly-rewarded work, which would let the proletariat fully contribute to society, and eventually result in a Communist utopia of technological super-progress, material abundance and individual self-realization."
The Russian Bolshevik Revolution (Mar-Nov 1917) | Strategy of Protest and Revolution 4.5 [13/4/2023],"So why was this Socialist Issue unpopular in 1917 Russia? Firstly and straightforwardly, issues that attract the public need to be relevant to their concerns, and the Socialist Issue wasn’t that."
The Russian Bolshevik Revolution (Mar-Nov 1917) | Strategy of Protest and Revolution 4.5 [13/4/2023],"Classical Marxism focused on the exploitation of the urban factory worker, who in 1917 Russia made up only 2% of the population."
The Russian Bolshevik Revolution (Mar-Nov 1917) | Strategy of Protest and Revolution 4.5 [13/4/2023],"It had little to say to the rural peasant majority and drove away all but the most idealistic bourgeoisie."
The Russian Bolshevik Revolution (Mar-Nov 1917) | Strategy of Protest and Revolution 4.5 [13/4/2023],"What’s more, socialists believed that their issue, as of 1917, wouldn’t even attract that 2% of the proletariat."
The Russian Bolshevik Revolution (Mar-Nov 1917) | Strategy of Protest and Revolution 4.5 [13/4/2023],"This was because socialism had – and has – a real difficulty demonstrating its relevance to the lower classes, especially against competing narratives."
The Russian Bolshevik Revolution (Mar-Nov 1917) | Strategy of Protest and Revolution 4.5 [13/4/2023],"Why should workers blame ‘capitalist exploitation’ for unfair wages, instead of immigration or automation? Why is a better life only possible through ‘seizing the means of production’, instead of – say – voting for bread and circuses?"
The Russian Bolshevik Revolution (Mar-Nov 1917) | Strategy of Protest and Revolution 4.5 [13/4/2023],"There are many ways to interpret this difficulty; crucially for socialists, they did so by developing the concept of ‘class consciousness’."
The Russian Bolshevik Revolution (Mar-Nov 1917) | Strategy of Protest and Revolution 4.5 [13/4/2023],"The practical effect of this idea is that workers can’t immediately embrace socialism, because they start off with ‘low consciousness’ and therefore have a naïve view of capitalism: for example, they believe that their misery comes from a ‘bad boss’ and simply replacing him will solve everything."
The Russian Bolshevik Revolution (Mar-Nov 1917) | Strategy of Protest and Revolution 4.5 [13/4/2023],"But as workers experience repeated boss changes without improvement, they will start to appreciate that the problem goes beyond any one bad boss, and instead involves a system that keeps putting bad bosses in charge."
The Russian Bolshevik Revolution (Mar-Nov 1917) | Strategy of Protest and Revolution 4.5 [13/4/2023],"This eventually leads to ‘high consciousness’ workers who understand that their misery does not come from any one bad boss, but from a system that rewards bad bosses with wealth."
The Russian Bolshevik Revolution (Mar-Nov 1917) | Strategy of Protest and Revolution 4.5 [13/4/2023],"Only now will they find the appeal of the Socialist Issue and its proposed solution."
The Russian Bolshevik Revolution (Mar-Nov 1917) | Strategy of Protest and Revolution 4.5 [13/4/2023],"So to get a large socialist movement, there must first be a high consciousness proletariat."
The Russian Bolshevik Revolution (Mar-Nov 1917) | Strategy of Protest and Revolution 4.5 [13/4/2023],"But as seen above, for a proletariat to become high consciousness, it must first be subject to extensive capitalist exploitation."
The Russian Bolshevik Revolution (Mar-Nov 1917) | Strategy of Protest and Revolution 4.5 [13/4/2023],"As such, classical Marxism argued that socialist movements would only develop after a certain stage of socioeconomic development, namely when society becomes dominated by the capitalist bourgeoisie and its political ideology, liberalism."
The Russian Bolshevik Revolution (Mar-Nov 1917) | Strategy of Protest and Revolution 4.5 [13/4/2023],"By 1917, most socialists agreed that developed Europe, especially Germany, was liberal and capitalist enough to have large and viable movements."
The Russian Bolshevik Revolution (Mar-Nov 1917) | Strategy of Protest and Revolution 4.5 [13/4/2023],"By contrast, despite rapid industrialization, Russia was still seen as non-capitalist and illiberal; so most socialists assumed that its proletariat would be too proportionally small and low consciousness to participate effectively in socialism."
The Russian Bolshevik Revolution (Mar-Nov 1917) | Strategy of Protest and Revolution 4.5 [13/4/2023],"This meant that any movement there would be minuscule and therefore powerless against the Czarist establishment."
The Russian Bolshevik Revolution (Mar-Nov 1917) | Strategy of Protest and Revolution 4.5 [13/4/2023],"Classical Marxism had no answer for this, except to wait for socioeconomic development."
The Russian Bolshevik Revolution (Mar-Nov 1917) | Strategy of Protest and Revolution 4.5 [13/4/2023],"In this way, the ideology actually has no place for a strategy of protest and revolution."
The Russian Bolshevik Revolution (Mar-Nov 1917) | Strategy of Protest and Revolution 4.5 [13/4/2023],"In the words of Engels: ‘revolutions are not made deliberately and arbitrarily but… are the necessary consequence of circumstances’."
The Russian Bolshevik Revolution (Mar-Nov 1917) | Strategy of Protest and Revolution 4.5 [13/4/2023],"Issue 2: Social Revolutionaries, Mensheviks & Bolsheviks"
The Russian Bolshevik Revolution (Mar-Nov 1917) | Strategy of Protest and Revolution 4.5 [13/4/2023],"Classical Marxism saw no hope for socialism in 1917 Russia, but of course that didn’t stop activists from trying."
The Russian Bolshevik Revolution (Mar-Nov 1917) | Strategy of Protest and Revolution 4.5 [13/4/2023],"Ultimately, they coalesced into three main groups, each proposing a solution that would let a minuscule socialist movement overpower the Czarist establishment."
The Russian Bolshevik Revolution (Mar-Nov 1917) | Strategy of Protest and Revolution 4.5 [13/4/2023],"The first group was the Social Revolutionary Party, or SRs."
The Russian Bolshevik Revolution (Mar-Nov 1917) | Strategy of Protest and Revolution 4.5 [13/4/2023],"Recognizing that most of Russia’s population were peasants, the SRs proposed to bring them into the movement."
The Russian Bolshevik Revolution (Mar-Nov 1917) | Strategy of Protest and Revolution 4.5 [13/4/2023],"As such, they redefined ‘proletariat’ to include peasants alongside urban factory workers."
The Russian Bolshevik Revolution (Mar-Nov 1917) | Strategy of Protest and Revolution 4.5 [13/4/2023],"This went against classical Marxism, partly because many peasants owned a ‘means of production’ in the form of land, and partly because peasants were seen as stubbornly low consciousness."
The Russian Bolshevik Revolution (Mar-Nov 1917) | Strategy of Protest and Revolution 4.5 [13/4/2023],"Even less Marxist was how the SRs sealed this political coalition, by promising to redistribute aristocratic and even state land to the peasants! Nevertheless, peasant support gave the SRs the largest following out of the three, not just in the countryside but also in industrial cities with large migrant populations."
The Russian Bolshevik Revolution (Mar-Nov 1917) | Strategy of Protest and Revolution 4.5 [13/4/2023],"The second group was the ‘Menshevik’ faction of the Russian Social Democratic Labor Party."
The Russian Bolshevik Revolution (Mar-Nov 1917) | Strategy of Protest and Revolution 4.5 [13/4/2023],"They largely followed classical Marxism, both in focusing on the urban factory worker, and in the assessment that said workers were still low consciousness."
The Russian Bolshevik Revolution (Mar-Nov 1917) | Strategy of Protest and Revolution 4.5 [13/4/2023],"Their solution was, therefore, to raise consciousness by promoting Russia’s socioeconomic development – which meant letting the capitalist bourgeoisie further exploit the proletariat!"
The Russian Bolshevik Revolution (Mar-Nov 1917) | Strategy of Protest and Revolution 4.5 [13/4/2023],"Nevertheless, this meant that the Mensheviks would team up with well-funded bourgeois movements who also wanted to overpower the Czarist establishment, albeit for liberal rather than socialist change."
The Russian Bolshevik Revolution (Mar-Nov 1917) | Strategy of Protest and Revolution 4.5 [13/4/2023],"By riding on their coattails, the Mensheviks hoped to acquire goodwill or even power, which they could then use to achieve some socialism within Russia."
The Russian Bolshevik Revolution (Mar-Nov 1917) | Strategy of Protest and Revolution 4.5 [13/4/2023],"Then, there was the ‘Bolshevik’ faction of the Russian Social Democratic Labor Party – the group headed by Lenin."
The Russian Bolshevik Revolution (Mar-Nov 1917) | Strategy of Protest and Revolution 4.5 [13/4/2023],"Like the Mensheviks, the Bolsheviks also focused on the urban factory worker and their current low consciousness."
The Russian Bolshevik Revolution (Mar-Nov 1917) | Strategy of Protest and Revolution 4.5 [13/4/2023],"But unlike them and contrary to classical Marxism, the Bolsheviks did not believe that socioeconomic development was the only way to raise consciousness."
The Russian Bolshevik Revolution (Mar-Nov 1917) | Strategy of Protest and Revolution 4.5 [13/4/2023],"Instead, Lenin argued that, rather than waiting for workers to become disillusioned with capitalism, a movement could artificially and prematurely raise their consciousness."
The Russian Bolshevik Revolution (Mar-Nov 1917) | Strategy of Protest and Revolution 4.5 [13/4/2023],"If done right, that meant workers would become high consciousness without first needing liberal regimes or mass industrialization."
The Russian Bolshevik Revolution (Mar-Nov 1917) | Strategy of Protest and Revolution 4.5 [13/4/2023],"In other words, a socialist revolution could happen in Czarist Russia right now."
The Russian Bolshevik Revolution (Mar-Nov 1917) | Strategy of Protest and Revolution 4.5 [13/4/2023],"And in choosing this approach, Lenin would revolutionize movement strategy forever."
The Russian Bolshevik Revolution (Mar-Nov 1917) | Strategy of Protest and Revolution 4.5 [13/4/2023],"Grand Strategy: Mass Agitation"
The Russian Bolshevik Revolution (Mar-Nov 1917) | Strategy of Protest and Revolution 4.5 [13/4/2023],"At first glance, the Bolshevik proposal to artificially raise consciousness might seem like just another heretical interpretation of Marx."
The Russian Bolshevik Revolution (Mar-Nov 1917) | Strategy of Protest and Revolution 4.5 [13/4/2023],"In fact, what they proposed was a completely different movement grand strategy."
The Russian Bolshevik Revolution (Mar-Nov 1917) | Strategy of Protest and Revolution 4.5 [13/4/2023],"Earlier, we said that movements do 2 things: raise issues to promote public participation, and create organizations to convert participation into power."
The Russian Bolshevik Revolution (Mar-Nov 1917) | Strategy of Protest and Revolution 4.5 [13/4/2023],"From this, we can derive 3 movement grand strategies: 1 focused purely on issues, 1 purely on organization, and 1 combining the 2."
The Russian Bolshevik Revolution (Mar-Nov 1917) | Strategy of Protest and Revolution 4.5 [13/4/2023],"For this entry, we’ll be focusing on the first and third grand strategies."
The Russian Bolshevik Revolution (Mar-Nov 1917) | Strategy of Protest and Revolution 4.5 [13/4/2023],"What the SRs and Mensheviks were doing was the issue-focused grand strategy, known as the ‘Spontaneous Uprising’."
The Russian Bolshevik Revolution (Mar-Nov 1917) | Strategy of Protest and Revolution 4.5 [13/4/2023],"In it, a movement finds an issue so appealing to the public that they participate in droves, forming a sheer weight of numbers that overpowers establishment resistance."
The Russian Bolshevik Revolution (Mar-Nov 1917) | Strategy of Protest and Revolution 4.5 [13/4/2023],"As the Socialist Issue was not attractive enough to do this in 1917 Russia, the SRs and Mensheviks had to partner with other movements to achieve the necessary size – the peasants for the SRs, the bourgeoisie for the Mensheviks."
The Russian Bolshevik Revolution (Mar-Nov 1917) | Strategy of Protest and Revolution 4.5 [13/4/2023],"Such partnerships inevitably diluted the change that these socialists hoped to bring to society, but they felt they had no other choice."
The Russian Bolshevik Revolution (Mar-Nov 1917) | Strategy of Protest and Revolution 4.5 [13/4/2023],"To an ideologue like Lenin, diluting socialism was abhorrent, and so copying the SR or Menshevik partnerships was a non-starter."
The Russian Bolshevik Revolution (Mar-Nov 1917) | Strategy of Protest and Revolution 4.5 [13/4/2023],"But that meant that the Bolsheviks needed an alternative pathway towards movement success: after all, the only way a Spontaneous Uprising can win is through sheer size, because the typical participant will not sacrifice very much for a cause, and therefore will not generate much power."
The Russian Bolshevik Revolution (Mar-Nov 1917) | Strategy of Protest and Revolution 4.5 [13/4/2023],"Large numbers can still multiply this into something establishment-threatening, but Lenin was now rejecting this because of ideological purity."
The Russian Bolshevik Revolution (Mar-Nov 1917) | Strategy of Protest and Revolution 4.5 [13/4/2023],"So what was his solution?"
The Russian Bolshevik Revolution (Mar-Nov 1917) | Strategy of Protest and Revolution 4.5 [13/4/2023],"Lenin’s solution began with the profound industrial-age insight that a movement didn’t have to accept everything within its environment as fixed."
The Russian Bolshevik Revolution (Mar-Nov 1917) | Strategy of Protest and Revolution 4.5 [13/4/2023],"Like everything in strategy, environmental factors will always limit a movement’s potential: for example, the public will only find certain issues relevant, and participants will only generate so much power."
The Russian Bolshevik Revolution (Mar-Nov 1917) | Strategy of Protest and Revolution 4.5 [13/4/2023],"The small proletariat and their lack of consciousness were, of course, major environmental constraints on socialism in 1917 Russia."
The Russian Bolshevik Revolution (Mar-Nov 1917) | Strategy of Protest and Revolution 4.5 [13/4/2023],"The SR and Menshevik strategies worked within these limits."
The Russian Bolshevik Revolution (Mar-Nov 1917) | Strategy of Protest and Revolution 4.5 [13/4/2023],"The Bolsheviks, by contrast, believed that said limits could be manipulated, and that industrial technology made this task easier than ever before: for example, by manipulating information through propaganda, an issue can become relevant to participants who wouldn’t have ‘naturally’ cared before."
The Russian Bolshevik Revolution (Mar-Nov 1917) | Strategy of Protest and Revolution 4.5 [13/4/2023],"Here, Lenin believed that he could manipulate consciousness growth within the Russian proletariat, and in so doing, prematurely mold them into exceptionally-committed participants, ready to make the large sacrifices necessary for powerful actions, up to and including socialist revolution."
The Russian Bolshevik Revolution (Mar-Nov 1917) | Strategy of Protest and Revolution 4.5 [13/4/2023],"If done right, the small Bolshevik movement would generate a power vastly larger than its size, freeing it from the need to partner with non-socialists in order to achieve success."
The Russian Bolshevik Revolution (Mar-Nov 1917) | Strategy of Protest and Revolution 4.5 [13/4/2023],"To manipulate effectively, the Bolsheviks would need a level of coordination and effort higher than mere individual initiative, and so Lenin saw the need to organize participants in order to direct their actions."
The Russian Bolshevik Revolution (Mar-Nov 1917) | Strategy of Protest and Revolution 4.5 [13/4/2023],"This conscious use of organization to manipulate the environment is a core theme of Lenin’s strategy; but at the same time, Lenin still saw limits to its use, if only because organizations cost resources."
The Russian Bolshevik Revolution (Mar-Nov 1917) | Strategy of Protest and Revolution 4.5 [13/4/2023],"Lenin wasn’t out to manipulate everything, just the consciousness of the proletariat, who were at least considered latent followers of the Socialist Issue."
The Russian Bolshevik Revolution (Mar-Nov 1917) | Strategy of Protest and Revolution 4.5 [13/4/2023],"The Bolsheviks weren’t trying to convert non-proletarians, nor were they actively organizing for a rebellion."
The Russian Bolshevik Revolution (Mar-Nov 1917) | Strategy of Protest and Revolution 4.5 [13/4/2023],"The point was to raise proletarian consciousness to such an extent that they would see the need for revolution and carry it out themselves."
The Russian Bolshevik Revolution (Mar-Nov 1917) | Strategy of Protest and Revolution 4.5 [13/4/2023],"Lenin’s combination of organization and issue resulted in a new grand strategy, which this video series has called ‘Mass Agitation’."
The Russian Bolshevik Revolution (Mar-Nov 1917) | Strategy of Protest and Revolution 4.5 [13/4/2023],"Under Mass Agitation, a movement uses organization to boost the power generated from existing participants, sometimes by coordinating or leading action, other times – as the Bolsheviks did here – by increasing their level of commitment."
The Russian Bolshevik Revolution (Mar-Nov 1917) | Strategy of Protest and Revolution 4.5 [13/4/2023],"If done right, Mass Agitations can win without achieving large amounts of support: not only can this be easier, but perhaps more importantly, it also allows a movement to maintain ideological purity."
The Russian Bolshevik Revolution (Mar-Nov 1917) | Strategy of Protest and Revolution 4.5 [13/4/2023],"Next, we turn to how Lenin saw Mass Agitation working in practice."
The Russian Bolshevik Revolution (Mar-Nov 1917) | Strategy of Protest and Revolution 4.5 [13/4/2023],"Action: Agitation"
The Russian Bolshevik Revolution (Mar-Nov 1917) | Strategy of Protest and Revolution 4.5 [13/4/2023],"Under a grand strategy of Mass Agitation, Lenin theorized that his Bolshevik movement could grow in power by using organized manipulation to artificially raise proletarian consciousness."
The Russian Bolshevik Revolution (Mar-Nov 1917) | Strategy of Protest and Revolution 4.5 [13/4/2023],"Now, it was time to apply theory to reality."
The Russian Bolshevik Revolution (Mar-Nov 1917) | Strategy of Protest and Revolution 4.5 [13/4/2023],"In considering how to raise consciousness, Lenin could have drawn from a homemade tradition: modern political terrorism."
The Russian Bolshevik Revolution (Mar-Nov 1917) | Strategy of Protest and Revolution 4.5 [13/4/2023],"In the 1870s, a few Russian proto-socialists saw peasant revolution as the way to achieve utopia, and like their socialist descendants, were frustrated at the peasants’ lack of interest."
The Russian Bolshevik Revolution (Mar-Nov 1917) | Strategy of Protest and Revolution 4.5 [13/4/2023],"Similar to the logic of class consciousness, these proto-socialists believed that the peasants could be ‘inspired’ into revolt, and so they launched terrorist attacks to provide that ‘inspiration’ as well as practical guidance."
The Russian Bolshevik Revolution (Mar-Nov 1917) | Strategy of Protest and Revolution 4.5 [13/4/2023],"Lenin was not impressed by the results."
The Russian Bolshevik Revolution (Mar-Nov 1917) | Strategy of Protest and Revolution 4.5 [13/4/2023],"Despite some significant successes – including the assassination of a Czar – the peasant revolution never materialized."
The Russian Bolshevik Revolution (Mar-Nov 1917) | Strategy of Protest and Revolution 4.5 [13/4/2023],"That was enough for many Bolsheviks to doubt the usefulness of terrorism; but even if it had generated consciousness growth, a movement would still have had to conduct a sustained campaign in order to ‘inspire’ the peasants up to revolution."
The Russian Bolshevik Revolution (Mar-Nov 1917) | Strategy of Protest and Revolution 4.5 [13/4/2023],"And this was near-impossible, given that terrorism always triggered the full suppression of the Czarist state."
The Russian Bolshevik Revolution (Mar-Nov 1917) | Strategy of Protest and Revolution 4.5 [13/4/2023],"Instead, Lenin opted for a more low-key action that he expected would be less provocative and therefore more sustainable: ‘Agitation’."
The Russian Bolshevik Revolution (Mar-Nov 1917) | Strategy of Protest and Revolution 4.5 [13/4/2023],"In a way, agitation is not very different from that social movement cliché, ‘Raising Awareness’, but with the big caveat that under socialism, aware and conscious workers inevitably revolt against the establishment."
The Russian Bolshevik Revolution (Mar-Nov 1917) | Strategy of Protest and Revolution 4.5 [13/4/2023],"Good agitation is largely indistinguishable from good propaganda, public relations, advertising or anything else in the persuasive arts."
The Russian Bolshevik Revolution (Mar-Nov 1917) | Strategy of Protest and Revolution 4.5 [13/4/2023],"Lenin advised activists to focus on ‘kitchen-table issues’, seize the news cycle, establish emotional connections, and reinforce commitment by giving interested people entry-level tasks."
The Russian Bolshevik Revolution (Mar-Nov 1917) | Strategy of Protest and Revolution 4.5 [13/4/2023],"The Bolsheviks also ‘politicized’ identities by linking them to socialism: notably, by asserting that women and colonized peoples were also victims of exploitation."
The Russian Bolshevik Revolution (Mar-Nov 1917) | Strategy of Protest and Revolution 4.5 [13/4/2023],"But ultimately, activists had to remember that the goal was not charity, but to get the proletariat to overpower the establishment."
The Russian Bolshevik Revolution (Mar-Nov 1917) | Strategy of Protest and Revolution 4.5 [13/4/2023],"As an example, while it might have been a good idea to use child labor as an emotional example of capitalist exploitation, the correct agitative response was probably not to promise a quick fix within the capitalist system; but instead, to stress that only under socialism could child labor truly be fixed."
The Russian Bolshevik Revolution (Mar-Nov 1917) | Strategy of Protest and Revolution 4.5 [13/4/2023],"Agitation was to be conducted using existing methods: primarily face-to-face conversations and newspapers, several of which Lenin founded."
The Russian Bolshevik Revolution (Mar-Nov 1917) | Strategy of Protest and Revolution 4.5 [13/4/2023],"Through them, the Bolsheviks hoped to manipulate information in such a way as to ‘awaken’ the Russian worker to the true nature of capitalist exploitation, thereby creating the high consciousness proletariat required for movement victory."
The Russian Bolshevik Revolution (Mar-Nov 1917) | Strategy of Protest and Revolution 4.5 [13/4/2023],"But as mentioned earlier, in order for the Bolsheviks to agitate effectively, they first had to be organized properly, which is what Lenin now focused his attention on."
The Russian Bolshevik Revolution (Mar-Nov 1917) | Strategy of Protest and Revolution 4.5 [13/4/2023],"Organization: The Vanguard Party"
The Russian Bolshevik Revolution (Mar-Nov 1917) | Strategy of Protest and Revolution 4.5 [13/4/2023],"In order to get the proletariat to join the Bolshevik movement, Lenin proposed using agitation to raise their consciousness; and in order to agitate effectively, Lenin proposed to do it in an organized manner, with specific structures guiding and coordinating the actions of individual participants."
The Russian Bolshevik Revolution (Mar-Nov 1917) | Strategy of Protest and Revolution 4.5 [13/4/2023],"This was the genesis for one of Lenin’s more famous creations: the ‘Vanguard Party’."
The Russian Bolshevik Revolution (Mar-Nov 1917) | Strategy of Protest and Revolution 4.5 [13/4/2023],"Despite the above logic, Lenin did not prioritize action effectiveness when considering the structure of his vanguard organization."
The Russian Bolshevik Revolution (Mar-Nov 1917) | Strategy of Protest and Revolution 4.5 [13/4/2023],"This made sense from his perspective: since socialism was inevitable, a movement that agitated poorly would merely delay things."
The Russian Bolshevik Revolution (Mar-Nov 1917) | Strategy of Protest and Revolution 4.5 [13/4/2023],"Lenin’s real fear was that his movement would deviate from his own uncompromising interpretation of Marx, resulting in a socialism that was quote-unquote ‘corrupted’ by liberal capitalism."
The Russian Bolshevik Revolution (Mar-Nov 1917) | Strategy of Protest and Revolution 4.5 [13/4/2023],"Lenin’s fear was not an idle one: ever since their appearance, socialist movements have been tempted to politically compromise with liberal capitalism in return for material benefits."
The Russian Bolshevik Revolution (Mar-Nov 1917) | Strategy of Protest and Revolution 4.5 [13/4/2023],"The British Labour Party was furthest along in this regard, but to Lenin, the worst ‘betrayal’ came from Europe’s leading socialist movement, which was Germany’s Social Democratic Party or SPD."
The Russian Bolshevik Revolution (Mar-Nov 1917) | Strategy of Protest and Revolution 4.5 [13/4/2023],"Briefly summarizing, in the early 1900s, the SPD was made up of two halves: the movement activists in the political Party, and the actual proletariat in the trade unions."
The Russian Bolshevik Revolution (Mar-Nov 1917) | Strategy of Protest and Revolution 4.5 [13/4/2023],"At first, the Party claimed to speak for both, when it rejected Bismarck’s attempt to subvert socialism with his own welfare policy."
The Russian Bolshevik Revolution (Mar-Nov 1917) | Strategy of Protest and Revolution 4.5 [13/4/2023],"The Party’s position angered the trade unions, who stood to benefit from welfare; eventually, the unions demanded leadership over the SPD, claiming that they were the true voice of the proletariat."
The Russian Bolshevik Revolution (Mar-Nov 1917) | Strategy of Protest and Revolution 4.5 [13/4/2023],"Unable to resist this logic, the activists caved – and immediately, the union-led SPD began to compromise with the German establishment, not only renouncing revolution and strike action, but also supporting establishment nationalism and colonialism."
The Russian Bolshevik Revolution (Mar-Nov 1917) | Strategy of Protest and Revolution 4.5 [13/4/2023],"This culminated in World War One, with the SPD voting to support what Lenin saw as a ‘capitalist’ war."
The Russian Bolshevik Revolution (Mar-Nov 1917) | Strategy of Protest and Revolution 4.5 [13/4/2023],"To Lenin, the SPD’s failure revealed the tendency of both proletariat and Party to deviate towards liberal capitalism."
The Russian Bolshevik Revolution (Mar-Nov 1917) | Strategy of Protest and Revolution 4.5 [13/4/2023],"Famously, he chastised the proletariat as having, at best, a ‘trade union consciousness’, which meant that they would always compromise with liberal capitalism in return for material benefits."
The Russian Bolshevik Revolution (Mar-Nov 1917) | Strategy of Protest and Revolution 4.5 [13/4/2023],"Party members, on the other hand, were vulnerable to being seduced by liberal political logic: whether through the promise of incremental reforms under capitalism or, like in the SPD’s case, through calls to accept the ‘democratic will’ of a heretical proletariat."
The Russian Bolshevik Revolution (Mar-Nov 1917) | Strategy of Protest and Revolution 4.5 [13/4/2023],"Lenin organized his vanguard to prevent these two tendencies from perverting his vision, and the result has determined the structure of Leninist parties to this day."
The Russian Bolshevik Revolution (Mar-Nov 1917) | Strategy of Protest and Revolution 4.5 [13/4/2023],"First, Lenin split the socialist movement into two tiers: the ‘mass movement’ consisting of the regular proletariat, and the ‘vanguard party’ consisting of movement activists."
The Russian Bolshevik Revolution (Mar-Nov 1917) | Strategy of Protest and Revolution 4.5 [13/4/2023],"This is sometimes seen as a defense against suppression, where the mass movement would provide support openly yet anonymously, while the vanguard would do the specialized and risky work of agitation."
The Russian Bolshevik Revolution (Mar-Nov 1917) | Strategy of Protest and Revolution 4.5 [13/4/2023],"But the main reason was to keep decisionmaking out of the proletariat and within a small activist elite that could be better vetted for ideological purity."
The Russian Bolshevik Revolution (Mar-Nov 1917) | Strategy of Protest and Revolution 4.5 [13/4/2023],"And Lenin intended to vet these activists thoroughly, by demanding that they become full-time ‘professional revolutionaries’ solely dedicated to the socialist movement."
The Russian Bolshevik Revolution (Mar-Nov 1917) | Strategy of Protest and Revolution 4.5 [13/4/2023],"Again, there were security reasons for this: professionals could perform tasks more efficiently and were better prepared for state suppression."
The Russian Bolshevik Revolution (Mar-Nov 1917) | Strategy of Protest and Revolution 4.5 [13/4/2023],"But the main reason was that full-time activists would live their whole lives within the vanguard and would therefore be fully immersed within the socialist bubble, with little outside contact to challenge their worldview."
The Russian Bolshevik Revolution (Mar-Nov 1917) | Strategy of Protest and Revolution 4.5 [13/4/2023],"Of course, even the most professional activists could lose faith, so Lenin developed a structural safeguard against them: what would often ironically be known as ‘Democratic Centralism’."
The Russian Bolshevik Revolution (Mar-Nov 1917) | Strategy of Protest and Revolution 4.5 [13/4/2023],"Democratic centralism is a top-down hierarchy where the lower entities must follow the decisions of the higher leadership: technically, the latter are held in check by the former through regular elections, but in practice the higher leadership can override this by deciding who can join the lower entities."
The Russian Bolshevik Revolution (Mar-Nov 1917) | Strategy of Protest and Revolution 4.5 [13/4/2023],"In any case, Lenin was not interested in checking power, but in checking ideology; with this circular arrangement, he hoped to perpetuate his vision by placing like-minded people in the lower entities, who in turn would do the same when picking Lenin’s successors."
The Russian Bolshevik Revolution (Mar-Nov 1917) | Strategy of Protest and Revolution 4.5 [13/4/2023],"Lastly, even before 1917, critics predicted that all these structures would turn Lenin’s vanguard party into a self-contained nomenklatura class, utterly divorced from the proletariat it claimed to represent."
The Russian Bolshevik Revolution (Mar-Nov 1917) | Strategy of Protest and Revolution 4.5 [13/4/2023],"Lenin’s answer to this was simple: make the vanguard the only organization allowed to represent the proletariat! Vanguards must not tolerate any parallel organization, no matter how friendly or aligned; they must either assume firm control over the latter or, failing that, undermine their credibility or even existence."
The Russian Bolshevik Revolution (Mar-Nov 1917) | Strategy of Protest and Revolution 4.5 [13/4/2023],"Lenin’s main targets here were the trade unions that had led the SPD astray, but the same logic applied to rival movements, leaders and in the extreme, most forms of societal organization; so in a sense, this ‘simple answer’ would serve to justify the entire system of Communist totalitarianism."
The Russian Bolshevik Revolution (Mar-Nov 1917) | Strategy of Protest and Revolution 4.5 [13/4/2023],"In summary, Lenin didn’t organize his vanguard for agitation efficiency, but instead to perpetuate his version of Marxism."
The Russian Bolshevik Revolution (Mar-Nov 1917) | Strategy of Protest and Revolution 4.5 [13/4/2023],"His emphasis on ideological vetting and rejecting outside influence inevitably came at some cost to his vanguard’s ability to act properly, but its success can be seen in the fact that Marxism-Leninism continues to be a dominant strand within socialism – which is an infamously fractious ideology – to this day."
The Russian Bolshevik Revolution (Mar-Nov 1917) | Strategy of Protest and Revolution 4.5 [13/4/2023],"Conclusion (for this Part)"
The Russian Bolshevik Revolution (Mar-Nov 1917) | Strategy of Protest and Revolution 4.5 [13/4/2023],"The major problem facing Russian socialism in 1917 was its small and uncommitted proletariat, which made it impossible for a socialist movement to overpower the Czarist establishment by itself; Lenin ramped up the difficulty by ruling out the obvious solution, which was to partner with non-socialists."
The Russian Bolshevik Revolution (Mar-Nov 1917) | Strategy of Protest and Revolution 4.5 [13/4/2023],"Instead, he created a vanguard that would use organized action to manipulate the informational environment, which he hoped would agitate the proletariat into revolution."
The Russian Bolshevik Revolution (Mar-Nov 1917) | Strategy of Protest and Revolution 4.5 [13/4/2023],"Throughout it all, Lenin’s priority remained on keeping ideological purity, even at the cost of action efficiency."
The Russian Bolshevik Revolution (Mar-Nov 1917) | Strategy of Protest and Revolution 4.5 [13/4/2023],"This general thinking would serve Lenin and his Bolsheviks well, as they sought power within revolutionary Russia."
The Russian Bolshevik Revolution (Mar-Nov 1917) | Strategy of Protest and Revolution 4.5 [13/4/2023],"Despite the topic of this video, one of my intentions in discussing Lenin’s strategy is to divorce his logic –and especially his insights on organization – from the ideology of socialism and its subset Communism."
The Russian Bolshevik Revolution (Mar-Nov 1917) | Strategy of Protest and Revolution 4.5 [13/4/2023],"It would be wrong to assume that all this can only happen on the Left: certain nativists and Islamists also yearn for a ‘consciousness awakening’ amongst the masses, while it’s been noted that Lenin’s vanguard ironically resembles religious and especially Christian organization, unsurprising given the aversion both groups have to ideological heresy."
The Russian Bolshevik Revolution (Mar-Nov 1917) | Strategy of Protest and Revolution 4.5 [13/4/2023],"It would also be wrong to assume Lenin’s strategic logic became obsolete with the fall of Soviet Communism: in fact, they might have become more relevant than ever before."
The Russian Bolshevik Revolution (Mar-Nov 1917) | Strategy of Protest and Revolution 4.5 [13/4/2023],"Behind all this talk about agitation, vanguardism and the like, is the fundamental insight that industrial-age technology allows humans to manipulate the environment – and each other – with reasonable ease and accuracy; such technology has only advanced since 1917 and is unlikely to ever be forgotten."
The Russian Bolshevik Revolution (Mar-Nov 1917) | Strategy of Protest and Revolution 4.5 [13/4/2023],"In such an environment, the public’s ability to do rational cost-benefit analysis will constantly be warped by establishment or third-party manipulation, which means that for social movements, the only pathway to success might be to manipulate back and better."
The Russian Bolshevik Revolution (Mar-Nov 1917) | Strategy of Protest and Revolution 4.5 [13/4/2023],"Needless to say, this Orwellian development will have major ramifications for modern politics and even society in general."
The Russian Bolshevik Revolution (Mar-Nov 1917) | Strategy of Protest and Revolution 4.5 [13/4/2023],"But as of 1917, all this was a distant dream, as far as Lenin was concerned."
The Russian Bolshevik Revolution (Mar-Nov 1917) | Strategy of Protest and Revolution 4.5 [13/4/2023],"For all his movement strategy, the fact remained that the Bolshevik movement still hadn’t amassed the power needed to overpower the Czarist state."
The Russian Bolshevik Revolution (Mar-Nov 1917) | Strategy of Protest and Revolution 4.5 [13/4/2023],"For now, Lenin could only focus on mundane tasks, such as finding funding for his vanguard organization: mostly idealistic donations, Stalin’s bank robberies, and – rumor has it – German gold."
The Russian Bolshevik Revolution (Mar-Nov 1917) | Strategy of Protest and Revolution 4.5 [13/4/2023],"There was nothing else to do but wait and hope for something to happen."
The Russian Bolshevik Revolution (Mar-Nov 1917) | Strategy of Protest and Revolution 4.5 [13/4/2023],"Thanks for watching the video, especially after this hiatus, and please give a like and subscribe."
The Russian Bolshevik Revolution (Mar-Nov 1917) | Strategy of Protest and Revolution 4.5 [13/4/2023],"If you have any questions, I’ll be happy to answer them in the comments section."
Mao Zedong & The Chinese Communist Revolution (1921-45),"Hi, and welcome to Strategy Stuff."
Mao Zedong & The Chinese Communist Revolution (1921-45),"This is the 5th entry in ‘The Strategy of Protest and Revolution’, where we examine how historical revolutionary and protest movements achieved success."
Mao Zedong & The Chinese Communist Revolution (1921-45),"In this series, we’ll focus on 3 key questions:"
Mao Zedong & The Chinese Communist Revolution (1921-45),"- How did activists turn public discontent into a coordinated movement?"
Mao Zedong & The Chinese Communist Revolution (1921-45)," - What did successful movements do to achieve their goals? And"
Mao Zedong & The Chinese Communist Revolution (1921-45)," - How have successful movement strategies changed over time?"
Mao Zedong & The Chinese Communist Revolution (1921-45),"In this 6-part entry, we’ll explore the revolutionary history of the Chinese Communist Party or CCP from 1921 to 45, with a particular focus on the experiences of its eventual leader, Mao Zedong."
Mao Zedong & The Chinese Communist Revolution (1921-45),"Here in Part I, we’ll first do a brief introduction to social movement strategy, before diving deeply into the CCP’s rather-complex ideology combining Chinese nationalism with Soviet Communism."
Mao Zedong & The Chinese Communist Revolution (1921-45),"Theory: ‘Ideological Mobilization’"
Mao Zedong & The Chinese Communist Revolution (1921-45),"First, let’s review what a social movement does."
Mao Zedong & The Chinese Communist Revolution (1921-45),"A ‘social movement’ seeks to harness the collective power of ordinary people to impose societal change."
Mao Zedong & The Chinese Communist Revolution (1921-45),"However, in this, it often faces resistance from an ‘establishment’ that represents existing interests, and can call on powerful institutions such as the state to defend those interests."
Mao Zedong & The Chinese Communist Revolution (1921-45),"To counter establishment power, movements must generate power of their own, which they do through 2 primary ways: First, by raising ‘Issues’ that encourage the public to participate in the movement; and Second, by setting up ‘Organizations’ that convert participation into power."
Mao Zedong & The Chinese Communist Revolution (1921-45),"With sufficient power, a movement can either overpower the establishment or force it to negotiate, leading to victory and the desired societal change."
Mao Zedong & The Chinese Communist Revolution (1921-45),"From this, we can identify 3 ‘Grand Strategies’ that serve as general templates for social movement success."
Mao Zedong & The Chinese Communist Revolution (1921-45),"First, there is the ‘Spontaneous Uprising’, which relies on Issues to generate power."
Mao Zedong & The Chinese Communist Revolution (1921-45),"Here, a movement identifies a popular Issue that drives the public to participate en masse, aiming to use sheer numbers to overpower the establishment."
Mao Zedong & The Chinese Communist Revolution (1921-45),"This approach is relatively straightforward, especially when anti-establishment sentiment is high; however, it also forces the movement to shift towards mainstream public opinion in order to succeed."
Mao Zedong & The Chinese Communist Revolution (1921-45),"This makes Spontaneous Uprisings less useful for radical movements whose Issues can generally only expect to have minority appeal, like Communism."
Mao Zedong & The Chinese Communist Revolution (1921-45),"This brings us to the Second approach: ‘Mass Agitation’, which combines both Issues and Organizations to generate power."
Mao Zedong & The Chinese Communist Revolution (1921-45),"Usually, it begins with an Issue that draws some public participation, but not enough to overpower the establishment."
Mao Zedong & The Chinese Communist Revolution (1921-45),"If this was a Spontaneous Uprising, the movement would be out of luck here, but under a Mass Agitation, the movement now aims to build Organizations to amplify the power of its existing participation beyond what is normal."
Mao Zedong & The Chinese Communist Revolution (1921-45),"For instance, under normal circumstances, the average participant will not sacrifice very much for a cause, which greatly limits the power that they can generate for the movement."
Mao Zedong & The Chinese Communist Revolution (1921-45),"But if the movement establishes Propaganda Organizations, it can manipulate these circumstances to either bring in more participants than normal, or encourage the average participant to sacrifice more than normal."
Mao Zedong & The Chinese Communist Revolution (1921-45),"Both result in the Mass Agitation, despite having fewer participants than a Spontaneous Uprising, to nevertheless generate the same amount of power required for success."
Mao Zedong & The Chinese Communist Revolution (1921-45),"Mass Agitation is an appealing approach for Communist movements, because it offers a pathway to victory without having to compromise their ideological principles for the sake of public support."
Mao Zedong & The Chinese Communist Revolution (1921-45),"The power of this approach was demonstrated by Lenin and his Communist Party during the 1917 Russian Revolutions: initially, their radical Issue was not popular even amongst their core demographic of urban workers, but rather than pivot towards the mainstream, Lenin instead formed a ‘Vanguard Party’ Organization to manipulate the political environment, first through propaganda, then more effectively, through stoking societal chaos to heighten anti-establishment sentiment."
Mao Zedong & The Chinese Communist Revolution (1921-45),"Within months, not only were workers and solders flocking to the Communists, they were also much more willing to make huge sacrifices for the sake of Communist victory."
Mao Zedong & The Chinese Communist Revolution (1921-45),"This eventually let Lenin coup the Russian establishment and establish the world’s first Communist state, cementing Mass Agitation as the default approach for Communist movements around the world."
Mao Zedong & The Chinese Communist Revolution (1921-45),"Third and finally, there is the grand strategy known as ‘Ideological Mobilization’, which relies on Organizations rather than Issues to generate power."
Mao Zedong & The Chinese Communist Revolution (1921-45),"This means that, rather than depending on participants to voluntarily sacrifice for them, Ideological Mobilizations instead construct an Organizational framework to involuntarily compel people to work for them, regardless of what said people believe."
Mao Zedong & The Chinese Communist Revolution (1921-45),"An example would be hired work for an NGO, where the employee, unlike a pure volunteer, is not free to vary their output based on their passion or even approval of the cause."
Mao Zedong & The Chinese Communist Revolution (1921-45),"Instead, an Organizational framework in the form of an employee contract compels them to produce a set amount of work, with wage incentives and penalty disincentives as enforcement mechanisms."
Mao Zedong & The Chinese Communist Revolution (1921-45),"The same dynamics can also be seen with soldiers in armies and even people under governments, where laws, payments, and legitimacies are used to compel most individuals to act productively, regardless of regime popularit"
Mao Zedong & The Chinese Communist Revolution (1921-45),"With a strong enough Organizational framework, Ideological Mobilizations can overcome almost every self-limitation that normally limits the amount of power an individual will generate for a movement, allowing for some of the most self-sacrificial, complex, long-term and therefore powerful actions that humanity is capable of."
Mao Zedong & The Chinese Communist Revolution (1921-45),"At the extreme, such movements essentially become mini-armies or mini-states, rivalling the establishment-state in their ability to utilize, mobilize and develop resources for political competition."
Mao Zedong & The Chinese Communist Revolution (1921-45),"Of course, such Organizational frameworks require enormous resources to establish and sustain, which is the main limitation that prevents most Ideological Mobilizations from reaching full potential."
Mao Zedong & The Chinese Communist Revolution (1921-45),"This is where the ‘Ideological’ part can come into play: while such movements don’t need participants to believe in the Issue, such belief can increase their willingness to voluntarily sacrifice for the cause and thereby reduce the need for Organizational compulsion."
Mao Zedong & The Chinese Communist Revolution (1921-45),"This may explain why many Ideological Mobilizations have insisted on ideological conformity, such as by promoting ‘official doctrines’ to distinguish true loyalists from closet dissenters, or by arranging demonstrations of enthusiasm that mimic the social pressures of a Spontaneous Uprising."
Mao Zedong & The Chinese Communist Revolution (1921-45),"Unlike the latter, however, loyalty in an Ideological Mobilization is rarely to the Issue, but instead to the Organization, with participants constantly shifting their beliefs as they seek to align themselves with movement policy."
Mao Zedong & The Chinese Communist Revolution (1921-45),"Looking to the future, Ideological Mobilization will likely continue growing in importance as a social movement ‘Grand Strategy’, as technological progress enhances the effectiveness of Organizational compulsion."
Mao Zedong & The Chinese Communist Revolution (1921-45),"At a dystopian extreme, Organizations may eventually gain so much control over the public that the very idea of a ‘social movement’, fueled by the organic desires of ordinary people, becomes meaningless, with every collective thought or action being a subliminal compulsion originating from what would be the ultimate Ideological Mobilization."
Mao Zedong & The Chinese Communist Revolution (1921-45),"Way back in this series’ first video, I named the Chinese Communist Revolution as the prime example of Ideological Mobilization."
Mao Zedong & The Chinese Communist Revolution (1921-45),"But this label comes with a big caveat: the Chinese Communist Party did not intend to do things this way."
Mao Zedong & The Chinese Communist Revolution (1921-45),"Rather, like most Communist movements of its time, it initially embraced Mass Agitation, and arguably only fully adopted Ideological Mobilization in the 1940s, over two decades after it began revolutionary activity."
Mao Zedong & The Chinese Communist Revolution (1921-45),"The transition was far from smooth."
Mao Zedong & The Chinese Communist Revolution (1921-45),"Marked by repeated bouts of factional strife, policy chaos, external pressures, and complete collapse, the CCP painfully learnt to depend less on mass Issue enthusiasm and more on Organizational control, becoming almost the inverse of what it set out to be."
Mao Zedong & The Chinese Communist Revolution (1921-45),"In the process, the Party developed from being essentially a political club into a warlord coalition and finally a fully-fledged state, exercising a level of political control far ahead of anyone else in China at the time."
Mao Zedong & The Chinese Communist Revolution (1921-45),"It was this institutional edge that fueled the ultimate Communist triumph during the revolutionary Civil War of 1946 to 49, the details of which are beyond the scope of this video."
Mao Zedong & The Chinese Communist Revolution (1921-45),"This transformation wasn’t preordained, and for a long time, it wasn’t even wanted."
Mao Zedong & The Chinese Communist Revolution (1921-45),"Much of it can be attributed to the unique insight of eventual leader Mao Zedong, with the rest being the outcome of a brutal Darwinian process of adapt-or-die."
Mao Zedong & The Chinese Communist Revolution (1921-45),"Throughout this grueling process, the Party found itself battling not just external enemies, but all too often, internal dissent as well: such anarchy reflects not only the turmoil of early 20th Century China, but also the ambiguities that lay at the heart of early Chinese Communism."
Mao Zedong & The Chinese Communist Revolution (1921-45),"These will be the subject of the following 3 chapters."
Mao Zedong & The Chinese Communist Revolution (1921-45),"Issue A: Chinese Nationalism"
Mao Zedong & The Chinese Communist Revolution (1921-45),"One of the characteristics of ideology in the so-called ‘Third World’ is that it is almost inherently multidimensional."
Mao Zedong & The Chinese Communist Revolution (1921-45),"On the one hand, there is the familiar left-right political spectrum; but there also exists another spectrum of policies, often lumped together under the term ‘nationalism’."
Mao Zedong & The Chinese Communist Revolution (1921-45),"This rather crude label encompasses a whole slew of ideas aimed at answering a question that is unique to underdeveloped societies: how should they restructure – politically, culturally, or otherwise – to quote-unquote ‘catch up’ to the developed world?"
Mao Zedong & The Chinese Communist Revolution (1921-45),"For many Third World movements, what this video will call the ‘Nationalist Question’ eclipses left-right politics in significance, not just because of the urgent need for self-defense, but also out of a desire to reclaim the self-respect many indigenous peoples felt they had lost due to quote-unquote ‘falling behind’."
Mao Zedong & The Chinese Communist Revolution (1921-45),"Early 20th Century China was no exception, with most of its social movements focused on ‘catching up’ to the industrial West and ending the quote-unquote ‘humiliation’ it suffered throughout the 19th Century."
Mao Zedong & The Chinese Communist Revolution (1921-45),"If we go by this series’ definition of a social movement Issue, which is: a societal problem paired up with a proposed solution, then this Chinese ‘Nationalist Question’ was the core problem every movement had to have a solution for."
Mao Zedong & The Chinese Communist Revolution (1921-45),"Let’s examine the ‘Chinese Nationalist Question’ in more detail."
Mao Zedong & The Chinese Communist Revolution (1921-45),"Starting in the late 19th Century, the imperial Chinese state began to spiral into administrative decay, as local elites finally re-accumulated enough power to block the central government from fully accessing local resources."
Mao Zedong & The Chinese Communist Revolution (1921-45),"This weakened the central government’s ability to manage society adequately, resulting in rampant internal and external crises that encouraged local elites to further hoard resources and even start governing themselves."
Mao Zedong & The Chinese Communist Revolution (1921-45),"By the early 20th Century, most of Southern and Eastern China had become de facto independent, with elites at every level acting autonomously without regard for any higher authority."
Mao Zedong & The Chinese Communist Revolution (1921-45),"By itself, this was a standard tale of feudal collapse, common in both Chinese and global history."
Mao Zedong & The Chinese Communist Revolution (1921-45),"But this cycle would be overshadowed by the unprecedented intrusion of Western imperialism, whose industrial scale and reach reversed China’s historical tendency to assimilate its conquerors."
Mao Zedong & The Chinese Communist Revolution (1921-45),"Instead, China was now forced to conform to Western patterns, greatly disrupting all aspects of traditional life and sparking fears of permanent marginalization."
Mao Zedong & The Chinese Communist Revolution (1921-45),"Leaders and intellectuals of course worried about defeat and colonization, but peasants also resented the economic changes brought by Western technology and globalization."
Mao Zedong & The Chinese Communist Revolution (1921-45),"Even the Westernized urban merchant and industrial classes saw value in resisting further imperialism, if only out of a desire to exclude foreign competitors."
Mao Zedong & The Chinese Communist Revolution (1921-45),"Taken together, this meant that a broad and influential segment of Chinese society saw resolving their ‘Nationalist Question’ as a high priority, forming a potent base for any movement who promised to address this concern."
Mao Zedong & The Chinese Communist Revolution (1921-45),"Spurred by this incentive, many movements arose proposing solutions to the ‘Chinese Nationalist Question’, with a few even gaining significant power."
Mao Zedong & The Chinese Communist Revolution (1921-45),"But all of them would eventually fall afoul of two key obstacles."
Mao Zedong & The Chinese Communist Revolution (1921-45),"The first was objective reality."
Mao Zedong & The Chinese Communist Revolution (1921-45),"As the previous historical narrative showed, China’s weakness was less the result of bad policy as it was an unprecedented challenge of world-historical proportions, which the country’s feudal system was ill-equipped to solve."
Mao Zedong & The Chinese Communist Revolution (1921-45),"As such, the ‘Nationalist Question’ was hardly going to be addressed through superficial tweaks to traditional politics, but that was exactly what many movements tried to do."
Mao Zedong & The Chinese Communist Revolution (1921-45),"One of the earlier attempts, for example, sought merely to redirect central government funds towards a modernization program: and while this solution scored some successes, it ignored the continued drain of power towards local elites, which ultimately left the government too resource-starved to avoid defeat to Japan in the 1st Sino-Japanese War."
Mao Zedong & The Chinese Communist Revolution (1921-45),"Another similarly-superficial solution was proposed by the liberal-nationalist Sun Yat-Sen, whose movement overthrew the imperial state in favor of a parliamentary ‘Republic of China’."
Mao Zedong & The Chinese Communist Revolution (1921-45),"Sun expected that this new system would now have the representative legitimacy to mobilize China for development; but again, without addressing the problem of increasing local autonomy, regime change only let local elites advance their own power, which quickly plunged the newborn Republic into an extensive anarchy known as the ‘Warlord Era’."
Mao Zedong & The Chinese Communist Revolution (1921-45),"The failures of these superficial solutions paved the way for more radical proposals."
Mao Zedong & The Chinese Communist Revolution (1921-45),"A key influence in this regard would be the May Fourth Movement, which blamed China’s weakness on its feudalistic elite, and demanded the dismantling of the traditional political, economic and cultural systems that propped it up."
Mao Zedong & The Chinese Communist Revolution (1921-45),"As the May Fourth activists saw it, a more egalitarian society would unleash the potential of China’s masses and allow them to contribute meaningfully to societal modernization."
Mao Zedong & The Chinese Communist Revolution (1921-45),"While the May Fourth activists correctly saw the need for fundamental social reform, their attempts to implement it ran straight into the second obstacle within the ‘Chinese Nationalist Question’."
Mao Zedong & The Chinese Communist Revolution (1921-45),"Predictably, the existing feudalistic elites rejected any blame for the state of the country, emphasizing their role in preserving Chinese society as well as Chinese civilization."
Mao Zedong & The Chinese Communist Revolution (1921-45),"Still, with rural landlords – the most common subclass of elite – accounting for 5% of China’s population at best, it shouldn’t have been too difficult to form a mass movement capable of overpowering them."
Mao Zedong & The Chinese Communist Revolution (1921-45),"That was what Sun Yat-Sen, by now a minor warlord himself, tried to do."
Mao Zedong & The Chinese Communist Revolution (1921-45),"Forming a new movement in the Chinese Nationalist Party – better known as the Kuomintang or KMT – Sun integrated May Fourth egalitarianism into his new solution to the ‘Chinese Nationalist Question’, with one of his core proposals being the promotion of peasant rights through restricting landlord power."
Mao Zedong & The Chinese Communist Revolution (1921-45),"In doing so, Sun aimed to swing the 90% of Chinese who were peasants at the time behind the KMT, thereby securing an ironclad mandate to lead the country."
Mao Zedong & The Chinese Communist Revolution (1921-45),"That was the plan, anyway: in reality, the KMT’s authority barely extended beyond the southern Chinese metropolis of Guangzhou."
Mao Zedong & The Chinese Communist Revolution (1921-45),"Why didn’t Sun’s egalitarian Issue translate into greater power? The reason lay in the organizational realities of Chinese politics, where centuries of elite consolidation, accelerated by the recent collapse of central authority, had given rural landlords a complete monopoly over local political power."
Mao Zedong & The Chinese Communist Revolution (1921-45),"Not only did they collectively control all the political institutions that disincentivized disobedience – like formal government rule, informal clan leadership, and physical militia violence – they also controlled all the socioeconomic resources that incentivized obedience – like access to farmland, debt capital, and traditional legitimacy."
Mao Zedong & The Chinese Communist Revolution (1921-45),"This meant that – just like in an Ideologically-Mobilized movement – rural landlords had an incentive framework in place to compel the peasants to follow their political lead, no matter what the latter actually believed."
Mao Zedong & The Chinese Communist Revolution (1921-45),"And the landlords did not want Sun Yat-Sen restricting their power."
Mao Zedong & The Chinese Communist Revolution (1921-45),"Combined, the two obstacles within the ‘Chinese Nationalist Question’ – both the need for comprehensive social reform, and the sheer political impossibility of actually achieving it – made the Question almost unsolvable: politically viable solutions were objectively ineffective, while objectively effective solutions were politically unviable."
Mao Zedong & The Chinese Communist Revolution (1921-45),"Faced with this dilemma, most Chinese activists – most of whom were elites themselves – could only hope that the country would somehow muddle its way out of this Third World trap, with some even hopefully suggesting that the country’s anarchy might eventually evolve into the liberal federalism of the United States!"
Mao Zedong & The Chinese Communist Revolution (1921-45),"But for a select few, the answer to the ‘Chinese Nationalist Question’ would come from a newer ideology and a newer state: the Leninist Communism of what would become the Soviet Union."
Mao Zedong & The Chinese Communist Revolution (1921-45),"Issue B: Soviet Communism"
Mao Zedong & The Chinese Communist Revolution (1921-45),"In 1920, the soon-to-be Soviet Union, led by Lenin, was also facing a major problem, albeit one that was strategic in nature."
Mao Zedong & The Chinese Communist Revolution (1921-45),"Literally besieged on all sides by hostile Western powers – most notably chief boogeymen Britain and Japan – the Soviets urgently searched for allies to relieve its pressure."
Mao Zedong & The Chinese Communist Revolution (1921-45),"Initially, great hope had been placed on the leftist uprisings in Central and Eastern Europe, but after those fizzled out, Lenin was forced to look further afield."
Mao Zedong & The Chinese Communist Revolution (1921-45),"That led him to Asia, and naturally, to China."
Mao Zedong & The Chinese Communist Revolution (1921-45),"While China lacked military strength and even full sovereignty, an alliance with it offered clear benefits to the Soviets."
Mao Zedong & The Chinese Communist Revolution (1921-45),"For starters, if Britain and Japan were to lose access to China’s lucrative market, their ability to threaten the Soviets would be much reduced."
Mao Zedong & The Chinese Communist Revolution (1921-45),"Moreover, access to Chinese territory would greatly strengthen the defensibility of the vulnerable Soviet Far East."
Mao Zedong & The Chinese Communist Revolution (1921-45),"As such, Lenin eagerly began diplomatic overtures with the key Chinese warlords, particularly with the revolutionary movement of… Sun Yat-Sen’s KMT."
Mao Zedong & The Chinese Communist Revolution (1921-45),"But this outreach posed an ideological dilemma, one that doubtlessly irritated the ideologically-purist Lenin: while Sun Yat-Sen did champion egalitarianism, neither he nor the KMT identified as Communists or even Marxists, so how could the Soviets, as leaders of global Communist revolution, partner with them?"
Mao Zedong & The Chinese Communist Revolution (1921-45),"Lenin answered this by returning to his pre-Russian Revolution thought, specifically the idea of the ‘worker-peasant alliance’."
Mao Zedong & The Chinese Communist Revolution (1921-45),"This concept had been used to justify fighting for Communism in Tsarist Russia, where only 2% of the population were in the ideological demographic of proletarian factory workers; China was even less favorable, with only 0."
Mao Zedong & The Chinese Communist Revolution (1921-45),"5% of its population being proletariat."
Mao Zedong & The Chinese Communist Revolution (1921-45),"While Lenin admitted that Communism could not immediately take root within such underdeveloped societies, he nevertheless argued that there was still a role for Communists to play in these places, namely by promoting the socio-economic-political conditions that would lead to the eventual proletarian triumph."
Mao Zedong & The Chinese Communist Revolution (1921-45),"Lenin’s thinking was derived from Marx’s assertion that socioeconomic development is the driver of political and ideological change."
Mao Zedong & The Chinese Communist Revolution (1921-45),"In extremely simplified terms, as society advances from primitive agriculture to mercantile capitalism and finally mass industrialization, its politico-ideological systems will also transition from feudal warlordism to bourgeois liberal-nationalism and finally proletarian Communism."
Mao Zedong & The Chinese Communist Revolution (1921-45),"And as usual, rather than waiting for this process to evolve naturally, Lenin believed that Communists could and should artificially hasten it, which in an agrarian society like China meant tearing down the institutions of feudal warlordism and replacing them with a liberal-nationalist regime that would push the economy towards capitalism."
Mao Zedong & The Chinese Communist Revolution (1921-45),"Chief amongst the feudal institutions to be destroyed was the traditional rural system headed by the landlords; and in the fight against them, the Communists’ natural allies would not only be the liberal-nationalists, but also the peasants who were the actual victims of landlord abuse."
Mao Zedong & The Chinese Communist Revolution (1921-45),"Lenin condensed all this into a strategic template for Communist revolution in China and other similarly-underdeveloped societies."
Mao Zedong & The Chinese Communist Revolution (1921-45),"First, the Communists would ally with the liberal-nationalists – represented in 1920s China by the KMT – by promoting a joint Issue based around their shared values of anti-feudalism, anti-warlordism, and anti-imperialism."
Mao Zedong & The Chinese Communist Revolution (1921-45),"Then, this ‘United Front’ or UF would use Leninist Mass Agitation to rally their followers – namely the urban workers and bourgeoisie – to capture the cities and establish their first foothold on power."
Mao Zedong & The Chinese Communist Revolution (1921-45),"Finally, the UF would mobilize urban resources to extend the revolution into the countryside, implementing comprehensive social reform and freeing the peasants from the organizational grip of the landlords."
Mao Zedong & The Chinese Communist Revolution (1921-45),"The end-result of all this would not only see China ruled by a liberal-nationalist regime ready to push society into capitalism, industrialization and inevitably Communism, but it would also see Communists obtain key positions and influence within said regime, which they could eventually use to oust or convert their former allies and thereby achieve the final victory."
Mao Zedong & The Chinese Communist Revolution (1921-45),"Lenin’s revolutionary template, with its proposals for a ‘worker-peasant alliance’ and a ‘United Front’ between Communism and liberal-nationalism, was an ingeniously potent solution to the ‘Nationalist Questions’ faced by China and others across the Third World."
Mao Zedong & The Chinese Communist Revolution (1921-45),"Not only did it provide a practical roadmap for bringing society out from feudalism and into industrial modernity, its apparent success in the Soviet Union also reinforced its credibility."
Mao Zedong & The Chinese Communist Revolution (1921-45),"At the same time, Lenin’s ability to interpret Communism freely and authoritatively was also a latent concern for these Third World movements."
Mao Zedong & The Chinese Communist Revolution (1921-45),"Remember that Lenin’s original purpose in formulating the Communist revolutionary template was not to perfect the ideology, but instead to justify an alliance with the KMT that appeared to put Soviet interests before the global Communist cause."
Mao Zedong & The Chinese Communist Revolution (1921-45),"But if Communism could be so re-interpreted to always align with the Soviet interest, then could any Third World Communist movement truly maintain its nationalist integrity? What would happen if the Soviets interpreted Communism in a way that undermined national interests?"
Mao Zedong & The Chinese Communist Revolution (1921-45),"Issue A+B: Chinese Nationalism & Soviet Communism"
Mao Zedong & The Chinese Communist Revolution (1921-45),"Finally, we turn to the actual Chinese Communist Party, founded in mid-1921 in Shanghai, China’s largest metropolis."
Mao Zedong & The Chinese Communist Revolution (1921-45),"And while a representative from the Soviet-dominated Communist International or Comintern did oversee its creation, it would be wrong to claim that the Party was simply a product of Soviet strategy that represented no-one in China."
Mao Zedong & The Chinese Communist Revolution (1921-45),"Rather, like the KMT and many other movements before it, the CCP emerged as yet another response to the ‘Chinese Nationalist Question’ of becoming a modern society."
Mao Zedong & The Chinese Communist Revolution (1921-45),"This can be seen in the inspiration behind the CCP’s creation, which was not actually the 1917 Russian Revolution, but instead the Soviet Union’s success in repelling the subsequent Western intervention."
Mao Zedong & The Chinese Communist Revolution (1921-45),"In particular, the withdrawal of British and Japanese forces from Soviet territory was a great encouragement to the Chinese Communists, who also viewed these countries as their chief imperialist boogeymen."
Mao Zedong & The Chinese Communist Revolution (1921-45),"So it was only natural to copy what the Soviets were doing, and from this arose what this video will term the CCP’s ‘Dual Issue’, which it would maintain throughout the revolutionary period."
Mao Zedong & The Chinese Communist Revolution (1921-45),"The concept was superficially simple: the ‘Chinese Nationalist Question’ would only be solved through adopting Soviet Communism."
Mao Zedong & The Chinese Communist Revolution (1921-45),"Despite its appeal, this Issue was neither immediately nor uncritically adopted by the CCP, with a few members briefly exploring German socialism as a less-authoritarian alternative."
Mao Zedong & The Chinese Communist Revolution (1921-45),"And even after choosing Soviet Communism, the CCP initially refused to follow Lenin’s revolutionary template, instead opposing all non-proletarians in China from the rural landlords to the KMT and the Western imperial powers: in fact, the first year of the CCP was spent arguing with the Comintern over this point, until the Soviets finally lost patience, reminded the Party of its ideological leadership, and just ordered the Communists to fall in line!"
Mao Zedong & The Chinese Communist Revolution (1921-45),"This early friction was a harbinger of a deeper conflict that we’ve already hinted at: should Soviet Communism ever be re-interpreted in a way that clashed with Chinese nationalism, which ideology would the Party choose? This was hardly a theoretical question: after all, Imperial Russia had been a major exploiter of China, the fruits of which were still held by the Soviets in Outer Manchuria, Outer Mongolia, Xinjiang and more."
Mao Zedong & The Chinese Communist Revolution (1921-45),"But even more important was the fundamental clash between the CCP’s self-understanding as the one true hope for China, and Soviet strategic priorities which often pushed the Party to support the established KMT instead, as seen in Lenin’s revolutionary template."
Mao Zedong & The Chinese Communist Revolution (1921-45),"The conflict would be greatly aggravated by the Soviets’ frequent re-interpreting of Communism as a way of demanding sacrifices from the CCP, leading to a growing sense amongst Party leaders that, for all the talk about proletarian brotherhood, the Soviets did not actually want them to succeed, perhaps rightly fearing that a Communist China would eventually become a geopolitical rival to themselves."
Mao Zedong & The Chinese Communist Revolution (1921-45),"This was the danger that over-reliance on Soviet Communism posed to the CCP; at the same time, over-reliance on Chinese nationalism also came with its own challenges."
Mao Zedong & The Chinese Communist Revolution (1921-45),"For while the CCP saw Soviet Communism as the solution to the ‘Chinese Nationalist Question’, the vast majority of Chinese nationalists – who were mostly local elites and landlords – did not see things that way."
Mao Zedong & The Chinese Communist Revolution (1921-45),"And while most would become implacable foes of Communism, a few, especially in areas where the CCP had monopolized power, were willing to join the Party as China’s best hope for the moment."
Mao Zedong & The Chinese Communist Revolution (1921-45),"It was unrealistic to expect the CCP to reject these landlord activists, whose resources could greatly relieve what was oftentimes a desperately-poor movement; but as a result, the CCP often became Communist in name only, with many of its members not even knowing what Communism was!"
Mao Zedong & The Chinese Communist Revolution (1921-45),"Thanks to this lack of ideological connection, many of these landlord cadres, even as they worked under the CCP, simply continued to implement their preferred solutions to the ‘Chinese Nationalist Question’, which, given their class interest, typically meant superficial changes in governance that did not reform away their own power or privilege."
Mao Zedong & The Chinese Communist Revolution (1921-45),"And while the CCP would repeatedly condemn such thinking, the numerical and especially organizational dominance of these landlord cadres meant that they could often just ignore what Party leadership wanted."
Mao Zedong & The Chinese Communist Revolution (1921-45),"Indeed, occasionally a few cadres would even try to re-interpret Chinese nationalism in an attempt to seize ideological control of the Party: for example, by demanding an end to Communist social reform, on the grounds that it would cause chaos in China!"
Mao Zedong & The Chinese Communist Revolution (1921-45),"From the above examples, we can start to see how the CCP’s seemingly-straightforward plan for China to adopt Soviet Communism could quickly devolve into a crippling ideological tug-of-war that would consume it for over 2 decades."
Mao Zedong & The Chinese Communist Revolution (1921-45),"The problem was not merely that Soviet Communism and Chinese nationalism could clash, but equally importantly, that both ideologies could be manipulated in ways that compelled the Chinese Communists to act against their own interests."
Mao Zedong & The Chinese Communist Revolution (1921-45),"By reinterpreting Communism, the Soviets could force the Party to sacrifice itself for their benefit; by reinterpreting Chinese nationalism, landlord cadres could prevent the Party from ever implementing social change."
Mao Zedong & The Chinese Communist Revolution (1921-45),"Neither outcome would leave the CCP in any condition to contest the leadership of China, especially against the KMT, whose liberal-turned-conservative nationalism, while increasingly ineffective over time, was a natural establishment fit for the Chinese elite."
Mao Zedong & The Chinese Communist Revolution (1921-45),"To avoid succumbing to ideological control, the CCP needed to exercise ideological control itself, creating its own ‘official interpretations’ of Communism and Chinese nationalism and imposing them on Party cadres."
Mao Zedong & The Chinese Communist Revolution (1921-45),"But if the solution was that easy, the Party would not have spent 2 decades trying to solve it."
Mao Zedong & The Chinese Communist Revolution (1921-45),"The key obstacle here would be the early CCP’s organizational weakness, which left the Party utterly dependent on – and vulnerable to – the organized power of both the Soviets and the local elites."
Mao Zedong & The Chinese Communist Revolution (1921-45),"Further compounding this was the extreme inexperience of its young, naively intellectual activists, who despite demonstrating competence in practical work, often failed to resist or even recognize ideological manipulation."
Mao Zedong & The Chinese Communist Revolution (1921-45),"This led to multiple instances of shocking political naivete, leading to the complete destruction of everything they had built up."
Mao Zedong & The Chinese Communist Revolution (1921-45),"It is with this context in mind that Mao Zedong emerges as a transformative figure within CCP, Chinese and social movement history."
Mao Zedong & The Chinese Communist Revolution (1921-45),"But while his superior understanding of the organizational and especially ideological dimensions of revolution was critical to the Party’s ultimate triumph, Mao’s insight was neither fully developed from the start, nor could he have achieved success without the prior work done by supporters and opponents alike."
Mao Zedong & The Chinese Communist Revolution (1921-45),"Both were the results of a bloody yet extraordinary revolutionary saga, one that would unfold across some of the darkest chapters of modern East Asian history."
Mao Zedong & The Chinese Communist Revolution (1921-45),"Thanks for watching the video, and please like, subscribe and hit the bell button! If you have any questions, I’ll be happy to answer them in the comments section."
Mao Zedong & The Chinese Communist Revolution (1921-45),"This is Part I of a 6-Part series; Part II will cover the CCP’s first few years as a revolutionary movement, culminating in the 1st United Front."

